geoid,county,total_pixels,crop,frequency,percentage
19053,Decatur,1618200,Corn,163812,10.123099740452354
19053,Decatur,1618200,Sorghum,9,5.561735261401557e-4
19053,Decatur,1618200,Soybeans,141359,8.735570386849586
19053,Decatur,1618200,Sunflower,2,1.235941169200346e-4
19053,Decatur,1618200,Sweet Corn,9,5.561735261401557e-4
19053,Decatur,1618200,Barley,3,1.853911753800519e-4
19053,Decatur,1618200,Spring Wheat,30,0.0018539117538005192
19053,Decatur,1618200,Winter Wheat,1193,0.07372389074280064
19053,Decatur,1618200,Dbl Crop WinWht/Soybeans,7,4.325794092201211e-4
19053,Decatur,1618200,Rye,50,0.0030898529230008655
19053,Decatur,1618200,Oats,1826,0.11284142874799158
19053,Decatur,1618200,Millet,7,4.325794092201211e-4
19053,Decatur,1618200,Alfalfa,13312,0.8226424422197504
19053,Decatur,1618200,Other Hay/Non Alfalfa,16145,0.9977135088369794
19053,Decatur,1618200,Potatoes,28,0.0017303176368804844
19053,Decatur,1618200,Other Crops,5,3.089852923000865e-4
19053,Decatur,1618200,Clover/Wildflowers,71,0.004387591150661228
19053,Decatur,1618200,Sod/Grass Seed,8,4.943764676801384e-4
19053,Decatur,1618200,Switchgrass,8,4.943764676801384e-4
19053,Decatur,1618200,Christmas Trees,1,6.17970584600173e-5
19053,Decatur,1618200,Open Water,12162,0.7515758249907304
19053,Decatur,1618200,Developed/Open Space,26490,1.6370040786058586
19053,Decatur,1618200,Developed/Low Intensity,38300,2.3668273390186627
19053,Decatur,1618200,Developed/Med Intensity,4477,0.2766654307254975
19053,Decatur,1618200,Developed/High Intensity,618,0.0381905821282907
19053,Decatur,1618200,Barren,471,0.029106414534668147
19053,Decatur,1618200,Deciduous Forest,325522,20.116302064021752
19053,Decatur,1618200,Evergreen Forest,4349,0.2687554072426152
19053,Decatur,1618200,Mixed Forest,19787,1.2227783957483624
19053,Decatur,1618200,Shrubland,309,0.01909529106414535
19053,Decatur,1618200,Grassland/Pasture,755234,46.67123964899271
19053,Decatur,1618200,Woody Wetlands,10778,0.6660486960820664
19053,Decatur,1618200,Herbaceous Wetlands,1382,0.08540353479174392
19053,Decatur,1618200,Dbl Crop WinWht/Sorghum,1,6.17970584600173e-5
19031,Cedar,1833267,Corn,689785,37.62599774064552
19031,Cedar,1833267,Soybeans,515645,28.127108599020218
19031,Cedar,1833267,Sweet Corn,6,3.272845690234974e-4
19031,Cedar,1833267,Winter Wheat,85,0.004636531394499546
19031,Cedar,1833267,Rye,19,0.001036401135241075
19031,Cedar,1833267,Oats,1038,0.056620230441065046
19031,Cedar,1833267,Alfalfa,13143,0.716916848445971
19031,Cedar,1833267,Other Hay/Non Alfalfa,1116,0.06087492983837051
19031,Cedar,1833267,Other Crops,2,1.090948563411658e-4
19031,Cedar,1833267,Clover/Wildflowers,5,2.727371408529145e-4
19031,Cedar,1833267,Sod/Grass Seed,37,0.002018254842311567
19031,Cedar,1833267,Switchgrass,5,2.727371408529145e-4
19031,Cedar,1833267,Open Water,9764,0.5326010886575715
19031,Cedar,1833267,Developed/Open Space,40221,2.1939521084490146
19031,Cedar,1833267,Developed/Low Intensity,37991,2.072311343628615
19031,Cedar,1833267,Developed/Med Intensity,15149,0.8263389893561602
19031,Cedar,1833267,Developed/High Intensity,2549,0.13904139440681582
19031,Cedar,1833267,Barren,1001,0.05460197559875349
19031,Cedar,1833267,Deciduous Forest,101946,5.560892112278244
19031,Cedar,1833267,Evergreen Forest,120,0.006545691380469947
19031,Cedar,1833267,Mixed Forest,9234,0.5036909517271625
19031,Cedar,1833267,Shrubland,28,0.0015273279887763212
19031,Cedar,1833267,Grassland/Pasture,213356,11.638021084762885
19031,Cedar,1833267,Woody Wetlands,21220,1.157496425779769
19031,Cedar,1833267,Herbaceous Wetlands,3889,0.21213494815539688
19031,Cedar,1833267,Pumpkins,1,5.45474281705829e-5
19027,Carroll,1673010,Corn,778849,46.55375640312969
19027,Carroll,1673010,Sorghum,54,0.003227715315509172
19027,Carroll,1673010,Soybeans,560373,33.49489841662632
19027,Carroll,1673010,Sweet Corn,51,0.0030483977979808845
19027,Carroll,1673010,Pop or Orn Corn,2856,0.17071027668692956
19027,Carroll,1673010,Barley,72,0.004303620420678896
19027,Carroll,1673010,Winter Wheat,149,0.008906103370571603
19027,Carroll,1673010,Rye,102,0.006096795595961769
19027,Carroll,1673010,Oats,1064,0.06359794621669924
19027,Carroll,1673010,Alfalfa,11146,0.6662243501234302
19027,Carroll,1673010,Other Hay/Non Alfalfa,1859,0.11111708836169537
19027,Carroll,1673010,Dry Beans,4,2.3909002337104977e-4
19027,Carroll,1673010,Other Crops,1,5.977250584276244e-5
19027,Carroll,1673010,Clover/Wildflowers,6,3.5863503505657467e-4
19027,Carroll,1673010,Sod/Grass Seed,37,0.0022115827161822105
19027,Carroll,1673010,Open Water,3990,0.23849229831262217
19027,Carroll,1673010,Developed/Open Space,48836,2.919050095337147
19027,Carroll,1673010,Developed/Low Intensity,31391,1.876318730910156
19027,Carroll,1673010,Developed/Med Intensity,17680,1.05677790330004
19027,Carroll,1673010,Developed/High Intensity,4787,0.2861309854693038
19027,Carroll,1673010,Barren,1747,0.10442256770730599
19027,Carroll,1673010,Deciduous Forest,16942,1.0126657939880812
19027,Carroll,1673010,Evergreen Forest,97,0.005797933066747957
19027,Carroll,1673010,Mixed Forest,329,0.019665154422268846
19027,Carroll,1673010,Shrubland,42,0.002510445245396023
19027,Carroll,1673010,Grassland/Pasture,150134,8.973885392197298
19027,Carroll,1673010,Woody Wetlands,5685,0.3398066957161045
19027,Carroll,1673010,Herbaceous Wetlands,5338,0.31906563618866596
19027,Carroll,1673010,Dbl Crop WinWht/Sorghum,14,8.368150817986743e-4
19151,Pocahontas,1701648,Corn,798191,46.90693962558649
19151,Pocahontas,1701648,Soybeans,655989,38.550217201207296
19151,Pocahontas,1701648,Pop or Orn Corn,84,0.004936391075004936
19151,Pocahontas,1701648,Rye,15,8.814984062508814e-4
19151,Pocahontas,1701648,Oats,3006,0.17665228061267665
19151,Pocahontas,1701648,Alfalfa,4068,0.2390623677752391
19151,Pocahontas,1701648,Other Hay/Non Alfalfa,591,0.03473103720628473
19151,Pocahontas,1701648,Dry Beans,797,0.04683694865213017
19151,Pocahontas,1701648,Other Crops,6,3.525993625003526e-4
19151,Pocahontas,1701648,Peas,9,5.288990437505289e-4
19151,Pocahontas,1701648,Clover/Wildflowers,11,6.464321645839798e-4
19151,Pocahontas,1701648,Sod/Grass Seed,2,1.1753312083345087e-4
19151,Pocahontas,1701648,Fallow/Idle Cropland,4,2.3506624166690174e-4
19151,Pocahontas,1701648,Open Water,4239,0.2491114496064991
19151,Pocahontas,1701648,Developed/Open Space,23895,1.4042269611576543
19151,Pocahontas,1701648,Developed/Low Intensity,43740,2.5704493526275707
19151,Pocahontas,1701648,Developed/Med Intensity,13626,0.8007531522383007
19151,Pocahontas,1701648,Developed/High Intensity,1885,0.11077496638552745
19151,Pocahontas,1701648,Barren,3424,0.2012167028668679
19151,Pocahontas,1701648,Deciduous Forest,3941,0.23159901460231494
19151,Pocahontas,1701648,Evergreen Forest,8,4.701324833338035e-4
19151,Pocahontas,1701648,Mixed Forest,588,0.03455473752503455
19151,Pocahontas,1701648,Shrubland,53,0.003114627702086448
19151,Pocahontas,1701648,Grassland/Pasture,84006,4.936743674367436
19151,Pocahontas,1701648,Woody Wetlands,8994,0.5285464443880286
19151,Pocahontas,1701648,Herbaceous Wetlands,16673,0.9798148618280631
19109,Kossuth,2920512,Corn,1325786,45.39567034821292
19109,Kossuth,2920512,Sorghum,1,3.424057151622729e-5
19109,Kossuth,2920512,Soybeans,1010905,34.61396494861175
19109,Kossuth,2920512,Sweet Corn,1098,0.03759614752481757
19109,Kossuth,2920512,Barley,7,2.3968400061359104e-4
19109,Kossuth,2920512,Winter Wheat,174,0.005957859443823549
19109,Kossuth,2920512,Rye,136,0.004656717726206912
19109,Kossuth,2920512,Oats,12438,0.4258842285188351
19109,Kossuth,2920512,Millet,4,1.3696228606490917e-4
19109,Kossuth,2920512,Alfalfa,10835,0.3709965923783227
19109,Kossuth,2920512,Other Hay/Non Alfalfa,3472,0.11888326430434117
19109,Kossuth,2920512,Other Crops,78,0.0026707645782657287
19109,Kossuth,2920512,Peas,706,0.024173843490456468
19109,Kossuth,2920512,Clover/Wildflowers,2,6.848114303245458e-5
19109,Kossuth,2920512,Sod/Grass Seed,7,2.3968400061359104e-4
19109,Kossuth,2920512,Switchgrass,4,1.3696228606490917e-4
19109,Kossuth,2920512,Open Water,6398,0.2190711765608222
19109,Kossuth,2920512,Developed/Open Space,82793,2.8348796375430063
19109,Kossuth,2920512,Developed/Low Intensity,34713,1.188592959042798
19109,Kossuth,2920512,Developed/Med Intensity,17192,0.5886639055069796
19109,Kossuth,2920512,Developed/High Intensity,3363,0.11515104200907238
19109,Kossuth,2920512,Barren,3227,0.11049432428286547
19109,Kossuth,2920512,Deciduous Forest,12034,0.41205103762627926
19109,Kossuth,2920512,Evergreen Forest,18,6.163302872920913e-4
19109,Kossuth,2920512,Mixed Forest,712,0.024379286919553832
19109,Kossuth,2920512,Shrubland,98,0.0033555760085902746
19109,Kossuth,2920512,Grassland/Pasture,212589,7.279168858063244
19109,Kossuth,2920512,Woody Wetlands,26730,0.9152504766287555
19109,Kossuth,2920512,Herbaceous Wetlands,41575,1.4235517607871495
19109,Kossuth,2920512,Dbl Crop Soybeans/Oats,264,0.009039510880284004
19085,Harrison,2372656,Corn,775878,32.70082135800554
19085,Harrison,2372656,Sorghum,16,6.743497582456117e-4
19085,Harrison,2372656,Soybeans,601169,25.33738561342226
19085,Harrison,2372656,Pop or Orn Corn,1053,0.04438064346453932
19085,Harrison,2372656,Winter Wheat,861,0.036288446365591975
19085,Harrison,2372656,Rye,22,9.272309175877161e-4
19085,Harrison,2372656,Oats,386,0.016268687917675384
19085,Harrison,2372656,Alfalfa,11605,0.4891143090275202
19085,Harrison,2372656,Other Hay/Non Alfalfa,1054,0.04442279032442967
19085,Harrison,2372656,Dry Beans,11,4.6361545879385806e-4
19085,Harrison,2372656,Other Crops,8,3.3717487912280584e-4
19085,Harrison,2372656,Fallow/Idle Cropland,27,0.0011379652170394696
19085,Harrison,2372656,Open Water,21275,0.8966744441672118
19085,Harrison,2372656,Developed/Open Space,49091,2.0690314988772074
19085,Harrison,2372656,Developed/Low Intensity,37800,1.5931513038552576
19085,Harrison,2372656,Developed/Med Intensity,13844,0.5834811283220155
19085,Harrison,2372656,Developed/High Intensity,2617,0.11029833233304785
19085,Harrison,2372656,Barren,3531,0.14882056227282844
19085,Harrison,2372656,Deciduous Forest,192814,8.126504642898086
19085,Harrison,2372656,Evergreen Forest,5639,0.23766614292168778
19085,Harrison,2372656,Mixed Forest,871,0.03670991496449549
19085,Harrison,2372656,Shrubland,766,0.032284494676008656
19085,Harrison,2372656,Grassland/Pasture,246908,10.406396881806717
19085,Harrison,2372656,Woody Wetlands,15309,0.6452262780613793
19085,Harrison,2372656,Herbaceous Wetlands,40025,1.686928067111288
19187,Webster,2344125,Corn,853306,36.4018983629286
19187,Webster,2344125,Sorghum,2,8.531968218418387e-5
19187,Webster,2344125,Soybeans,718034,30.631216338719135
19187,Webster,2344125,Sweet Corn,71,0.003028848717538527
19187,Webster,2344125,Barley,12,5.119180931051031e-4
19187,Webster,2344125,Winter Wheat,181,0.007721431237668639
19187,Webster,2344125,Rye,120,0.0051191809310510315
19187,Webster,2344125,Oats,979,0.041763984429158005
19187,Webster,2344125,Alfalfa,5905,0.2519063616488028
19187,Webster,2344125,Other Hay/Non Alfalfa,1975,0.08425318615688156
19187,Webster,2344125,Other Crops,22,9.385165040260225e-4
19187,Webster,2344125,Peas,20,8.531968218418387e-4
19187,Webster,2344125,Clover/Wildflowers,4,1.7063936436836774e-4
19187,Webster,2344125,Sod/Grass Seed,2,8.531968218418387e-5
19187,Webster,2344125,Switchgrass,2,8.531968218418387e-5
19187,Webster,2344125,Open Water,15593,0.6651949021489895
19187,Webster,2344125,Developed/Open Space,57314,2.445006132352157
19187,Webster,2344125,Developed/Low Intensity,46285,1.974510744947475
19187,Webster,2344125,Developed/Med Intensity,28295,1.2070602037007412
19187,Webster,2344125,Developed/High Intensity,7105,0.3030981709593132
19187,Webster,2344125,Barren,4371,0.18646616541353384
19187,Webster,2344125,Deciduous Forest,133325,5.687623313603156
19187,Webster,2344125,Evergreen Forest,66,0.0028155495120780675
19187,Webster,2344125,Mixed Forest,1566,0.06680531115021597
19187,Webster,2344125,Shrubland,96,0.004095344744840825
19187,Webster,2344125,Grassland/Pasture,173242,7.39047619047619
19187,Webster,2344125,Woody Wetlands,13033,0.5559857089532341
19187,Webster,2344125,Herbaceous Wetlands,9770,0.41678664746973815
19187,Webster,2344125,Dbl Crop WinWht/Sorghum,6,2.559590465525516e-4
19101,Jefferson,1371664,Corn,303087,22.09630055173862
19101,Jefferson,1371664,Sorghum,10,7.29041514540004e-4
19101,Jefferson,1371664,Soybeans,278857,20.329832962008187
19101,Jefferson,1371664,Barley,3,2.187124543620012e-4
19101,Jefferson,1371664,Winter Wheat,824,0.06007302079809632
19101,Jefferson,1371664,Dbl Crop WinWht/Soybeans,9,6.561373630860035e-4
19101,Jefferson,1371664,Rye,437,0.03185911418539818
19101,Jefferson,1371664,Oats,1899,0.13844498361114674
19101,Jefferson,1371664,Alfalfa,9708,0.7077535023154359
19101,Jefferson,1371664,Other Hay/Non Alfalfa,4347,0.3169143463705397
19101,Jefferson,1371664,Other Crops,24,0.0017496996348960096
19101,Jefferson,1371664,Clover/Wildflowers,23,0.001676795483442009
19101,Jefferson,1371664,Sod/Grass Seed,32,0.002332932846528013
19101,Jefferson,1371664,Switchgrass,2,1.458083029080008e-4
19101,Jefferson,1371664,Fallow/Idle Cropland,2,1.458083029080008e-4
19101,Jefferson,1371664,Open Water,6377,0.4649097738221605
19101,Jefferson,1371664,Developed/Open Space,22898,1.669359259993701
19101,Jefferson,1371664,Developed/Low Intensity,39516,2.88088044885628
19101,Jefferson,1371664,Developed/Med Intensity,12578,0.916988416988417
19101,Jefferson,1371664,Developed/High Intensity,1979,0.14427731572746677
19101,Jefferson,1371664,Barren,588,0.042867641054952235
19101,Jefferson,1371664,Deciduous Forest,210038,15.312642163095337
19101,Jefferson,1371664,Evergreen Forest,720,0.05249098904688028
19101,Jefferson,1371664,Mixed Forest,2401,0.17504286764105495
19101,Jefferson,1371664,Shrubland,410,0.029890702096140163
19101,Jefferson,1371664,Grassland/Pasture,350526,25.55480059256494
19101,Jefferson,1371664,Woody Wetlands,9697,0.7069515566494419
19101,Jefferson,1371664,Herbaceous Wetlands,2607,0.19006112284057902
19101,Jefferson,1371664,Triticale,1,7.29041514540004e-5
19101,Jefferson,1371664,Pumpkins,1,7.29041514540004e-5
19121,Madison,1726650,Corn,291440,16.878927402774156
19121,Madison,1726650,Sorghum,82,0.0047490805895809805
19121,Madison,1726650,Soybeans,316734,18.343845017809052
19121,Madison,1726650,Sweet Corn,105,0.0060811397793414995
19121,Madison,1726650,Barley,7,4.0540931862276665e-4
19121,Madison,1726650,Spring Wheat,43,0.002490371528682709
19121,Madison,1726650,Winter Wheat,186,0.01077230475197637
19121,Madison,1726650,Dbl Crop WinWht/Soybeans,6,3.4749370167665714e-4
19121,Madison,1726650,Rye,376,0.021776271971737177
19121,Madison,1726650,Oats,3249,0.18816783945790982
19121,Madison,1726650,Millet,4,2.316624677844381e-4
19121,Madison,1726650,Alfalfa,26744,1.548895259606753
19121,Madison,1726650,Other Hay/Non Alfalfa,9858,0.5709321518547477
19121,Madison,1726650,Other Crops,26,0.0015058060405988476
19121,Madison,1726650,Peas,7,4.0540931862276665e-4
19121,Madison,1726650,Clover/Wildflowers,29,0.001679552891437176
19121,Madison,1726650,Sod/Grass Seed,77,0.004459502504850433
19121,Madison,1726650,Switchgrass,2,1.1583123389221905e-4
19121,Madison,1726650,Fallow/Idle Cropland,1,5.7915616946109526e-5
19121,Madison,1726650,Christmas Trees,4,2.316624677844381e-4
19121,Madison,1726650,Open Water,8993,0.5208351431963629
19121,Madison,1726650,Developed/Open Space,34267,1.9845944458923348
19121,Madison,1726650,Developed/Low Intensity,35603,2.0619697101323373
19121,Madison,1726650,Developed/Med Intensity,8959,0.5188660122201952
19121,Madison,1726650,Developed/High Intensity,1247,0.07222077433179858
19121,Madison,1726650,Barren,3085,0.17866967827874786
19121,Madison,1726650,Deciduous Forest,241954,14.012915182578983
19121,Madison,1726650,Evergreen Forest,929,0.053803608142935735
19121,Madison,1726650,Mixed Forest,16968,0.9827121883415862
19121,Madison,1726650,Shrubland,275,0.015926794660180116
19121,Madison,1726650,Grassland/Pasture,597710,34.61674340485912
19121,Madison,1726650,Woody Wetlands,15840,0.9173833724263747
19121,Madison,1726650,Herbaceous Wetlands,5592,0.3238641299626444
19121,Madison,1726650,Dbl Crop WinWht/Sorghum,33,0.001911215359221614
19089,Howard,1467200,Corn,593763,40.469124863685934
19089,Howard,1467200,Sorghum,6,4.0894220283533265e-4
19089,Howard,1467200,Soybeans,384830,26.228871319520174
19089,Howard,1467200,Sweet Corn,1,6.815703380588877e-5
19089,Howard,1467200,Barley,40,0.0027262813522355507
19089,Howard,1467200,Spring Wheat,4,2.726281352235551e-4
19089,Howard,1467200,Winter Wheat,32,0.0021810250817884407
19089,Howard,1467200,Rye,188,0.01281352235550709
19089,Howard,1467200,Oats,2641,0.18000272628135222
19089,Howard,1467200,Alfalfa,17812,1.2140130861504908
19089,Howard,1467200,Other Hay/Non Alfalfa,1509,0.10284896401308616
19089,Howard,1467200,Other Crops,2,1.3631406761177754e-4
19089,Howard,1467200,Peas,1,6.815703380588877e-5
19089,Howard,1467200,Open Water,1907,0.12997546346782987
19089,Howard,1467200,Developed/Open Space,33032,2.2513631406761174
19089,Howard,1467200,Developed/Low Intensity,26218,1.7869411123227916
19089,Howard,1467200,Developed/Med Intensity,7571,0.5160169029443838
19089,Howard,1467200,Developed/High Intensity,1782,0.12145583424209379
19089,Howard,1467200,Barren,1784,0.12159214830970556
19089,Howard,1467200,Deciduous Forest,63468,4.325790621592148
19089,Howard,1467200,Evergreen Forest,593,0.04041712104689204
19089,Howard,1467200,Mixed Forest,1416,0.09651035986913849
19089,Howard,1467200,Shrubland,22,0.0014994547437295529
19089,Howard,1467200,Grassland/Pasture,213822,14.573473282442748
19089,Howard,1467200,Woody Wetlands,4846,0.330288985823337
19089,Howard,1467200,Herbaceous Wetlands,8032,0.5474372955288986
19089,Howard,1467200,Triticale,35,0.002385496183206107
19147,Palo Alto,1679567,Corn,708759,42.19891198148094
19147,Palo Alto,1679567,Sorghum,1,5.953915503221962e-5
19147,Palo Alto,1679567,Soybeans,578645,34.452034363618715
19147,Palo Alto,1679567,Sweet Corn,5,2.9769577516109807e-4
19147,Palo Alto,1679567,Pop or Orn Corn,10,5.953915503221961e-4
19147,Palo Alto,1679567,Spring Wheat,1,5.953915503221962e-5
19147,Palo Alto,1679567,Winter Wheat,1,5.953915503221962e-5
19147,Palo Alto,1679567,Rye,54,0.0032151143717398588
19147,Palo Alto,1679567,Oats,23774,1.4154838717359892
19147,Palo Alto,1679567,Alfalfa,5321,0.31680784392644057
19147,Palo Alto,1679567,Other Hay/Non Alfalfa,1857,0.11056421089483183
19147,Palo Alto,1679567,Dry Beans,28,0.0016670963409021492
19147,Palo Alto,1679567,Other Crops,6,3.5723493019331766e-4
19147,Palo Alto,1679567,Peas,148,0.008811794944768503
19147,Palo Alto,1679567,Clover/Wildflowers,1,5.953915503221962e-5
19147,Palo Alto,1679567,Sod/Grass Seed,3,1.7861746509665883e-4
19147,Palo Alto,1679567,Open Water,18056,1.0750389832617573
19147,Palo Alto,1679567,Developed/Open Space,44883,2.672295895311113
19147,Palo Alto,1679567,Developed/Low Intensity,22561,1.3432628766819066
19147,Palo Alto,1679567,Developed/Med Intensity,11352,0.6758884879257571
19147,Palo Alto,1679567,Developed/High Intensity,2475,0.14735940870474354
19147,Palo Alto,1679567,Barren,2930,0.17444972424440347
19147,Palo Alto,1679567,Deciduous Forest,2068,0.12312697260663016
19147,Palo Alto,1679567,Evergreen Forest,7,4.167740852255373e-4
19147,Palo Alto,1679567,Mixed Forest,2943,0.17522373325982232
19147,Palo Alto,1679567,Shrubland,150,0.008930873254832942
19147,Palo Alto,1679567,Grassland/Pasture,159303,9.484766014097682
19147,Palo Alto,1679567,Woody Wetlands,14484,0.8623651214866688
19147,Palo Alto,1679567,Herbaceous Wetlands,41452,2.4680170543955673
19147,Palo Alto,1679567,Dbl Crop Soybeans/Oats,5,2.9769577516109807e-4
19159,Ringgold,1605854,Corn,214760,13.373569452764697
19159,Ringgold,1605854,Sorghum,497,0.030949264378953505
19159,Ringgold,1605854,Soybeans,238251,14.836404803923644
19159,Ringgold,1605854,Sunflower,3,1.8681648518483e-4
19159,Ringgold,1605854,Sweet Corn,3,1.8681648518483e-4
19159,Ringgold,1605854,Pop or Orn Corn,6,3.7363297036966e-4
19159,Ringgold,1605854,Barley,2,1.2454432345655332e-4
19159,Ringgold,1605854,Spring Wheat,56,0.003487241056783493
19159,Ringgold,1605854,Winter Wheat,137,0.008531286156773904
19159,Ringgold,1605854,Dbl Crop WinWht/Soybeans,53,0.003300424571598663
19159,Ringgold,1605854,Rye,26,0.0016190762049351935
19159,Ringgold,1605854,Oats,2270,0.14135780712318805
19159,Ringgold,1605854,Alfalfa,26504,1.6504613744462449
19159,Ringgold,1605854,Other Hay/Non Alfalfa,29677,1.8480509436100665
19159,Ringgold,1605854,Other Crops,2,1.2454432345655332e-4
19159,Ringgold,1605854,Peas,7,4.3590513209793664e-4
19159,Ringgold,1605854,Clover/Wildflowers,75,0.0046704121296207496
19159,Ringgold,1605854,Sod/Grass Seed,17,0.0010586267493807033
19159,Ringgold,1605854,Switchgrass,2,1.2454432345655332e-4
19159,Ringgold,1605854,Open Water,10209,0.6357364990839766
19159,Ringgold,1605854,Developed/Open Space,32206,2.0055372406208782
19159,Ringgold,1605854,Developed/Low Intensity,30315,1.8877805827927072
19159,Ringgold,1605854,Developed/Med Intensity,3935,0.2450409564007687
19159,Ringgold,1605854,Developed/High Intensity,434,0.02702611819007207
19159,Ringgold,1605854,Barren,426,0.026527940896245862
19159,Ringgold,1605854,Deciduous Forest,170110,10.593117431597145
19159,Ringgold,1605854,Evergreen Forest,1670,0.10399451008622203
19159,Ringgold,1605854,Mixed Forest,10463,0.6515536281629587
19159,Ringgold,1605854,Shrubland,377,0.023476604971560306
19159,Ringgold,1605854,Grassland/Pasture,768099,47.83118515132758
19159,Ringgold,1605854,Woody Wetlands,11313,0.7044849656319939
19159,Ringgold,1605854,Herbaceous Wetlands,1361,0.08475241211218454
19159,Ringgold,1605854,Dbl Crop WinWht/Sorghum,36,0.0022417978222179598
19045,Clinton,2500482,Corn,833838,33.34709068091672
19045,Clinton,2500482,Sorghum,3,1.1997686845976095e-4
19045,Clinton,2500482,Soybeans,530920,21.23270633421876
19045,Clinton,2500482,Winter Wheat,1495,0.05978847278244754
19045,Clinton,2500482,Dbl Crop WinWht/Soybeans,29,0.0011597763951110226
19045,Clinton,2500482,Rye,2,7.998457897317397e-5
19045,Clinton,2500482,Oats,1717,0.06866676104846986
19045,Clinton,2500482,Alfalfa,21117,0.8445171770882575
19045,Clinton,2500482,Other Hay/Non Alfalfa,885,0.03539317619562948
19045,Clinton,2500482,Other Crops,5,1.9996144743293493e-4
19045,Clinton,2500482,Sod/Grass Seed,102,0.004079213527631872
19045,Clinton,2500482,Fallow/Idle Cropland,91,0.0036392983432794158
19045,Clinton,2500482,Open Water,47580,1.902833133771809
19045,Clinton,2500482,Developed/Open Space,47828,1.9127512215644824
19045,Clinton,2500482,Developed/Low Intensity,59601,2.383580445690071
19045,Clinton,2500482,Developed/Med Intensity,29625,1.1847715760401394
19045,Clinton,2500482,Developed/High Intensity,9262,0.37040858522476866
19045,Clinton,2500482,Barren,2575,0.1029801454279615
19045,Clinton,2500482,Deciduous Forest,64020,2.560306372931299
19045,Clinton,2500482,Evergreen Forest,487,0.01947624497996786
19045,Clinton,2500482,Mixed Forest,26279,1.0509573754180193
19045,Clinton,2500482,Shrubland,43,0.0017196684479232403
19045,Clinton,2500482,Grassland/Pasture,256908,10.27433910742009
19045,Clinton,2500482,Woody Wetlands,88080,3.5225208579785816
19045,Clinton,2500482,Herbaceous Wetlands,25113,1.004326365876659
19045,Clinton,2500482,Dbl Crop Triticale/Corn,91,0.0036392983432794158
19025,Calhoun,1880676,Corn,747304,39.735924741954484
19025,Calhoun,1880676,Sorghum,14,7.444131790909226e-4
19025,Calhoun,1880676,Soybeans,644720,34.281290344535684
19025,Calhoun,1880676,Sweet Corn,23,0.0012229645085065158
19025,Calhoun,1880676,Pop or Orn Corn,6231,0.3313170370653956
19025,Calhoun,1880676,Barley,55,0.0029244803464286246
19025,Calhoun,1880676,Winter Wheat,10,5.317236993506591e-4
19025,Calhoun,1880676,Rye,365,0.019407915026299054
19025,Calhoun,1880676,Oats,664,0.035306453636883756
19025,Calhoun,1880676,Alfalfa,3575,0.1900912225178606
19025,Calhoun,1880676,Other Hay/Non Alfalfa,1374,0.07305883629078055
19025,Calhoun,1880676,Dry Beans,9,4.7855132941559313e-4
19025,Calhoun,1880676,Other Crops,2,1.0634473987013182e-4
19025,Calhoun,1880676,Peas,5,2.6586184967532955e-4
19025,Calhoun,1880676,Clover/Wildflowers,4,2.1268947974026364e-4
19025,Calhoun,1880676,Sod/Grass Seed,140,0.007444131790909227
19025,Calhoun,1880676,Switchgrass,2,1.0634473987013182e-4
19025,Calhoun,1880676,Open Water,7601,0.40416318387643596
19025,Calhoun,1880676,Developed/Open Space,48825,2.5961409620795926
19025,Calhoun,1880676,Developed/Low Intensity,28459,1.5132324759820406
19025,Calhoun,1880676,Developed/Med Intensity,11447,0.6086641186466994
19025,Calhoun,1880676,Developed/High Intensity,1751,0.09310481975630039
19025,Calhoun,1880676,Barren,1157,0.06152043201487125
19025,Calhoun,1880676,Deciduous Forest,6534,0.3474282651557206
19025,Calhoun,1880676,Evergreen Forest,37,0.0019673776875974384
19025,Calhoun,1880676,Mixed Forest,293,0.015579504390974311
19025,Calhoun,1880676,Shrubland,40,0.0021268947974026364
19025,Calhoun,1880676,Grassland/Pasture,123827,6.584175051949405
19025,Calhoun,1880676,Woody Wetlands,3054,0.16238841778169125
19025,Calhoun,1880676,Herbaceous Wetlands,11579,0.6156828714781281
19025,Calhoun,1880676,Dbl Crop WinWht/Sorghum,3,1.595171098051977e-4
19195,Worth,1227908,Corn,495378,40.3432504715337
19195,Worth,1227908,Sorghum,7,5.700752825130222e-4
19195,Worth,1227908,Soybeans,395594,32.21690875863664
19195,Worth,1227908,Sunflower,1,8.143932607328888e-5
19195,Worth,1227908,Sweet Corn,21,0.0017102258475390664
19195,Worth,1227908,Barley,1,8.143932607328888e-5
19195,Worth,1227908,Winter Wheat,38,0.0030946943907849776
19195,Worth,1227908,Rye,170,0.01384468543245911
19195,Worth,1227908,Oats,1169,0.09520257217967469
19195,Worth,1227908,Millet,3,2.443179782198666e-4
19195,Worth,1227908,Alfalfa,8074,0.6575411187157344
19195,Worth,1227908,Other Hay/Non Alfalfa,1414,0.11515520706763048
19195,Worth,1227908,Dry Beans,1,8.143932607328888e-5
19195,Worth,1227908,Other Crops,70,0.005700752825130222
19195,Worth,1227908,Peas,1222,0.09951885646155902
19195,Worth,1227908,Clover/Wildflowers,2,1.6287865214657777e-4
19195,Worth,1227908,Sod/Grass Seed,39,0.003176133716858266
19195,Worth,1227908,Fallow/Idle Cropland,2,1.6287865214657777e-4
19195,Worth,1227908,Open Water,6587,0.5364408408447539
19195,Worth,1227908,Developed/Open Space,30656,2.4966039801027438
19195,Worth,1227908,Developed/Low Intensity,24146,1.9664339673656333
19195,Worth,1227908,Developed/Med Intensity,7380,0.6010222264208719
19195,Worth,1227908,Developed/High Intensity,1433,0.11670255426302298
19195,Worth,1227908,Barren,2632,0.2143483062248963
19195,Worth,1227908,Deciduous Forest,21683,1.7658489072471226
19195,Worth,1227908,Evergreen Forest,39,0.003176133716858266
19195,Worth,1227908,Mixed Forest,518,0.042185570905963636
19195,Worth,1227908,Shrubland,65,0.005293556194763777
19195,Worth,1227908,Grassland/Pasture,118606,9.6591927082485
19195,Worth,1227908,Woody Wetlands,5038,0.4102913247572294
19195,Worth,1227908,Herbaceous Wetlands,36950,3.009183098408024
19195,Worth,1227908,Cabbage,1,8.143932607328888e-5
19013,Black Hawk,1843539,Corn,628956,34.116772143144246
19013,Black Hawk,1843539,Sorghum,11,5.966784537783036e-4
19013,Black Hawk,1843539,Soybeans,425466,23.07876318320361
19013,Black Hawk,1843539,Sweet Corn,14,7.594089411723864e-4
19013,Black Hawk,1843539,Barley,31,0.0016815483697388556
19013,Black Hawk,1843539,Spring Wheat,2,1.0848699159605519e-4
19013,Black Hawk,1843539,Winter Wheat,625,0.03390218487376725
19013,Black Hawk,1843539,Rye,90,0.004881914621822484
19013,Black Hawk,1843539,Oats,2969,0.16104893902434395
19013,Black Hawk,1843539,Alfalfa,7790,0.422556832266635
19013,Black Hawk,1843539,Other Hay/Non Alfalfa,952,0.05163980799972227
19013,Black Hawk,1843539,Other Crops,3,1.6273048739408278e-4
19013,Black Hawk,1843539,Clover/Wildflowers,9,4.881914621822484e-4
19013,Black Hawk,1843539,Sod/Grass Seed,1,5.4243495798027595e-5
19013,Black Hawk,1843539,Switchgrass,7,3.797044705861932e-4
19013,Black Hawk,1843539,Open Water,21806,1.1828336693717898
19013,Black Hawk,1843539,Developed/Open Space,65648,3.560977012148916
19013,Black Hawk,1843539,Developed/Low Intensity,90067,4.885548936040951
19013,Black Hawk,1843539,Developed/Med Intensity,52340,2.8391045700687645
19013,Black Hawk,1843539,Developed/High Intensity,19586,1.0624131087001685
19013,Black Hawk,1843539,Barren,2937,0.15931314715880704
19013,Black Hawk,1843539,Deciduous Forest,22779,1.2356125907832707
19013,Black Hawk,1843539,Evergreen Forest,589,0.031949419025038256
19013,Black Hawk,1843539,Mixed Forest,2019,0.10951761801621773
19013,Black Hawk,1843539,Shrubland,43,0.0023324703193151864
19013,Black Hawk,1843539,Grassland/Pasture,211080,11.449717093047665
19013,Black Hawk,1843539,Woody Wetlands,84182,4.566325963269559
19013,Black Hawk,1843539,Herbaceous Wetlands,10764,0.5838769887699691
19013,Black Hawk,1843539,Triticale,4,2.1697398319211038e-4
19039,Clarke,1315720,Corn,152583,11.596920317392758
19039,Clarke,1315720,Sorghum,57,0.00433222874167756
19039,Clarke,1315720,Soybeans,131924,10.026753412580184
19039,Clarke,1315720,Sunflower,1,7.600401301188703e-5
19039,Clarke,1315720,Sweet Corn,7,5.320280910832093e-4
19039,Clarke,1315720,Barley,1,7.600401301188703e-5
19039,Clarke,1315720,Spring Wheat,16,0.0012160642081901925
19039,Clarke,1315720,Winter Wheat,207,0.015732830693460615
19039,Clarke,1315720,Rye,22,0.0016720882862615147
19039,Clarke,1315720,Oats,2061,0.15664427081749915
19039,Clarke,1315720,Alfalfa,27868,2.118079834615268
19039,Clarke,1315720,Other Hay/Non Alfalfa,17173,1.305216915453136
19039,Clarke,1315720,Other Crops,3,2.2801203903566105e-4
19039,Clarke,1315720,Peas,1,7.600401301188703e-5
19039,Clarke,1315720,Clover/Wildflowers,127,0.009652509652509652
19039,Clarke,1315720,Sod/Grass Seed,8,6.080321040950963e-4
19039,Clarke,1315720,Switchgrass,1,7.600401301188703e-5
19039,Clarke,1315720,Christmas Trees,1,7.600401301188703e-5
19039,Clarke,1315720,Open Water,5523,0.4197701638646521
19039,Clarke,1315720,Developed/Open Space,22072,1.6775605751983704
19039,Clarke,1315720,Developed/Low Intensity,30204,2.295625209011036
19039,Clarke,1315720,Developed/Med Intensity,6742,0.5124190557261423
19039,Clarke,1315720,Developed/High Intensity,1021,0.07760009728513666
19039,Clarke,1315720,Barren,582,0.04423433557291825
19039,Clarke,1315720,Deciduous Forest,228195,17.34373574924756
19039,Clarke,1315720,Evergreen Forest,2657,0.20194266257258384
19039,Clarke,1315720,Mixed Forest,17325,1.3167695254309428
19039,Clarke,1315720,Shrubland,341,0.025917368437053476
19039,Clarke,1315720,Grassland/Pasture,593749,45.127306721794916
19039,Clarke,1315720,Woody Wetlands,3477,0.2642659532423312
19039,Clarke,1315720,Herbaceous Wetlands,709,0.0538868452254279
19039,Clarke,1315720,Dbl Crop WinWht/Sorghum,2,1.5200802602377406e-4
19065,Fayette,2292660,Corn,822530,35.87666727731107
19065,Fayette,2292660,Sorghum,38,0.0016574633831444698
19065,Fayette,2292660,Soybeans,501080,21.855835579632394
19065,Fayette,2292660,Sweet Corn,2,8.72349149023405e-5
19065,Fayette,2292660,Barley,208,0.009072431149843414
19065,Fayette,2292660,Spring Wheat,55,0.002398960159814364
19065,Fayette,2292660,Winter Wheat,18,7.851142341210646e-4
19065,Fayette,2292660,Dbl Crop WinWht/Soybeans,315,0.013739499097118631
19065,Fayette,2292660,Rye,286,0.012474592831034694
19065,Fayette,2292660,Oats,5687,0.24805248052480522
19065,Fayette,2292660,Alfalfa,36241,1.5807402754878612
19065,Fayette,2292660,Other Hay/Non Alfalfa,1773,0.07733375206092487
19065,Fayette,2292660,Other Crops,12,5.234094894140431e-4
19065,Fayette,2292660,Clover/Wildflowers,44,0.0019191681278514913
19065,Fayette,2292660,Sod/Grass Seed,1,4.361745745117025e-5
19065,Fayette,2292660,Switchgrass,31,0.001352141180986278
19065,Fayette,2292660,Open Water,5527,0.24107368733261803
19065,Fayette,2292660,Developed/Open Space,45425,1.981323004719409
19065,Fayette,2292660,Developed/Low Intensity,54326,2.3695619934922756
19065,Fayette,2292660,Developed/Med Intensity,16218,0.7073879249430792
19065,Fayette,2292660,Developed/High Intensity,2956,0.12893320422565926
19065,Fayette,2292660,Barren,2300,0.10032015213769158
19065,Fayette,2292660,Deciduous Forest,215561,9.402222745631713
19065,Fayette,2292660,Evergreen Forest,727,0.03170989156700078
19065,Fayette,2292660,Mixed Forest,5529,0.24116092224752034
19065,Fayette,2292660,Shrubland,150,0.006542618617675539
19065,Fayette,2292660,Grassland/Pasture,373600,16.29548210375721
19065,Fayette,2292660,Woody Wetlands,11476,0.5005539417096299
19065,Fayette,2292660,Herbaceous Wetlands,5422,0.2364938543002451
19065,Fayette,2292660,Triticale,161,0.0070224106496384105
19181,Warren,1733166,Corn,267955,15.460434834285925
19181,Warren,1733166,Sorghum,5,2.8848938878330173e-4
19181,Warren,1733166,Soybeans,281159,16.222277612184868
19181,Warren,1733166,Sunflower,2,1.1539575551332072e-4
19181,Warren,1733166,Sweet Corn,73,0.0042119450762362065
19181,Warren,1733166,Barley,2,1.1539575551332072e-4
19181,Warren,1733166,Spring Wheat,18,0.0010385617996198863
19181,Warren,1733166,Winter Wheat,276,0.015924614260838257
19181,Warren,1733166,Dbl Crop WinWht/Soybeans,62,0.003577268420912942
19181,Warren,1733166,Rye,113,0.0065198601865026195
19181,Warren,1733166,Oats,1291,0.07448796018384851
19181,Warren,1733166,Alfalfa,22263,1.2845278524965296
19181,Warren,1733166,Other Hay/Non Alfalfa,8077,0.46602575864054563
19181,Warren,1733166,Other Crops,15,8.654681663499053e-4
19181,Warren,1733166,Peas,27,0.0015578426994298296
19181,Warren,1733166,Clover/Wildflowers,17,9.80863921863226e-4
19181,Warren,1733166,Sod/Grass Seed,79,0.004558132342776168
19181,Warren,1733166,Switchgrass,5,2.8848938878330173e-4
19181,Warren,1733166,Fallow/Idle Cropland,2,1.1539575551332072e-4
19181,Warren,1733166,Christmas Trees,7,4.038851442966225e-4
19181,Warren,1733166,Open Water,19073,1.100471622452783
19181,Warren,1733166,Developed/Open Space,52815,3.0473134137180167
19181,Warren,1733166,Developed/Low Intensity,45242,2.610367385466828
19181,Warren,1733166,Developed/Med Intensity,18578,1.0719111729632362
19181,Warren,1733166,Developed/High Intensity,2721,0.15699592537587284
19181,Warren,1733166,Barren,858,0.04950477911521459
19181,Warren,1733166,Deciduous Forest,265867,15.33996166553002
19181,Warren,1733166,Evergreen Forest,759,0.043792689217305204
19181,Warren,1733166,Mixed Forest,22576,1.302587288234364
19181,Warren,1733166,Shrubland,400,0.02307915110266414
19181,Warren,1733166,Grassland/Pasture,592183,34.1677023435724
19181,Warren,1733166,Woody Wetlands,33487,1.9321288324372854
19181,Warren,1733166,Herbaceous Wetlands,15810,0.9122034473328002
19181,Warren,1733166,Dbl Crop WinWht/Sorghum,1,5.769787775666036e-5
19001,Adair,1691210,Corn,480784,28.42840333252523
19001,Adair,1691210,Sorghum,25,0.001478231562017727
19001,Adair,1691210,Soybeans,484710,28.660544817024498
19001,Adair,1691210,Sweet Corn,12,7.095511497685089e-4
19001,Adair,1691210,Pop or Orn Corn,2,1.1825852496141816e-4
19001,Adair,1691210,Barley,1,5.912926248070908e-5
19001,Adair,1691210,Winter Wheat,1716,0.10146581441689678
19001,Adair,1691210,Dbl Crop WinWht/Soybeans,1,5.912926248070908e-5
19001,Adair,1691210,Rye,51,0.003015592386516163
19001,Adair,1691210,Oats,4447,0.26294783025171325
19001,Adair,1691210,Millet,11,6.504218872877999e-4
19001,Adair,1691210,Alfalfa,45398,2.6843502580992307
19001,Adair,1691210,Other Hay/Non Alfalfa,9924,0.586798800858557
19001,Adair,1691210,Other Crops,6,3.5477557488425445e-4
19001,Adair,1691210,Peas,2,1.1825852496141816e-4
19001,Adair,1691210,Clover/Wildflowers,46,0.0027199460741126175
19001,Adair,1691210,Sod/Grass Seed,1,5.912926248070908e-5
19001,Adair,1691210,Open Water,7472,0.44181384925585826
19001,Adair,1691210,Developed/Open Space,38395,2.270268032946825
19001,Adair,1691210,Developed/Low Intensity,32464,1.9195723771737394
19001,Adair,1691210,Developed/Med Intensity,8131,0.4807800332306455
19001,Adair,1691210,Developed/High Intensity,1198,0.07083685645188947
19001,Adair,1691210,Barren,1122,0.06634303250335559
19001,Adair,1691210,Deciduous Forest,55379,3.274519426919188
19001,Adair,1691210,Evergreen Forest,491,0.029032467878028156
19001,Adair,1691210,Mixed Forest,2978,0.17608694366755162
19001,Adair,1691210,Shrubland,109,0.006445089610397289
19001,Adair,1691210,Grassland/Pasture,463054,27.38004150874226
19001,Adair,1691210,Woody Wetlands,4540,0.2684468516624192
19001,Adair,1691210,Herbaceous Wetlands,1189,0.0703046930895631
19001,Adair,1691210,Pumpkins,1,5.912926248070908e-5
19001,Adair,1691210,Dbl Crop WinWht/Sorghum,3,1.7738778744212722e-4
19037,Chickasaw,1566840,Corn,652370,41.63603175818846
19037,Chickasaw,1566840,Sorghum,1,6.382272599627276e-5
19037,Chickasaw,1566840,Soybeans,392115,25.025848204028488
19037,Chickasaw,1566840,Sweet Corn,94,0.005999336243649639
19037,Chickasaw,1566840,Barley,51,0.00325495902580991
19037,Chickasaw,1566840,Spring Wheat,2,1.276454519925455e-4
19037,Chickasaw,1566840,Winter Wheat,27,0.0017232136018993642
19037,Chickasaw,1566840,Rye,536,0.0342089811340022
19037,Chickasaw,1566840,Oats,2146,0.13696356998800133
19037,Chickasaw,1566840,Alfalfa,14885,0.95000127645452
19037,Chickasaw,1566840,Other Hay/Non Alfalfa,875,0.05584488524673866
19037,Chickasaw,1566840,Other Crops,2,1.276454519925455e-4
19037,Chickasaw,1566840,Clover/Wildflowers,9,5.744045339664547e-4
19037,Chickasaw,1566840,Open Water,4476,0.2856705215593168
19037,Chickasaw,1566840,Developed/Open Space,39562,2.5249546858645426
19037,Chickasaw,1566840,Developed/Low Intensity,29270,1.8680911899109036
19037,Chickasaw,1566840,Developed/Med Intensity,10597,0.6763294273825023
19037,Chickasaw,1566840,Developed/High Intensity,2304,0.14704756069541242
19037,Chickasaw,1566840,Barren,1474,0.09407469811850604
19037,Chickasaw,1566840,Deciduous Forest,59955,3.826491537106533
19037,Chickasaw,1566840,Evergreen Forest,296,0.018891526894896735
19037,Chickasaw,1566840,Mixed Forest,992,0.06331214418830257
19037,Chickasaw,1566840,Shrubland,20,0.0012764545199254551
19037,Chickasaw,1566840,Grassland/Pasture,203544,12.99073294018534
19037,Chickasaw,1566840,Woody Wetlands,33497,2.1378698526971487
19037,Chickasaw,1566840,Herbaceous Wetlands,8552,0.5458119527201246
19037,Chickasaw,1566840,Triticale,3,1.9146817798881824e-4
19081,Hancock,1726496,Corn,823095,47.67430680407021
19081,Hancock,1726496,Sorghum,5,2.8960391451819174e-4
19081,Hancock,1726496,Soybeans,544394,31.5317266880433
19081,Hancock,1726496,Sweet Corn,19,0.0011004948751691286
19081,Hancock,1726496,Barley,3,1.7376234871091506e-4
19081,Hancock,1726496,Winter Wheat,16,9.267325264582136e-4
19081,Hancock,1726496,Rye,80,0.004633662632291068
19081,Hancock,1726496,Oats,2914,0.16878116138120217
19081,Hancock,1726496,Millet,854,0.04946434859970715
19081,Hancock,1726496,Alfalfa,8351,0.4836964580282839
19081,Hancock,1726496,Other Hay/Non Alfalfa,1482,0.08583860026319204
19081,Hancock,1726496,Other Crops,3,1.7376234871091506e-4
19081,Hancock,1726496,Peas,44,0.0025485144477600872
19081,Hancock,1726496,Sod/Grass Seed,9,5.212870461327452e-4
19081,Hancock,1726496,Switchgrass,1,5.792078290363835e-5
19081,Hancock,1726496,Open Water,5981,0.346424202546661
19081,Hancock,1726496,Developed/Open Space,52273,3.0276930847218875
19081,Hancock,1726496,Developed/Low Intensity,24234,1.4036522528867719
19081,Hancock,1726496,Developed/Med Intensity,10990,0.6365494041109855
19081,Hancock,1726496,Developed/High Intensity,2934,0.16993957703927492
19081,Hancock,1726496,Barren,1724,0.09985542972587252
19081,Hancock,1726496,Deciduous Forest,11175,0.6472647489481587
19081,Hancock,1726496,Evergreen Forest,5,2.8960391451819174e-4
19081,Hancock,1726496,Mixed Forest,283,0.016391581561729655
19081,Hancock,1726496,Shrubland,38,0.0022009897503382572
19081,Hancock,1726496,Grassland/Pasture,129407,7.495354753211128
19081,Hancock,1726496,Woody Wetlands,4688,0.2715326302522566
19081,Hancock,1726496,Herbaceous Wetlands,26683,1.5455002502177821
19081,Hancock,1726496,Pumpkins,2,1.158415658072767e-4
19061,Dubuque,2664180,Corn,599190,22.490597482152108
19061,Dubuque,2664180,Sorghum,5,1.8767500694397526e-4
19061,Dubuque,2664180,Soybeans,176840,6.637689645594517
19061,Dubuque,2664180,Barley,1,3.753500138879505e-5
19061,Dubuque,2664180,Spring Wheat,17,6.380950236095159e-4
19061,Dubuque,2664180,Winter Wheat,1088,0.04083808151100902
19061,Dubuque,2664180,Rye,500,0.018767500694397525
19061,Dubuque,2664180,Oats,5201,0.19521954222312304
19061,Dubuque,2664180,Alfalfa,58266,2.1870143909195323
19061,Dubuque,2664180,Other Hay/Non Alfalfa,1549,0.058141717151243534
19061,Dubuque,2664180,Other Crops,27,0.0010134450374974665
19061,Dubuque,2664180,Clover/Wildflowers,22,8.257700305534911e-4
19061,Dubuque,2664180,Sod/Grass Seed,3,1.1260500416638516e-4
19061,Dubuque,2664180,Switchgrass,6,2.252100083327703e-4
19061,Dubuque,2664180,Fallow/Idle Cropland,3,1.1260500416638516e-4
19061,Dubuque,2664180,Open Water,25414,0.9539145252948374
19061,Dubuque,2664180,Developed/Open Space,58759,2.2055191466042086
19061,Dubuque,2664180,Developed/Low Intensity,64997,2.439662485267512
19061,Dubuque,2664180,Developed/Med Intensity,41816,1.5695636180738537
19061,Dubuque,2664180,Developed/High Intensity,13633,0.5117146739334429
19061,Dubuque,2664180,Barren,4141,0.15543244075100032
19061,Dubuque,2664180,Deciduous Forest,286360,10.74852299769535
19061,Dubuque,2664180,Evergreen Forest,2273,0.08531705815673116
19061,Dubuque,2664180,Mixed Forest,33323,1.2507788512788176
19061,Dubuque,2664180,Shrubland,430,0.016140050597181873
19061,Dubuque,2664180,Grassland/Pasture,392511,14.732900930117335
19061,Dubuque,2664180,Woody Wetlands,7879,0.2957382759423162
19061,Dubuque,2664180,Herbaceous Wetlands,3142,0.11793497436359404
19061,Dubuque,2664180,Triticale,1,3.753500138879505e-5
19157,Poweshiek,1827708,Corn,614559,33.624572415287346
19157,Poweshiek,1827708,Sorghum,11,6.018466844813286e-4
19157,Poweshiek,1827708,Soybeans,547234,29.94099713958685
19157,Poweshiek,1827708,Sweet Corn,4,2.188533398113922e-4
19157,Poweshiek,1827708,Barley,40,0.002188533398113922
19157,Poweshiek,1827708,Winter Wheat,170,0.009301266941984168
19157,Poweshiek,1827708,Dbl Crop WinWht/Soybeans,7,3.8299334466993635e-4
19157,Poweshiek,1827708,Rye,314,0.017179987175194287
19157,Poweshiek,1827708,Oats,3659,0.20019609259247104
19157,Poweshiek,1827708,Alfalfa,26080,1.426923775570277
19157,Poweshiek,1827708,Other Hay/Non Alfalfa,2346,0.12835748379938153
19157,Poweshiek,1827708,Other Crops,1,5.471333495284805e-5
19157,Poweshiek,1827708,Clover/Wildflowers,12,6.565600194341765e-4
19157,Poweshiek,1827708,Sod/Grass Seed,10,5.471333495284805e-4
19157,Poweshiek,1827708,Switchgrass,5,2.7356667476424024e-4
19157,Poweshiek,1827708,Open Water,4927,0.26957260131268235
19157,Poweshiek,1827708,Developed/Open Space,46958,2.5692287827158387
19157,Poweshiek,1827708,Developed/Low Intensity,36608,2.002945765953861
19157,Poweshiek,1827708,Developed/Med Intensity,12761,0.698196867333294
19157,Poweshiek,1827708,Developed/High Intensity,2530,0.13842473743070555
19157,Poweshiek,1827708,Barren,436,0.02385501403944175
19157,Poweshiek,1827708,Deciduous Forest,54412,2.977061981454368
19157,Poweshiek,1827708,Evergreen Forest,119,0.006510886859388917
19157,Poweshiek,1827708,Mixed Forest,6186,0.338456690018318
19157,Poweshiek,1827708,Shrubland,77,0.0042129267913693
19157,Poweshiek,1827708,Grassland/Pasture,318730,17.43878124952126
19157,Poweshiek,1827708,Woody Wetlands,7911,0.43283719281198096
19157,Poweshiek,1827708,Herbaceous Wetlands,3150,0.17234700510147136
19157,Poweshiek,1827708,Triticale,1,5.471333495284805e-5
19165,Shelby,1921653,Corn,769469,40.04203672567316
19165,Shelby,1921653,Sorghum,5,2.601926570509868e-4
19165,Shelby,1921653,Soybeans,631769,32.87633095048898
19165,Shelby,1921653,Sweet Corn,5,2.601926570509868e-4
19165,Shelby,1921653,Pop or Orn Corn,35,0.0018213485993569078
19165,Shelby,1921653,Barley,104,0.005412007266660526
19165,Shelby,1921653,Winter Wheat,533,0.027736537241635193
19165,Shelby,1921653,Rye,78,0.004059005449995394
19165,Shelby,1921653,Oats,823,0.042827711350592435
19165,Shelby,1921653,Alfalfa,13081,0.6807160293767918
19165,Shelby,1921653,Other Hay/Non Alfalfa,1401,0.0729059825056865
19165,Shelby,1921653,Other Crops,11,5.724238455121711e-4
19165,Shelby,1921653,Peas,5,2.601926570509868e-4
19165,Shelby,1921653,Fallow/Idle Cropland,3,1.561155942305921e-4
19165,Shelby,1921653,Open Water,4193,0.21819756220295755
19165,Shelby,1921653,Developed/Open Space,39300,2.045114284420756
19165,Shelby,1921653,Developed/Low Intensity,33330,1.7344442519018781
19165,Shelby,1921653,Developed/Med Intensity,10401,0.5412527651974628
19165,Shelby,1921653,Developed/High Intensity,2775,0.1444069246632977
19165,Shelby,1921653,Barren,795,0.04137063247110691
19165,Shelby,1921653,Deciduous Forest,19215,0.9999203810469424
19165,Shelby,1921653,Evergreen Forest,114,0.0059323925807625
19165,Shelby,1921653,Mixed Forest,260,0.013530018166651314
19165,Shelby,1921653,Shrubland,90,0.004683467826917764
19165,Shelby,1921653,Grassland/Pasture,168710,8.779420634214398
19165,Shelby,1921653,Woody Wetlands,3879,0.2018574633401556
19165,Shelby,1921653,Herbaceous Wetlands,3835,0.19956776795810688
19165,Shelby,1921653,Dbl Crop WinWht/Sorghum,105,0.005464045798070724
19011,Benton,2260266,Corn,850569,37.63136728155005
19011,Benton,2260266,Sorghum,62,0.002743039978480409
19011,Benton,2260266,Soybeans,678065,29.99934520981159
19011,Benton,2260266,Barley,77,0.003406678682951475
19011,Benton,2260266,Winter Wheat,230,0.010175793468556356
19011,Benton,2260266,Rye,83,0.003672134164739902
19011,Benton,2260266,Oats,3188,0.1410453459902507
19011,Benton,2260266,Alfalfa,17986,0.795747049241107
19011,Benton,2260266,Other Hay/Non Alfalfa,1444,0.06388628595041468
19011,Benton,2260266,Other Crops,2,8.848516059614222e-5
19011,Benton,2260266,Clover/Wildflowers,6,2.6545548178842664e-4
19011,Benton,2260266,Sod/Grass Seed,52,0.002300614175499698
19011,Benton,2260266,Switchgrass,8,3.539406423845689e-4
19011,Benton,2260266,Open Water,11822,0.5230357842837967
19011,Benton,2260266,Developed/Open Space,43585,1.9283128622914294
19011,Benton,2260266,Developed/Low Intensity,57723,2.5538144625455588
19011,Benton,2260266,Developed/Med Intensity,21290,0.941924534545934
19011,Benton,2260266,Developed/High Intensity,3343,0.14790294593645173
19011,Benton,2260266,Barren,1154,0.05105593766397406
19011,Benton,2260266,Deciduous Forest,67074,2.9675268309128215
19011,Benton,2260266,Evergreen Forest,133,0.005884263179643458
19011,Benton,2260266,Mixed Forest,4040,0.1787400244042073
19011,Benton,2260266,Shrubland,176,0.007786694132460515
19011,Benton,2260266,Grassland/Pasture,260512,11.525723078611101
19011,Benton,2260266,Woody Wetlands,36737,1.6253396724102385
19011,Benton,2260266,Herbaceous Wetlands,10953,0.4845889820047729
19011,Benton,2260266,Triticale,2,8.848516059614222e-5
19185,Wayne,1609560,Corn,273651,17.001602922537838
19185,Wayne,1609560,Sorghum,8,4.970302442903651e-4
19185,Wayne,1609560,Soybeans,264719,16.446668654787644
19185,Wayne,1609560,Sweet Corn,2,1.242575610725913e-4
19185,Wayne,1609560,Barley,6,3.727726832177738e-4
19185,Wayne,1609560,Spring Wheat,14,8.698029275081388e-4
19185,Wayne,1609560,Winter Wheat,1627,0.10108352593255299
19185,Wayne,1609560,Rye,84,0.005218817565048833
19185,Wayne,1609560,Oats,732,0.04547826735256841
19185,Wayne,1609560,Alfalfa,15098,0.9380203285369916
19185,Wayne,1609560,Other Hay/Non Alfalfa,18581,1.1544148711449091
19185,Wayne,1609560,Other Crops,1,6.212878053629564e-5
19185,Wayne,1609560,Clover/Wildflowers,52,0.003230696587887373
19185,Wayne,1609560,Fallow/Idle Cropland,2,1.242575610725913e-4
19185,Wayne,1609560,Open Water,8644,0.5370411789557394
19185,Wayne,1609560,Developed/Open Space,28833,1.7913591292030118
19185,Wayne,1609560,Developed/Low Intensity,32824,2.039315092323368
19185,Wayne,1609560,Developed/Med Intensity,3428,0.2129774596784214
19185,Wayne,1609560,Developed/High Intensity,578,0.035910435149978874
19185,Wayne,1609560,Barren,111,0.006896294639528815
19185,Wayne,1609560,Deciduous Forest,190633,11.843795819975647
19185,Wayne,1609560,Evergreen Forest,1344,0.08350108104078133
19185,Wayne,1609560,Mixed Forest,5886,0.3656900022366361
19185,Wayne,1609560,Shrubland,304,0.018887149283033873
19185,Wayne,1609560,Grassland/Pasture,663174,41.20219190337732
19185,Wayne,1609560,Woody Wetlands,5672,0.35239444320186886
19185,Wayne,1609560,Herbaceous Wetlands,3442,0.21384726260592957
19097,Jackson,2837592,Corn,473939,16.702154502831977
19097,Jackson,2837592,Sorghum,3,1.057234443852393e-4
19097,Jackson,2837592,Soybeans,223904,7.8906340305442075
19097,Jackson,2837592,Winter Wheat,253,0.008916010476488516
19097,Jackson,2837592,Rye,101,0.0035593559609697237
19097,Jackson,2837592,Oats,2342,0.0825347689167435
19097,Jackson,2837592,Alfalfa,41746,1.4711769697687334
19097,Jackson,2837592,Other Hay/Non Alfalfa,1723,0.06072049822525578
19097,Jackson,2837592,Dry Beans,6,2.114468887704786e-4
19097,Jackson,2837592,Other Crops,14,4.933760737977834e-4
19097,Jackson,2837592,Clover/Wildflowers,8,2.8192918502730483e-4
19097,Jackson,2837592,Sod/Grass Seed,31,0.0010924755919808063
19097,Jackson,2837592,Fallow/Idle Cropland,13,4.581349256693703e-4
19097,Jackson,2837592,Open Water,47069,1.6587656012562766
19097,Jackson,2837592,Developed/Open Space,41289,1.4550717650740488
19097,Jackson,2837592,Developed/Low Intensity,38125,1.3435687723957497
19097,Jackson,2837592,Developed/Med Intensity,14366,0.5062743340127827
19097,Jackson,2837592,Developed/High Intensity,2849,0.10040203101784895
19097,Jackson,2837592,Barren,1728,0.060896703965897844
19097,Jackson,2837592,Deciduous Forest,340887,12.013249262050358
19097,Jackson,2837592,Evergreen Forest,4208,0.14829475132436234
19097,Jackson,2837592,Mixed Forest,78147,2.753990002791099
19097,Jackson,2837592,Shrubland,317,0.011171443956706955
19097,Jackson,2837592,Grassland/Pasture,507898,17.89890865212476
19097,Jackson,2837592,Woody Wetlands,32088,1.1308179611445197
19097,Jackson,2837592,Herbaceous Wetlands,19834,0.6989729319789455
19113,Linn,2261944,Corn,656530,29.025033334158586
19113,Linn,2261944,Sorghum,35,0.0015473415787481918
19113,Linn,2261944,Soybeans,446850,19.75513098467513
19113,Linn,2261944,Barley,34,0.0015031318193553863
19113,Linn,2261944,Spring Wheat,29,0.001282083022391359
19113,Linn,2261944,Winter Wheat,709,0.03134471940949909
19113,Linn,2261944,Dbl Crop WinWht/Soybeans,28,0.0012378732629985535
19113,Linn,2261944,Rye,283,0.012511361908163952
19113,Linn,2261944,Oats,3746,0.16560975868544933
19113,Linn,2261944,Alfalfa,21110,0.9332680207821237
19113,Linn,2261944,Other Hay/Non Alfalfa,2247,0.09933932935563392
19113,Linn,2261944,Other Crops,6,2.652585563568329e-4
19113,Linn,2261944,Peas,1,4.420975939280548e-5
19113,Linn,2261944,Clover/Wildflowers,6,2.652585563568329e-4
19113,Linn,2261944,Sod/Grass Seed,215,0.009505098269453179
19113,Linn,2261944,Switchgrass,9,3.9788783453524937e-4
19113,Linn,2261944,Fallow/Idle Cropland,22,9.726147066417205e-4
19113,Linn,2261944,Open Water,24007,1.0613436937430811
19113,Linn,2261944,Developed/Open Space,97439,4.307754745475574
19113,Linn,2261944,Developed/Low Intensity,117178,5.1804111861301605
19113,Linn,2261944,Developed/Med Intensity,84717,3.7453181864803016
19113,Linn,2261944,Developed/High Intensity,30770,1.3603342965166247
19113,Linn,2261944,Barren,5070,0.2241434801215238
19113,Linn,2261944,Deciduous Forest,187535,8.290877227729776
19113,Linn,2261944,Evergreen Forest,542,0.02396168959090057
19113,Linn,2261944,Mixed Forest,14674,0.6487340093300277
19113,Linn,2261944,Shrubland,179,0.00791354693131218
19113,Linn,2261944,Grassland/Pasture,322122,14.240936115129287
19113,Linn,2261944,Woody Wetlands,62963,2.7835790806492113
19113,Linn,2261944,Herbaceous Wetlands,9359,0.4137591381572665
19113,Linn,2261944,Triticale,1,4.420975939280548e-5
19113,Linn,2261944,Dbl Crop Triticale/Corn,1,4.420975939280548e-5
19113,Linn,2261944,Pumpkins,29,0.001282083022391359
19059,Dickinson,1188058,Corn,414061,34.851918004003174
19059,Dickinson,1188058,Sorghum,1,8.417097481772776e-5
19059,Dickinson,1188058,Soybeans,364038,30.64143333069598
19059,Dickinson,1188058,Sweet Corn,6,5.050258489063665e-4
19059,Dickinson,1188058,Pop or Orn Corn,2,1.6834194963545552e-4
19059,Dickinson,1188058,Barley,1,8.417097481772776e-5
19059,Dickinson,1188058,Winter Wheat,1,8.417097481772776e-5
19059,Dickinson,1188058,Rye,42,0.0035351809423445654
19059,Dickinson,1188058,Oats,7621,0.6414669990859032
19059,Dickinson,1188058,Alfalfa,4242,0.35705327517680113
19059,Dickinson,1188058,Other Hay/Non Alfalfa,1422,0.11969112619080886
19059,Dickinson,1188058,Other Crops,9,7.575387733595498e-4
19059,Dickinson,1188058,Peas,4,3.3668389927091105e-4
19059,Dickinson,1188058,Apples,17,0.0014309065719013718
19059,Dickinson,1188058,Open Water,69020,5.8094806819195695
19059,Dickinson,1188058,Developed/Open Space,41114,3.460605458656059
19059,Dickinson,1188058,Developed/Low Intensity,20294,1.708165762950967
19059,Dickinson,1188058,Developed/Med Intensity,13996,1.1780569635489175
19059,Dickinson,1188058,Developed/High Intensity,4015,0.33794646389317695
19059,Dickinson,1188058,Barren,2861,0.2408131589535191
19059,Dickinson,1188058,Deciduous Forest,460,0.03871864841615477
19059,Dickinson,1188058,Evergreen Forest,29,0.002440958269714105
19059,Dickinson,1188058,Mixed Forest,18743,1.577616581008671
19059,Dickinson,1188058,Shrubland,329,0.02769225071503243
19059,Dickinson,1188058,Grassland/Pasture,139831,11.76971157973769
19059,Dickinson,1188058,Woody Wetlands,360,0.03030155093438199
19059,Dickinson,1188058,Herbaceous Wetlands,62214,5.236613027310114
19059,Dickinson,1188058,Dbl Crop Soybeans/Oats,3,2.5251292445318326e-4
19043,Clayton,3353280,Corn,578105,17.239985924229412
19043,Clayton,3353280,Sorghum,134,0.003996087412921081
19043,Clayton,3353280,Soybeans,272738,8.133469319591564
19043,Clayton,3353280,Barley,72,0.00214715144574864
19043,Clayton,3353280,Spring Wheat,119,0.0035487641950567804
19043,Clayton,3353280,Winter Wheat,119,0.0035487641950567804
19043,Clayton,3353280,Rye,1343,0.04005033877278366
19043,Clayton,3353280,Oats,5034,0.15012167191525908
19043,Clayton,3353280,Alfalfa,56612,1.6882574673155835
19043,Clayton,3353280,Other Hay/Non Alfalfa,3824,0.1140375990075389
19043,Clayton,3353280,Other Crops,34,0.00101393262715908
19043,Clayton,3353280,Clover/Wildflowers,182,0.00542752171008684
19043,Clayton,3353280,Sod/Grass Seed,5,1.4910773928810002e-4
19043,Clayton,3353280,Switchgrass,91,0.00271376085504342
19043,Clayton,3353280,Open Water,48720,1.4529058116232465
19043,Clayton,3353280,Developed/Open Space,44150,1.316621337913923
19043,Clayton,3353280,Developed/Low Intensity,52011,1.5510485256226738
19043,Clayton,3353280,Developed/Med Intensity,14030,0.4183963164424086
19043,Clayton,3353280,Developed/High Intensity,1701,0.050726452905811625
19043,Clayton,3353280,Barren,3163,0.09432555587365206
19043,Clayton,3353280,Deciduous Forest,617301,18.408871314056686
19043,Clayton,3353280,Evergreen Forest,1474,0.043956961542131884
19043,Clayton,3353280,Mixed Forest,11238,0.33513455482393356
19043,Clayton,3353280,Shrubland,369,0.01100415115946178
19043,Clayton,3353280,Grassland/Pasture,533685,15.91531276839393
19043,Clayton,3353280,Woody Wetlands,24283,0.7241566466265865
19043,Clayton,3353280,Herbaceous Wetlands,14109,0.4207522187231606
19043,Clayton,3353280,Triticale,79,0.0023559022807519803
19021,Buena Vista,1699070,Corn,721806,42.48241685157174
19021,Buena Vista,1699070,Sorghum,1,5.8855726956511506e-5
19021,Buena Vista,1699070,Soybeans,649571,38.23097341486814
19021,Buena Vista,1699070,Sweet Corn,191,0.011241443848693697
19021,Buena Vista,1699070,Pop or Orn Corn,53,0.0031193535286951094
19021,Buena Vista,1699070,Barley,1,5.8855726956511506e-5
19021,Buena Vista,1699070,Rye,265,0.015596767643475548
19021,Buena Vista,1699070,Oats,1274,0.07498219614259566
19021,Buena Vista,1699070,Alfalfa,6252,0.3679660049321099
19021,Buena Vista,1699070,Other Hay/Non Alfalfa,1246,0.07333423578781334
19021,Buena Vista,1699070,Dry Beans,4,2.3542290782604602e-4
19021,Buena Vista,1699070,Other Crops,13,7.651244504346496e-4
19021,Buena Vista,1699070,Peas,18,0.001059403085217207
19021,Buena Vista,1699070,Open Water,18678,1.099307268093722
19021,Buena Vista,1699070,Developed/Open Space,45727,2.6912958265404017
19021,Buena Vista,1699070,Developed/Low Intensity,33317,1.9608962550100937
19021,Buena Vista,1699070,Developed/Med Intensity,14496,0.8531726179615907
19021,Buena Vista,1699070,Developed/High Intensity,3957,0.23289211156691603
19021,Buena Vista,1699070,Barren,2404,0.14148916760345365
19021,Buena Vista,1699070,Deciduous Forest,13564,0.798319080438122
19021,Buena Vista,1699070,Evergreen Forest,157,0.009240349132172306
19021,Buena Vista,1699070,Mixed Forest,6226,0.3664357560312406
19021,Buena Vista,1699070,Shrubland,185,0.010888309486954628
19021,Buena Vista,1699070,Grassland/Pasture,131460,7.737173865703002
19021,Buena Vista,1699070,Woody Wetlands,4823,0.283861171111255
19021,Buena Vista,1699070,Herbaceous Wetlands,16753,0.9860099937024371
19021,Buena Vista,1699070,Dbl Crop Soybeans/Oats,1,5.8855726956511506e-5
19129,Mills,1349690,Corn,443601,32.86688054293949
19129,Mills,1349690,Sorghum,4,2.963643503322985e-4
19129,Mills,1349690,Soybeans,423608,31.385577428891075
19129,Mills,1349690,Pop or Orn Corn,28,0.0020745504523260894
19129,Mills,1349690,Winter Wheat,1643,0.12173165689899161
19129,Mills,1349690,Rye,8,5.92728700664597e-4
19129,Mills,1349690,Oats,207,0.015336855129696448
19129,Mills,1349690,Alfalfa,2576,0.19085864161400026
19129,Mills,1349690,Other Hay/Non Alfalfa,2586,0.191599552489831
19129,Mills,1349690,Dry Beans,1,7.409108758307463e-5
19129,Mills,1349690,Other Crops,17,0.0012595484889122688
19129,Mills,1349690,Peas,2,1.4818217516614926e-4
19129,Mills,1349690,Clover/Wildflowers,6,4.445465254984478e-4
19129,Mills,1349690,Fallow/Idle Cropland,423,0.03134053004764057
19129,Mills,1349690,Open Water,17263,1.2790344449466173
19129,Mills,1349690,Developed/Open Space,21663,1.6050352303121458
19129,Mills,1349690,Developed/Low Intensity,40061,2.9681630596655526
19129,Mills,1349690,Developed/Med Intensity,10418,0.7718809504404716
19129,Mills,1349690,Developed/High Intensity,1868,0.1384021516051834
19129,Mills,1349690,Barren,2097,0.15536901066170752
19129,Mills,1349690,Deciduous Forest,98487,7.297008942794271
19129,Mills,1349690,Evergreen Forest,2366,0.17529951322155457
19129,Mills,1349690,Mixed Forest,1015,0.07520245389682076
19129,Mills,1349690,Shrubland,267,0.01978232038468093
19129,Mills,1349690,Grassland/Pasture,181568,13.452570590283694
19129,Mills,1349690,Woody Wetlands,8259,0.6119182923486134
19129,Mills,1349690,Herbaceous Wetlands,10368,0.7681763960613178
19129,Mills,1349690,Dbl Crop WinWht/Sorghum,3,2.222732627492239e-4
19049,Dallas,1879616,Corn,541763,28.823068116040723
19049,Dallas,1879616,Sorghum,16,8.512376996152405e-4
19049,Dallas,1879616,Soybeans,483269,25.71104949095985
19049,Dallas,1879616,Sunflower,11,5.852259184854779e-4
19049,Dallas,1879616,Sweet Corn,578,0.030750961898600566
19049,Dallas,1879616,Barley,64,0.003404950798460962
19049,Dallas,1879616,Spring Wheat,3,1.596070686778576e-4
19049,Dallas,1879616,Winter Wheat,624,0.03319827028499438
19049,Dallas,1879616,Dbl Crop WinWht/Soybeans,33,0.0017556777554564337
19049,Dallas,1879616,Rye,972,0.05171269025162587
19049,Dallas,1879616,Oats,2005,0.10667072423303484
19049,Dallas,1879616,Millet,5,2.660117811297627e-4
19049,Dallas,1879616,Alfalfa,11943,0.6353957404065511
19049,Dallas,1879616,Other Hay/Non Alfalfa,2908,0.15471245190506996
19049,Dallas,1879616,Buckwheat,1,5.3202356225952534e-5
19049,Dallas,1879616,Other Crops,23,0.0012236541931969084
19049,Dallas,1879616,Peas,600,0.031921413735571516
19049,Dallas,1879616,Clover/Wildflowers,34,0.0018088801116823863
19049,Dallas,1879616,Sod/Grass Seed,803,0.04272149204943988
19049,Dallas,1879616,Switchgrass,3,1.596070686778576e-4
19049,Dallas,1879616,Christmas Trees,4,2.1280942490381014e-4
19049,Dallas,1879616,Open Water,20333,1.0817635091422928
19049,Dallas,1879616,Developed/Open Space,56693,3.016201181517927
19049,Dallas,1879616,Developed/Low Intensity,57999,3.0856834587490214
19049,Dallas,1879616,Developed/Med Intensity,41744,2.2208791582961624
19049,Dallas,1879616,Developed/High Intensity,7470,0.3974216010078654
19049,Dallas,1879616,Barren,4182,0.22249225373693352
19049,Dallas,1879616,Deciduous Forest,140005,7.448595883414484
19049,Dallas,1879616,Evergreen Forest,285,0.015162671524396473
19049,Dallas,1879616,Mixed Forest,10090,0.536811774319861
19049,Dallas,1879616,Shrubland,121,0.006437485103340256
19049,Dallas,1879616,Grassland/Pasture,275512,14.657887568524636
19049,Dallas,1879616,Woody Wetlands,34140,1.8163284415540195
19049,Dallas,1879616,Herbaceous Wetlands,10979,0.5841086690047329
19049,Dallas,1879616,Pumpkins,1,5.3202356225952534e-5
19049,Dallas,1879616,Dbl Crop WinWht/Sorghum,5,2.660117811297627e-4
19125,Marion,1748824,Corn,316616,18.10450908724949
19125,Marion,1748824,Sorghum,7,4.002689807550674e-4
19125,Marion,1748824,Soybeans,308719,17.65294849567481
19125,Marion,1748824,Barley,14,8.005379615101348e-4
19125,Marion,1748824,Spring Wheat,14,8.005379615101348e-4
19125,Marion,1748824,Winter Wheat,200,0.011436256593001926
19125,Marion,1748824,Rye,160,0.009149005274401541
19125,Marion,1748824,Oats,1169,0.06684491978609625
19125,Marion,1748824,Alfalfa,24004,1.3725795162920913
19125,Marion,1748824,Other Hay/Non Alfalfa,4335,0.24788086165331674
19125,Marion,1748824,Other Crops,3,1.715438488950289e-4
19125,Marion,1748824,Clover/Wildflowers,4,2.2872513186003853e-4
19125,Marion,1748824,Fallow/Idle Cropland,19,0.001086444376335183
19125,Marion,1748824,Open Water,113707,6.501912142102349
19125,Marion,1748824,Developed/Open Space,48200,2.7561378389134643
19125,Marion,1748824,Developed/Low Intensity,40482,2.3148126969895197
19125,Marion,1748824,Developed/Med Intensity,16792,0.9601881035484418
19125,Marion,1748824,Developed/High Intensity,4035,0.23072647676381386
19125,Marion,1748824,Barren,1520,0.08691555010681463
19125,Marion,1748824,Deciduous Forest,266902,15.261798785927
19125,Marion,1748824,Evergreen Forest,633,0.036195752116851096
19125,Marion,1748824,Mixed Forest,19263,1.1014830537549805
19125,Marion,1748824,Shrubland,52,0.0029734267141805007
19125,Marion,1748824,Grassland/Pasture,433601,24.793861474911143
19125,Marion,1748824,Woody Wetlands,16420,0.9389166662854581
19125,Marion,1748824,Herbaceous Wetlands,27521,1.57368608848003
19125,Marion,1748824,Triticale,6,3.430876977900578e-4
19123,Mahaska,1775424,Corn,549670,30.959928445261525
19123,Mahaska,1775424,Sorghum,11,6.195703110918856e-4
19123,Mahaska,1775424,Soybeans,469054,26.419266608990306
19123,Mahaska,1775424,Barley,1,5.632457373562597e-5
19123,Mahaska,1775424,Winter Wheat,22,0.0012391406221837712
19123,Mahaska,1775424,Dbl Crop WinWht/Soybeans,23,0.0012954651959193972
19123,Mahaska,1775424,Rye,72,0.00405536930896507
19123,Mahaska,1775424,Oats,850,0.04787588767528208
19123,Mahaska,1775424,Alfalfa,12845,0.7234891496341156
19123,Mahaska,1775424,Other Hay/Non Alfalfa,1546,0.08707779099527775
19123,Mahaska,1775424,Other Crops,4,2.2529829494250387e-4
19123,Mahaska,1775424,Clover/Wildflowers,10,5.632457373562597e-4
19123,Mahaska,1775424,Sod/Grass Seed,1,5.632457373562597e-5
19123,Mahaska,1775424,Switchgrass,6,3.379474424137558e-4
19123,Mahaska,1775424,Open Water,15261,0.8595693197793878
19123,Mahaska,1775424,Developed/Open Space,32311,1.8199033019718105
19123,Mahaska,1775424,Developed/Low Intensity,49533,2.789925110846761
19123,Mahaska,1775424,Developed/Med Intensity,19033,1.0720256119101692
19123,Mahaska,1775424,Developed/High Intensity,3405,0.19178517356980643
19123,Mahaska,1775424,Barren,727,0.04094796510580008
19123,Mahaska,1775424,Deciduous Forest,118343,6.665619029595184
19123,Mahaska,1775424,Evergreen Forest,152,0.008561335207815147
19123,Mahaska,1775424,Mixed Forest,4599,0.2590367146101438
19123,Mahaska,1775424,Shrubland,147,0.008279712339137017
19123,Mahaska,1775424,Grassland/Pasture,332134,18.707305973108397
19123,Mahaska,1775424,Woody Wetlands,31045,1.7485963916225082
19123,Mahaska,1775424,Herbaceous Wetlands,11933,0.6721211383872246
19123,Mahaska,1775424,Triticale,2,1.1264914747125194e-4
19007,Appanoose,1606440,Corn,152234,9.476482159308782
19007,Appanoose,1606440,Sorghum,112,0.006971937949752248
19007,Appanoose,1606440,Soybeans,157464,9.802046761783819
19007,Appanoose,1606440,Barley,2,1.2449889195986156e-4
19007,Appanoose,1606440,Spring Wheat,1,6.224944597993078e-5
19007,Appanoose,1606440,Winter Wheat,1903,0.11846069569980827
19007,Appanoose,1606440,Dbl Crop WinWht/Soybeans,1,6.224944597993078e-5
19007,Appanoose,1606440,Rye,144,0.008963920221110032
19007,Appanoose,1606440,Oats,849,0.05284977963696123
19007,Appanoose,1606440,Alfalfa,14493,0.9021812205871368
19007,Appanoose,1606440,Other Hay/Non Alfalfa,12292,0.7651701899853092
19007,Appanoose,1606440,Other Crops,3,1.8674833793979234e-4
19007,Appanoose,1606440,Clover/Wildflowers,73,0.004544209556534947
19007,Appanoose,1606440,Open Water,60409,3.7604267822016384
19007,Appanoose,1606440,Developed/Open Space,32159,2.0018799332685937
19007,Appanoose,1606440,Developed/Low Intensity,36824,2.2922735987649707
19007,Appanoose,1606440,Developed/Med Intensity,5630,0.35046438086701026
19007,Appanoose,1606440,Developed/High Intensity,1063,0.06617116107666642
19007,Appanoose,1606440,Barren,564,0.03510868753268096
19007,Appanoose,1606440,Deciduous Forest,334761,20.838686785687607
19007,Appanoose,1606440,Evergreen Forest,1632,0.10159109583924703
19007,Appanoose,1606440,Mixed Forest,7273,0.45274022061203656
19007,Appanoose,1606440,Shrubland,273,0.016994098752521104
19007,Appanoose,1606440,Grassland/Pasture,639956,39.836906451532585
19007,Appanoose,1606440,Woody Wetlands,16278,1.0132964816613133
19007,Appanoose,1606440,Herbaceous Wetlands,11774,0.732924976967705
19007,Appanoose,1606440,Triticale,14,8.71492243719031e-4
19177,Van Buren,1573488,Corn,209231,13.297273318894076
19177,Van Buren,1573488,Sorghum,63,0.0040038436899423446
19177,Van Buren,1573488,Soybeans,210928,13.405122886224744
19177,Van Buren,1573488,Barley,1,6.355307444352928e-5
19177,Van Buren,1573488,Winter Wheat,1387,0.0881481142531751
19177,Van Buren,1573488,Dbl Crop WinWht/Soybeans,6,3.8131844666117567e-4
19177,Van Buren,1573488,Rye,145,0.009215195794311746
19177,Van Buren,1573488,Oats,1447,0.09196129871978687
19177,Van Buren,1573488,Alfalfa,13125,0.8341341020713218
19177,Van Buren,1573488,Other Hay/Non Alfalfa,6539,0.41557355378623795
19177,Van Buren,1573488,Other Crops,17,0.0010804022655399978
19177,Van Buren,1573488,Clover/Wildflowers,22,0.0013981676377576443
19177,Van Buren,1573488,Sod/Grass Seed,3,1.9065922333058783e-4
19177,Van Buren,1573488,Switchgrass,1,6.355307444352928e-5
19177,Van Buren,1573488,Open Water,25300,1.6078927834212906
19177,Van Buren,1573488,Developed/Open Space,26141,1.661340919028299
19177,Van Buren,1573488,Developed/Low Intensity,31138,1.9789156320226147
19177,Van Buren,1573488,Developed/Med Intensity,6102,0.3878008602544157
19177,Van Buren,1573488,Developed/High Intensity,733,0.04658440356710696
19177,Van Buren,1573488,Barren,804,0.051096671852597544
19177,Van Buren,1573488,Deciduous Forest,417318,26.52184192062475
19177,Van Buren,1573488,Evergreen Forest,3761,0.2390231129821136
19177,Van Buren,1573488,Mixed Forest,6390,0.4061041456941521
19177,Van Buren,1573488,Shrubland,423,0.026882950489612888
19177,Van Buren,1573488,Grassland/Pasture,440705,28.00815767263557
19177,Van Buren,1573488,Woody Wetlands,9607,0.6105543861789858
19177,Van Buren,1573488,Herbaceous Wetlands,2892,0.18379549129068667
19103,Johnson,2215350,Corn,488789,22.06373710700341
19103,Johnson,2215350,Sorghum,6,2.708375651702891e-4
19103,Johnson,2215350,Soybeans,406792,18.362425801792043
19103,Johnson,2215350,Barley,7,3.1597715936533733e-4
19103,Johnson,2215350,Winter Wheat,2124,0.09587649807028235
19103,Johnson,2215350,Dbl Crop WinWht/Soybeans,4,1.8055837678019273e-4
19103,Johnson,2215350,Rye,247,0.011149479766176902
19103,Johnson,2215350,Oats,4036,0.18218340217121448
19103,Johnson,2215350,Alfalfa,28276,1.2763671654591826
19103,Johnson,2215350,Other Hay/Non Alfalfa,3346,0.15103708217663123
19103,Johnson,2215350,Other Crops,5,2.2569797097524093e-4
19103,Johnson,2215350,Peas,1,4.513959419504818e-5
19103,Johnson,2215350,Clover/Wildflowers,10,4.5139594195048186e-4
19103,Johnson,2215350,Sod/Grass Seed,1027,0.046358363238314486
19103,Johnson,2215350,Switchgrass,97,0.0043785406369196735
19103,Johnson,2215350,Fallow/Idle Cropland,1,4.513959419504818e-5
19103,Johnson,2215350,Open Water,37983,1.7145372063105153
19103,Johnson,2215350,Developed/Open Space,56452,2.5482203714988603
19103,Johnson,2215350,Developed/Low Intensity,81857,3.6949917620240593
19103,Johnson,2215350,Developed/Med Intensity,50010,2.25743110569436
19103,Johnson,2215350,Developed/High Intensity,14856,0.6705938113616359
19103,Johnson,2215350,Barren,3402,0.15356489945155394
19103,Johnson,2215350,Deciduous Forest,158356,7.14812557835105
19103,Johnson,2215350,Evergreen Forest,726,0.032771345385604986
19103,Johnson,2215350,Mixed Forest,15704,0.7088721872390368
19103,Johnson,2215350,Shrubland,121,0.00546189089760083
19103,Johnson,2215350,Grassland/Pasture,348889,15.748707879116166
19103,Johnson,2215350,Woody Wetlands,50404,2.2752161058072087
19103,Johnson,2215350,Herbaceous Wetlands,42645,1.92497799444783
19103,Johnson,2215350,Triticale,1,4.513959419504818e-5
19103,Johnson,2215350,Pumpkins,3,1.3541878258514455e-4
19197,Wright,1750185,Corn,754364,43.10195779303331
19197,Wright,1750185,Sorghum,2,1.1427363393012738e-4
19197,Wright,1750185,Soybeans,627414,35.84843887931847
19197,Wright,1750185,Sunflower,1,5.713681696506369e-5
19197,Wright,1750185,Sweet Corn,2150,0.12284415647488695
19197,Wright,1750185,Barley,19,0.0010855995223362103
19197,Wright,1750185,Winter Wheat,19,0.0010855995223362103
19197,Wright,1750185,Rye,214,0.012227278830523632
19197,Wright,1750185,Oats,1517,0.08667655133600162
19197,Wright,1750185,Millet,10,5.713681696506369e-4
19197,Wright,1750185,Alfalfa,5015,0.28654113707979445
19197,Wright,1750185,Other Hay/Non Alfalfa,942,0.053822881581090005
19197,Wright,1750185,Peas,3,1.7141045089519107e-4
19197,Wright,1750185,Sod/Grass Seed,12,6.856418035807643e-4
19197,Wright,1750185,Open Water,7719,0.44103909015332665
19197,Wright,1750185,Developed/Open Space,45728,2.6127523661784324
19197,Wright,1750185,Developed/Low Intensity,27820,1.5895462479680718
19197,Wright,1750185,Developed/Med Intensity,12270,0.7010687441613315
19197,Wright,1750185,Developed/High Intensity,3722,0.21266323274396706
19197,Wright,1750185,Barren,1590,0.09084753897445128
19197,Wright,1750185,Deciduous Forest,10617,0.6066215857180812
19197,Wright,1750185,Evergreen Forest,19,0.0010855995223362103
19197,Wright,1750185,Mixed Forest,299,0.017083908272554044
19197,Wright,1750185,Shrubland,52,0.0029711144821833123
19197,Wright,1750185,Grassland/Pasture,131416,7.508691938280811
19197,Wright,1750185,Woody Wetlands,26067,1.4893854078283153
19197,Wright,1750185,Herbaceous Wetlands,19120,1.0924559403720178
19197,Wright,1750185,Triticale,1,5.713681696506369e-5
19137,Montgomery,1237720,Corn,434573,35.1107681866658
19137,Montgomery,1237720,Sorghum,9,7.271434573247584e-4
19137,Montgomery,1237720,Soybeans,390288,31.53281840804059
19137,Montgomery,1237720,Pop or Orn Corn,7,5.65556022363701e-4
19137,Montgomery,1237720,Winter Wheat,18,0.0014542869146495169
19137,Montgomery,1237720,Rye,12,9.695246097663446e-4
19137,Montgomery,1237720,Oats,196,0.015835568626183627
19137,Montgomery,1237720,Alfalfa,5782,0.46714927447241705
19137,Montgomery,1237720,Other Hay/Non Alfalfa,4850,0.3918495297805642
19137,Montgomery,1237720,Dry Beans,2,1.6158743496105742e-4
19137,Montgomery,1237720,Other Crops,4,3.2317486992211483e-4
19137,Montgomery,1237720,Clover/Wildflowers,4,3.2317486992211483e-4
19137,Montgomery,1237720,Sod/Grass Seed,1,8.079371748052871e-5
19137,Montgomery,1237720,Fallow/Idle Cropland,45,0.0036357172866237925
19137,Montgomery,1237720,Open Water,8343,0.6740619849400511
19137,Montgomery,1237720,Developed/Open Space,25025,2.021862779950231
19137,Montgomery,1237720,Developed/Low Intensity,33388,2.6975406392398926
19137,Montgomery,1237720,Developed/Med Intensity,6589,0.5323498044792037
19137,Montgomery,1237720,Developed/High Intensity,1511,0.12207930711307889
19137,Montgomery,1237720,Barren,481,0.038861778108134314
19137,Montgomery,1237720,Deciduous Forest,53496,4.322140710338364
19137,Montgomery,1237720,Evergreen Forest,313,0.025288433571405484
19137,Montgomery,1237720,Mixed Forest,1422,0.11488866625731184
19137,Montgomery,1237720,Shrubland,155,0.01252302620948195
19137,Montgomery,1237720,Grassland/Pasture,246985,19.954836311928386
19137,Montgomery,1237720,Woody Wetlands,9507,0.7681058720873866
19137,Montgomery,1237720,Herbaceous Wetlands,2118,0.17112109362375982
19175,Union,1263155,Corn,249332,19.738828568148804
19175,Union,1263155,Sorghum,128,0.010133356555608774
19175,Union,1263155,Soybeans,226141,17.90287019407753
19175,Union,1263155,Sunflower,5,3.958342404534677e-4
19175,Union,1263155,Sweet Corn,7,5.541679366348548e-4
19175,Union,1263155,Pop or Orn Corn,1,7.916684809069355e-5
19175,Union,1263155,Spring Wheat,25,0.001979171202267339
19175,Union,1263155,Winter Wheat,959,0.07592100731897511
19175,Union,1263155,Dbl Crop WinWht/Soybeans,2,1.583336961813871e-4
19175,Union,1263155,Rye,429,0.03396257783090753
19175,Union,1263155,Oats,4505,0.35664665064857437
19175,Union,1263155,Millet,1,7.916684809069355e-5
19175,Union,1263155,Alfalfa,24464,1.9367377716907268
19175,Union,1263155,Other Hay/Non Alfalfa,11984,0.9487355075188714
19175,Union,1263155,Other Crops,6,4.750010885441612e-4
19175,Union,1263155,Peas,9,7.125016328162419e-4
19175,Union,1263155,Clover/Wildflowers,76,0.006016680454892709
19175,Union,1263155,Sod/Grass Seed,4,3.166673923627742e-4
19175,Union,1263155,Christmas Trees,9,7.125016328162419e-4
19175,Union,1263155,Open Water,16534,1.308944666331527
19175,Union,1263155,Developed/Open Space,26033,2.0609505563450248
19175,Union,1263155,Developed/Low Intensity,31214,2.4711139963029085
19175,Union,1263155,Developed/Med Intensity,7664,0.6067347237670753
19175,Union,1263155,Developed/High Intensity,1415,0.11202109004833136
19175,Union,1263155,Barren,596,0.047183441462053353
19175,Union,1263155,Deciduous Forest,112752,8.926220455921879
19175,Union,1263155,Evergreen Forest,3656,0.2894339966195756
19175,Union,1263155,Mixed Forest,13272,1.0507024078596847
19175,Union,1263155,Shrubland,265,0.02097921474403379
19175,Union,1263155,Grassland/Pasture,489140,38.723672075081836
19175,Union,1263155,Woody Wetlands,5696,0.4509343667245904
19175,Union,1263155,Herbaceous Wetlands,1201,0.09507938455692294
19175,Union,1263155,Dbl Crop WinWht/Sorghum,6,4.750010885441612e-4
19107,Keokuk,1814384,Corn,512260,28.233273662025237
19107,Keokuk,1814384,Sorghum,101,0.0055666275716717084
19107,Keokuk,1814384,Soybeans,448513,24.71984982230884
19107,Keokuk,1814384,Spring Wheat,7,3.858058713039798e-4
19107,Keokuk,1814384,Winter Wheat,890,0.049052460780077425
19107,Keokuk,1814384,Dbl Crop WinWht/Soybeans,673,0.037092478769654054
19107,Keokuk,1814384,Rye,29,0.0015983386096879162
19107,Keokuk,1814384,Oats,1864,0.1027345920158026
19107,Keokuk,1814384,Alfalfa,13096,0.7217876700852741
19107,Keokuk,1814384,Other Hay/Non Alfalfa,3657,0.20155601019409344
19107,Keokuk,1814384,Other Crops,4,2.2046049788798845e-4
19107,Keokuk,1814384,Clover/Wildflowers,10,5.51151244719971e-4
19107,Keokuk,1814384,Sod/Grass Seed,11,6.062663691919682e-4
19107,Keokuk,1814384,Switchgrass,12,6.613814936639653e-4
19107,Keokuk,1814384,Open Water,6707,0.36965713983368464
19107,Keokuk,1814384,Developed/Open Space,22563,1.2435625534616708
19107,Keokuk,1814384,Developed/Low Intensity,48997,2.7004757537544424
19107,Keokuk,1814384,Developed/Med Intensity,12483,0.6880020987839398
19107,Keokuk,1814384,Developed/High Intensity,1489,0.0820664203388037
19107,Keokuk,1814384,Barren,1438,0.07925554899073184
19107,Keokuk,1814384,Deciduous Forest,136040,7.497861533170487
19107,Keokuk,1814384,Evergreen Forest,229,0.012621363504087336
19107,Keokuk,1814384,Mixed Forest,2566,0.14142540939514459
19107,Keokuk,1814384,Shrubland,231,0.012731593753031331
19107,Keokuk,1814384,Grassland/Pasture,397748,21.921930528487906
19107,Keokuk,1814384,Woody Wetlands,44545,2.4551032196051112
19107,Keokuk,1814384,Herbaceous Wetlands,15430,0.8504263706029154
19107,Keokuk,1814384,Triticale,2,1.1023024894399422e-4
19169,Story,1737099,Corn,673359,38.763421083081624
19169,Story,1737099,Sorghum,85,0.004893215642862036
19169,Story,1737099,Soybeans,535759,30.84216846593084
19169,Story,1737099,Sunflower,7,4.0297070000040296e-4
19169,Story,1737099,Sweet Corn,396,0.02279662817145137
19169,Story,1737099,Pop or Orn Corn,1,5.756724285720042e-5
19169,Story,1737099,Barley,21,0.0012089121000012088
19169,Story,1737099,Winter Wheat,1620,0.09325893342866469
19169,Story,1737099,Dbl Crop WinWht/Soybeans,2,1.1513448571440084e-4
19169,Story,1737099,Rye,400,0.02302689714288017
19169,Story,1737099,Oats,490,0.028207949000028206
19169,Story,1737099,Millet,1,5.756724285720042e-5
19169,Story,1737099,Alfalfa,8921,0.513557373529085
19169,Story,1737099,Other Hay/Non Alfalfa,2161,0.12440281181441011
19169,Story,1737099,Other Crops,27,0.0015543155571444115
19169,Story,1737099,Peas,35,0.0020148535000020147
19169,Story,1737099,Clover/Wildflowers,1,5.756724285720042e-5
19169,Story,1737099,Sod/Grass Seed,460,0.026480931714312195
19169,Story,1737099,Switchgrass,3,1.7270172857160126e-4
19169,Story,1737099,Fallow/Idle Cropland,2,1.1513448571440084e-4
19169,Story,1737099,Apples,7,4.0297070000040296e-4
19169,Story,1737099,Open Water,6053,0.34845452101463414
19169,Story,1737099,Developed/Open Space,65792,3.7874640420609307
19169,Story,1737099,Developed/Low Intensity,51893,2.9873369335887014
19169,Story,1737099,Developed/Med Intensity,34783,2.0023614083020025
19169,Story,1737099,Developed/High Intensity,9231,0.5314032188148171
19169,Story,1737099,Barren,1662,0.0956767576286671
19169,Story,1737099,Deciduous Forest,53168,3.0607351682316324
19169,Story,1737099,Evergreen Forest,63,0.003626736300003627
19169,Story,1737099,Mixed Forest,4940,0.2843821797145701
19169,Story,1737099,Shrubland,79,0.004547812185718834
19169,Story,1737099,Grassland/Pasture,180829,10.409826958624697
19169,Story,1737099,Woody Wetlands,15623,0.8993730351580422
19169,Story,1737099,Herbaceous Wetlands,5598,0.32226142551460796
19131,Mitchell,1444488,Corn,667365,46.20079917590177
19131,Mitchell,1444488,Sorghum,16,0.0011076589075160194
19131,Mitchell,1444488,Soybeans,380191,26.320121731713936
19131,Mitchell,1444488,Sweet Corn,6,4.153720903185073e-4
19131,Mitchell,1444488,Barley,29,0.0020076317698727855
19131,Mitchell,1444488,Winter Wheat,26,0.0017999457247135319
19131,Mitchell,1444488,Rye,1564,0.1082736582096909
19131,Mitchell,1444488,Oats,3473,0.240431211612696
19131,Mitchell,1444488,Alfalfa,13300,0.9207414668726913
19131,Mitchell,1444488,Other Hay/Non Alfalfa,1093,0.07566694911968809
19131,Mitchell,1444488,Other Crops,22,0.001523030997834527
19131,Mitchell,1444488,Peas,1880,0.1301499216331323
19131,Mitchell,1444488,Clover/Wildflowers,2,1.3845736343950243e-4
19131,Mitchell,1444488,Sod/Grass Seed,11,7.615154989172634e-4
19131,Mitchell,1444488,Fallow/Idle Cropland,1,6.922868171975122e-5
19131,Mitchell,1444488,Open Water,3949,0.27338406411129756
19131,Mitchell,1444488,Developed/Open Space,29675,2.0543611300336178
19131,Mitchell,1444488,Developed/Low Intensity,34568,2.39309706968836
19131,Mitchell,1444488,Developed/Med Intensity,10275,0.7113247046704437
19131,Mitchell,1444488,Developed/High Intensity,1778,0.12308859609771766
19131,Mitchell,1444488,Barren,3240,0.22430092877199398
19131,Mitchell,1444488,Deciduous Forest,46942,3.249732777288562
19131,Mitchell,1444488,Evergreen Forest,161,0.011145817756879946
19131,Mitchell,1444488,Mixed Forest,1117,0.07732843748096212
19131,Mitchell,1444488,Shrubland,41,0.0028383759505098
19131,Mitchell,1444488,Grassland/Pasture,130633,9.043550379096262
19131,Mitchell,1444488,Woody Wetlands,15604,1.080244349554998
19131,Mitchell,1444488,Herbaceous Wetlands,7049,0.48799297744252634
19131,Mitchell,1444488,Triticale,27,0.001869174406433283
19131,Mitchell,1444488,Cabbage,19,0.001315344952675273
19075,Grundy,1834164,Corn,703509,38.35583949963035
19075,Grundy,1834164,Sorghum,1,5.452075168850768e-5
19075,Grundy,1834164,Soybeans,547082,29.82732187525216
19075,Grundy,1834164,Sweet Corn,1,5.452075168850768e-5
19075,Grundy,1834164,Barley,13,7.087697719505998e-4
19075,Grundy,1834164,Spring Wheat,1,5.452075168850768e-5
19075,Grundy,1834164,Winter Wheat,8,4.3616601350806146e-4
19075,Grundy,1834164,Rye,99,0.00539755441716226
19075,Grundy,1834164,Oats,708,0.038600692195463436
19075,Grundy,1834164,Alfalfa,4403,0.24005486968449932
19075,Grundy,1834164,Other Hay/Non Alfalfa,301,0.01641074625824081
19075,Grundy,1834164,Clover/Wildflowers,3,1.6356225506552303e-4
19075,Grundy,1834164,Switchgrass,1,5.452075168850768e-5
19075,Grundy,1834164,Open Water,876,0.04776017847913273
19075,Grundy,1834164,Developed/Open Space,39490,2.153024484179168
19075,Grundy,1834164,Developed/Low Intensity,27256,1.4860176080219654
19075,Grundy,1834164,Developed/Med Intensity,10388,0.5663615685402178
19075,Grundy,1834164,Developed/High Intensity,1486,0.0810178370091224
19075,Grundy,1834164,Barren,632,0.034457115067136855
19075,Grundy,1834164,Deciduous Forest,4849,0.26437112493757375
19075,Grundy,1834164,Evergreen Forest,33,0.0017991848057207535
19075,Grundy,1834164,Mixed Forest,765,0.04170837504170837
19075,Grundy,1834164,Shrubland,6,3.2712451013104606e-4
19075,Grundy,1834164,Grassland/Pasture,97173,5.297945003827357
19075,Grundy,1834164,Woody Wetlands,5631,0.30700635275798677
19075,Grundy,1834164,Herbaceous Wetlands,2336,0.12736047594435393
19191,Winneshiek,2162496,Corn,677199,31.31561861848531
19191,Winneshiek,2162496,Sorghum,29,0.0013410429429696056
19191,Winneshiek,2162496,Soybeans,293694,13.58125055491432
19191,Winneshiek,2162496,Sweet Corn,2,9.248572020480039e-5
19191,Winneshiek,2162496,Barley,316,0.01461274379235846
19191,Winneshiek,2162496,Spring Wheat,19,8.786143419456037e-4
19191,Winneshiek,2162496,Winter Wheat,864,0.03995383112847376
19191,Winneshiek,2162496,Dbl Crop WinWht/Soybeans,26,0.0012023143626624048
19191,Winneshiek,2162496,Rye,379,0.017526043978809674
19191,Winneshiek,2162496,Oats,8612,0.39824351120187046
19191,Winneshiek,2162496,Alfalfa,69393,3.208930791085857
19191,Winneshiek,2162496,Other Hay/Non Alfalfa,3487,0.16124885317706947
19191,Winneshiek,2162496,Dry Beans,147,0.006797700435052828
19191,Winneshiek,2162496,Other Crops,2,9.248572020480039e-5
19191,Winneshiek,2162496,Peas,103,0.00476301459054722
19191,Winneshiek,2162496,Clover/Wildflowers,35,0.0016185001035840065
19191,Winneshiek,2162496,Switchgrass,2,9.248572020480039e-5
19191,Winneshiek,2162496,Open Water,3783,0.17493673976737992
19191,Winneshiek,2162496,Developed/Open Space,25007,1.1563952025807214
19191,Winneshiek,2162496,Developed/Low Intensity,63990,2.959080617952588
19191,Winneshiek,2162496,Developed/Med Intensity,18531,0.8569264405575779
19191,Winneshiek,2162496,Developed/High Intensity,2368,0.10950309272248365
19191,Winneshiek,2162496,Barren,2494,0.11532969309538607
19191,Winneshiek,2162496,Deciduous Forest,289399,13.382637470774512
19191,Winneshiek,2162496,Evergreen Forest,2565,0.11861293616265647
19191,Winneshiek,2162496,Mixed Forest,6252,0.28911036136020596
19191,Winneshiek,2162496,Shrubland,110,0.005086714611264021
19191,Winneshiek,2162496,Grassland/Pasture,513149,23.729477418686553
19191,Winneshiek,2162496,Woody Wetlands,2866,0.13253203705347893
19191,Winneshiek,2162496,Herbaceous Wetlands,4089,0.1890870549587144
19191,Winneshiek,2162496,Triticale,57,0.0026358430258368107
19153,Polk,1958138,Corn,334586,17.086946885255276
19153,Polk,1958138,Sorghum,11,5.617581600479639e-4
19153,Polk,1958138,Soybeans,287058,14.659743082458949
19153,Polk,1958138,Sunflower,17,8.681717018923079e-4
19153,Polk,1958138,Sweet Corn,393,0.02007008699080453
19153,Polk,1958138,Barley,16,8.171027782515839e-4
19153,Polk,1958138,Winter Wheat,1389,0.07093473493696563
19153,Polk,1958138,Dbl Crop WinWht/Soybeans,19,9.703095491737559e-4
19153,Polk,1958138,Rye,520,0.026555840293176477
19153,Polk,1958138,Oats,1782,0.09100482192777015
19153,Polk,1958138,Millet,2,1.0213784728144799e-4
19153,Polk,1958138,Alfalfa,9236,0.4716725787457268
19153,Polk,1958138,Other Hay/Non Alfalfa,4035,0.2060631068903213
19153,Polk,1958138,Other Crops,41,0.0020938258692696837
19153,Polk,1958138,Peas,273,0.01394181615391765
19153,Polk,1958138,Clover/Wildflowers,14,7.14964930970136e-4
19153,Polk,1958138,Sod/Grass Seed,1761,0.08993237453131496
19153,Polk,1958138,Switchgrass,11,5.617581600479639e-4
19153,Polk,1958138,Fallow/Idle Cropland,4,2.0427569456289599e-4
19153,Polk,1958138,Christmas Trees,7,3.57482465485068e-4
19153,Polk,1958138,Open Water,59197,3.023127072759938
19153,Polk,1958138,Developed/Open Space,140754,7.188155278126465
19153,Polk,1958138,Developed/Low Intensity,198088,10.116140946143734
19153,Polk,1958138,Developed/Med Intensity,145753,7.443448827406445
19153,Polk,1958138,Developed/High Intensity,53585,2.736528273288195
19153,Polk,1958138,Barren,4658,0.23787904631849235
19153,Polk,1958138,Deciduous Forest,101910,5.204434008226182
19153,Polk,1958138,Evergreen Forest,202,0.010315922575426247
19153,Polk,1958138,Mixed Forest,10756,0.5492973426796273
19153,Polk,1958138,Shrubland,112,0.005719719447761088
19153,Polk,1958138,Grassland/Pasture,283065,14.455824870361536
19153,Polk,1958138,Woody Wetlands,44800,2.287887779104435
19153,Polk,1958138,Herbaceous Wetlands,22222,1.1348536211441687
19153,Polk,1958138,Dbl Crop WinWht/Sorghum,2,1.0213784728144799e-4
19153,Polk,1958138,Dbl Crop Soybeans/Oats,1,5.1068923640723996e-5
19161,Sac,1914498,Corn,737569,38.525451580518755
19161,Sac,1914498,Sorghum,41,0.0021415535560757966
19161,Sac,1914498,Soybeans,626051,32.70053037401971
19161,Sac,1914498,Sweet Corn,22,0.0011491262983821346
19161,Sac,1914498,Pop or Orn Corn,4651,0.24293574608069582
19161,Sac,1914498,Barley,538,0.028101361296799476
19161,Sac,1914498,Winter Wheat,85,0.004439806152840065
19161,Sac,1914498,Rye,193,0.010080971617625091
19161,Sac,1914498,Oats,1811,0.0945939875622748
19161,Sac,1914498,Alfalfa,10157,0.5305307187576065
19161,Sac,1914498,Other Hay/Non Alfalfa,1393,0.07276058789301425
19161,Sac,1914498,Dry Beans,8,4.178641085025944e-4
19161,Sac,1914498,Other Crops,8,4.178641085025944e-4
19161,Sac,1914498,Peas,5,2.611650678141215e-4
19161,Sac,1914498,Clover/Wildflowers,2,1.044660271256486e-4
19161,Sac,1914498,Sod/Grass Seed,9,4.700971220654187e-4
19161,Sac,1914498,Fallow/Idle Cropland,1,5.22330135628243e-5
19161,Sac,1914498,Open Water,9257,0.4835210065510646
19161,Sac,1914498,Developed/Open Space,50084,2.6160382512804925
19161,Sac,1914498,Developed/Low Intensity,27630,1.4431981647408354
19161,Sac,1914498,Developed/Med Intensity,13671,0.714077528417371
19161,Sac,1914498,Developed/High Intensity,2747,0.14348408825707837
19161,Sac,1914498,Barren,2048,0.10697321177666416
19161,Sac,1914498,Deciduous Forest,13310,0.6952214105211915
19161,Sac,1914498,Evergreen Forest,97,0.005066602315593957
19161,Sac,1914498,Mixed Forest,615,0.032123303341136944
19161,Sac,1914498,Shrubland,92,0.004805437247779836
19161,Sac,1914498,Grassland/Pasture,142330,7.434324820396783
19161,Sac,1914498,Woody Wetlands,5693,0.2973625462131588
19161,Sac,1914498,Herbaceous Wetlands,16944,0.885036181808495
19161,Sac,1914498,Dbl Crop WinWht/Sorghum,8,4.178641085025944e-4
19127,Marshall,1758195,Corn,649563,36.94487812785272
19127,Marshall,1758195,Sorghum,18,0.001023777226075606
19127,Marshall,1758195,Soybeans,541051,30.77309399696848
19127,Marshall,1758195,Sweet Corn,127,0.007223317095088997
19127,Marshall,1758195,Barley,14,7.962711758365824e-4
19127,Marshall,1758195,Winter Wheat,6,3.412590753585353e-4
19127,Marshall,1758195,Rye,1534,0.08724857026666553
19127,Marshall,1758195,Oats,543,0.03088394631994745
19127,Marshall,1758195,Alfalfa,21133,1.2019713399253211
19127,Marshall,1758195,Other Hay/Non Alfalfa,1288,0.07325694817696558
19127,Marshall,1758195,Clover/Wildflowers,7,3.981355879182912e-4
19127,Marshall,1758195,Switchgrass,3,1.7062953767926764e-4
19127,Marshall,1758195,Open Water,7877,0.44801628943319716
19127,Marshall,1758195,Developed/Open Space,58554,3.3303473164239463
19127,Marshall,1758195,Developed/Low Intensity,38221,2.17387718654643
19127,Marshall,1758195,Developed/Med Intensity,15674,0.8914824578616137
19127,Marshall,1758195,Developed/High Intensity,4557,0.2591862677348076
19127,Marshall,1758195,Barren,1082,0.06154038658965587
19127,Marshall,1758195,Deciduous Forest,42870,2.438296093436735
19127,Marshall,1758195,Evergreen Forest,127,0.007223317095088997
19127,Marshall,1758195,Mixed Forest,7172,0.4079183480785692
19127,Marshall,1758195,Shrubland,15,8.531476883963383e-4
19127,Marshall,1758195,Grassland/Pasture,226645,12.890777189105872
19127,Marshall,1758195,Woody Wetlands,27444,1.5609190106899407
19127,Marshall,1758195,Herbaceous Wetlands,6675,0.3796507213363705
19055,Delaware,1853682,Corn,831274,44.844477100171446
19055,Delaware,1853682,Sorghum,7,3.7762679898709707e-4
19055,Delaware,1853682,Soybeans,288187,15.546733474242075
19055,Delaware,1853682,Sweet Corn,1,5.3946685569585295e-5
19055,Delaware,1853682,Barley,11,5.934135412654382e-4
19055,Delaware,1853682,Spring Wheat,1,5.3946685569585295e-5
19055,Delaware,1853682,Winter Wheat,358,0.019312913433911533
19055,Delaware,1853682,Dbl Crop WinWht/Soybeans,2,1.0789337113917059e-4
19055,Delaware,1853682,Rye,544,0.029346996949854397
19055,Delaware,1853682,Oats,4792,0.25851251724945273
19055,Delaware,1853682,Millet,1,5.3946685569585295e-5
19055,Delaware,1853682,Alfalfa,36132,1.949201643000256
19055,Delaware,1853682,Other Hay/Non Alfalfa,1393,0.07514773299843232
19055,Delaware,1853682,Other Crops,15,8.092002835437793e-4
19055,Delaware,1853682,Clover/Wildflowers,56,0.0030210143918967766
19055,Delaware,1853682,Sod/Grass Seed,3,1.6184005670875586e-4
19055,Delaware,1853682,Switchgrass,41,0.0022118141083529966
19055,Delaware,1853682,Open Water,5494,0.29638309051930156
19055,Delaware,1853682,Developed/Open Space,39591,2.135803228385451
19055,Delaware,1853682,Developed/Low Intensity,39175,2.1133614071885036
19055,Delaware,1853682,Developed/Med Intensity,15922,0.858939127638937
19055,Delaware,1853682,Developed/High Intensity,2476,0.13357199347029317
19055,Delaware,1853682,Barren,3478,0.18762657241101763
19055,Delaware,1853682,Deciduous Forest,140034,7.554370167051307
19055,Delaware,1853682,Evergreen Forest,1610,0.08685416376703231
19055,Delaware,1853682,Mixed Forest,7256,0.3914371504929109
19055,Delaware,1853682,Shrubland,95,0.005124935129110602
19055,Delaware,1853682,Grassland/Pasture,241822,13.045495397808255
19055,Delaware,1853682,Woody Wetlands,6490,0.35011398934660853
19055,Delaware,1853682,Herbaceous Wetlands,2425,0.13082071250624433
19055,Delaware,1853682,Triticale,7,3.7762679898709707e-4
19051,Davis,1587600,Corn,199691,12.57816830435878
19051,Davis,1587600,Sorghum,50,0.0031494079113126737
19051,Davis,1587600,Soybeans,187046,11.781683043587805
19051,Davis,1587600,Barley,3,1.8896447467876037e-4
19051,Davis,1587600,Spring Wheat,8,5.039052658100278e-4
19051,Davis,1587600,Winter Wheat,5646,0.35563114134542706
19051,Davis,1587600,Dbl Crop WinWht/Soybeans,440,0.027714789619551525
19051,Davis,1587600,Rye,1038,0.06538170823885109
19051,Davis,1587600,Oats,1514,0.09536407155454774
19051,Davis,1587600,Alfalfa,17938,1.1298815822625348
19051,Davis,1587600,Other Hay/Non Alfalfa,9119,0.5743890148652053
19051,Davis,1587600,Other Crops,19,0.0011967750062988158
19051,Davis,1587600,Clover/Wildflowers,182,0.01146384479717813
19051,Davis,1587600,Sod/Grass Seed,29,0.0018266565885613506
19051,Davis,1587600,Switchgrass,1,6.298815822625347e-5
19051,Davis,1587600,Open Water,8634,0.5438397581254725
19051,Davis,1587600,Developed/Open Space,30186,1.901360544217687
19051,Davis,1587600,Developed/Low Intensity,28702,1.8078861174099268
19051,Davis,1587600,Developed/Med Intensity,5742,0.36167800453514737
19051,Davis,1587600,Developed/High Intensity,703,0.044280675233056184
19051,Davis,1587600,Barren,582,0.03665910808767951
19051,Davis,1587600,Deciduous Forest,309337,19.484567901234566
19051,Davis,1587600,Evergreen Forest,3343,0.21056941295036535
19051,Davis,1587600,Mixed Forest,6128,0.3859914336104812
19051,Davis,1587600,Shrubland,564,0.03552532123960695
19051,Davis,1587600,Grassland/Pasture,624273,39.32180650037793
19051,Davis,1587600,Woody Wetlands,12508,0.7878558830939784
19051,Davis,1587600,Herbaceous Wetlands,1921,0.1210002519526329
19051,Davis,1587600,Dbl Crop WinWht/Corn,1,6.298815822625347e-5
19067,Floyd,1540953,Corn,623256,40.44613949938772
19067,Floyd,1540953,Sorghum,5,3.2447452972284035e-4
19067,Floyd,1540953,Soybeans,427381,27.734849797495446
19067,Floyd,1540953,Sweet Corn,7,4.5426434161197646e-4
19067,Floyd,1540953,Barley,72,0.004672433228008901
19067,Floyd,1540953,Spring Wheat,2,1.2978981188913613e-4
19067,Floyd,1540953,Winter Wheat,3,1.946847178337042e-4
19067,Floyd,1540953,Rye,261,0.016937570451532265
19067,Floyd,1540953,Oats,1679,0.1089585470809298
19067,Floyd,1540953,Alfalfa,11367,0.7376603958719052
19067,Floyd,1540953,Other Hay/Non Alfalfa,665,0.043155112453137766
19067,Floyd,1540953,Peas,2,1.2978981188913613e-4
19067,Floyd,1540953,Sod/Grass Seed,34,0.0022064268021153143
19067,Floyd,1540953,Fallow/Idle Cropland,1,6.489490594456807e-5
19067,Floyd,1540953,Open Water,8387,0.5442735761570924
19067,Floyd,1540953,Developed/Open Space,35790,2.322588683756091
19067,Floyd,1540953,Developed/Low Intensity,37386,2.4261609536436217
19067,Floyd,1540953,Developed/Med Intensity,13954,0.9055435175505028
19067,Floyd,1540953,Developed/High Intensity,2718,0.17638435435733602
19067,Floyd,1540953,Barren,2481,0.16100426164847337
19067,Floyd,1540953,Deciduous Forest,55322,3.5901159866653947
19067,Floyd,1540953,Evergreen Forest,213,0.013822614966193
19067,Floyd,1540953,Mixed Forest,1126,0.07307166409358365
19067,Floyd,1540953,Shrubland,18,0.0011681083070022252
19067,Floyd,1540953,Grassland/Pasture,200249,12.995140020493812
19067,Floyd,1540953,Woody Wetlands,16104,1.0450675653313242
19067,Floyd,1540953,Herbaceous Wetlands,6758,0.438559774373391
19009,Audubon,1474120,Corn,494622,33.55371340189401
19009,Audubon,1474120,Sorghum,6,4.0702249477654465e-4
19009,Audubon,1474120,Soybeans,459010,31.137899221230292
19009,Audubon,1474120,Sweet Corn,6,4.0702249477654465e-4
19009,Audubon,1474120,Pop or Orn Corn,821,0.05569424470192386
19009,Audubon,1474120,Barley,1009,0.06844761620492226
19009,Audubon,1474120,Winter Wheat,405,0.027474018397416766
19009,Audubon,1474120,Rye,53,0.003595365370526144
19009,Audubon,1474120,Oats,1829,0.12407402382438337
19009,Audubon,1474120,Millet,4,2.7134832985102977e-4
19009,Audubon,1474120,Alfalfa,8934,0.606056494722275
19009,Audubon,1474120,Other Hay/Non Alfalfa,2524,0.17122079613599978
19009,Audubon,1474120,Dry Beans,2,1.3567416492551488e-4
19009,Audubon,1474120,Other Crops,1,6.783708246275744e-5
19009,Audubon,1474120,Peas,3,2.0351124738827233e-4
19009,Audubon,1474120,Clover/Wildflowers,12,8.140449895530893e-4
19009,Audubon,1474120,Sod/Grass Seed,17,0.0011532304018668765
19009,Audubon,1474120,Open Water,4029,0.27331560524244974
19009,Audubon,1474120,Developed/Open Space,30029,2.037079749274143
19009,Audubon,1474120,Developed/Low Intensity,23273,1.578772420155754
19009,Audubon,1474120,Developed/Med Intensity,6350,0.4307654736385097
19009,Audubon,1474120,Developed/High Intensity,1343,0.09110520174748324
19009,Audubon,1474120,Barren,801,0.05433750305266871
19009,Audubon,1474120,Deciduous Forest,18774,1.2735733861558083
19009,Audubon,1474120,Evergreen Forest,110,0.007462079070903319
19009,Audubon,1474120,Mixed Forest,578,0.0392098336634738
19009,Audubon,1474120,Shrubland,135,0.009158006132472255
19009,Audubon,1474120,Grassland/Pasture,221016,14.9930806175888
19009,Audubon,1474120,Woody Wetlands,1016,0.06892247578216155
19009,Audubon,1474120,Herbaceous Wetlands,1710,0.11600141101131524
19009,Audubon,1474120,Dbl Crop WinWht/Sorghum,36,0.002442134968659268
19105,Jones,1821018,Corn,641253,35.21398470525827
19105,Jones,1821018,Sorghum,4,2.1965735648961187e-4
19105,Jones,1821018,Soybeans,344892,18.939516248603802
19105,Jones,1821018,Winter Wheat,3069,0.1685321067666547
19105,Jones,1821018,Dbl Crop WinWht/Soybeans,8,4.3931471297922373e-4
19105,Jones,1821018,Rye,169,0.009280523311686101
19105,Jones,1821018,Oats,3543,0.1945615035106737
19105,Jones,1821018,Alfalfa,27022,1.483895271765573
19105,Jones,1821018,Other Hay/Non Alfalfa,2103,0.11548485517441343
19105,Jones,1821018,Other Crops,14,7.688007477136415e-4
19105,Jones,1821018,Clover/Wildflowers,6,3.2948603473441774e-4
19105,Jones,1821018,Sod/Grass Seed,16,8.786294259584475e-4
19105,Jones,1821018,Switchgrass,5,2.745716956120148e-4
19105,Jones,1821018,Open Water,10901,0.5986212107733148
19105,Jones,1821018,Developed/Open Space,42481,2.3328160402588
19105,Jones,1821018,Developed/Low Intensity,34157,1.8757090814039181
19105,Jones,1821018,Developed/Med Intensity,14978,0.8225069713753517
19105,Jones,1821018,Developed/High Intensity,2009,0.11032290729690755
19105,Jones,1821018,Barren,2100,0.11532011215704623
19105,Jones,1821018,Deciduous Forest,199112,10.934103891339898
19105,Jones,1821018,Evergreen Forest,986,0.05414553837468932
19105,Jones,1821018,Mixed Forest,16480,0.9049883087372009
19105,Jones,1821018,Shrubland,140,0.007688007477136415
19105,Jones,1821018,Grassland/Pasture,293632,16.12460722518943
19105,Jones,1821018,Woody Wetlands,19597,1.0761563037817308
19105,Jones,1821018,Herbaceous Wetlands,4711,0.25870145160564034
19105,Jones,1821018,Pumpkins,1,5.4914339122402966e-5
19083,Hardin,1853955,Corn,788670,42.53986747251147
19083,Hardin,1853955,Sorghum,9,4.854486759387364e-4
19083,Hardin,1853955,Soybeans,464599,25.05988548805122
19083,Hardin,1853955,Sweet Corn,1495,0.08063841894760121
19083,Hardin,1853955,Barley,13,7.012036430226192e-4
19083,Hardin,1853955,Winter Wheat,139,0.007497485106164928
19083,Hardin,1853955,Rye,219,0.011812584447842585
19083,Hardin,1853955,Oats,665,0.03586926327769552
19083,Hardin,1853955,Millet,1,5.393874177097071e-5
19083,Hardin,1853955,Alfalfa,10194,0.5498515336132754
19083,Hardin,1853955,Other Hay/Non Alfalfa,1624,0.08759651663605643
19083,Hardin,1853955,Other Crops,5,2.6969370885485355e-4
19083,Hardin,1853955,Peas,232,0.012513788090865204
19083,Hardin,1853955,Clover/Wildflowers,13,7.012036430226192e-4
19083,Hardin,1853955,Sod/Grass Seed,72,0.003883589407509891
19083,Hardin,1853955,Open Water,6944,0.37455062285762064
19083,Hardin,1853955,Developed/Open Space,50489,2.72331313327454
19083,Hardin,1853955,Developed/Low Intensity,34059,1.8370996059774916
19083,Hardin,1853955,Developed/Med Intensity,14096,0.7603205040036031
19083,Hardin,1853955,Developed/High Intensity,3004,0.162031980279996
19083,Hardin,1853955,Barren,2989,0.16122289915343146
19083,Hardin,1853955,Deciduous Forest,62637,3.3785609683082924
19083,Hardin,1853955,Evergreen Forest,220,0.011866523189613556
19083,Hardin,1853955,Mixed Forest,4359,0.23511897537966134
19083,Hardin,1853955,Shrubland,175,0.009439279809919874
19083,Hardin,1853955,Grassland/Pasture,175106,9.444997316547598
19083,Hardin,1853955,Woody Wetlands,13786,0.7435994940546021
19083,Hardin,1853955,Herbaceous Wetlands,7206,0.3886825732016149
19083,Hardin,1853955,Dbl Crop WinWht/Sorghum,2,1.0787748354194142e-4
19015,Boone,1722626,Corn,664849,38.59508680351974
19015,Boone,1722626,Sorghum,3,1.7415271800146984e-4
19015,Boone,1722626,Soybeans,509593,29.582335341507676
19015,Boone,1722626,Sweet Corn,290,0.016834762740142086
19015,Boone,1722626,Pop or Orn Corn,1,5.805090600048995e-5
19015,Boone,1722626,Barley,19,0.001102967214009309
19015,Boone,1722626,Winter Wheat,79,0.004586021574038706
19015,Boone,1722626,Rye,35,0.0020317817100171482
19015,Boone,1722626,Oats,1422,0.08254838833269672
19015,Boone,1722626,Millet,2,1.161018120009799e-4
19015,Boone,1722626,Alfalfa,7937,0.4607500409258888
19015,Boone,1722626,Other Hay/Non Alfalfa,1485,0.08620559541072757
19015,Boone,1722626,Other Crops,6,3.483054360029397e-4
19015,Boone,1722626,Peas,11,6.385599660053894e-4
19015,Boone,1722626,Clover/Wildflowers,11,6.385599660053894e-4
19015,Boone,1722626,Sod/Grass Seed,54,0.0031347489240264575
19015,Boone,1722626,Switchgrass,4,2.322036240019598e-4
19015,Boone,1722626,Open Water,10939,0.6350188607393596
19015,Boone,1722626,Developed/Open Space,57794,3.354994061392316
19015,Boone,1722626,Developed/Low Intensity,33491,1.944182892862409
19015,Boone,1722626,Developed/Med Intensity,12226,0.7097303767619901
19015,Boone,1722626,Developed/High Intensity,2973,0.17258534353945662
19015,Boone,1722626,Barren,963,0.05590302247847183
19015,Boone,1722626,Deciduous Forest,148748,8.63495616576088
19015,Boone,1722626,Evergreen Forest,131,0.007604668686064183
19015,Boone,1722626,Mixed Forest,5593,0.32467871726074027
19015,Boone,1722626,Shrubland,54,0.0031347489240264575
19015,Boone,1722626,Grassland/Pasture,170272,9.884443866515424
19015,Boone,1722626,Woody Wetlands,12635,0.7334731973161905
19015,Boone,1722626,Herbaceous Wetlands,11769,0.6832011127197662
19015,Boone,1722626,Dbl Crop WinWht/Sorghum,2,1.161018120009799e-4
19099,Jasper,2287900,Corn,747721,32.681542025438176
19099,Jasper,2287900,Sorghum,60,0.002622492241793785
19099,Jasper,2287900,Soybeans,647040,28.280956335504175
19099,Jasper,2287900,Sweet Corn,1,4.3708204029896414e-5
19099,Jasper,2287900,Barley,50,0.002185410201494821
19099,Jasper,2287900,Spring Wheat,1,4.3708204029896414e-5
19099,Jasper,2287900,Winter Wheat,79,0.0034529481183618164
19099,Jasper,2287900,Rye,256,0.011189300231653482
19099,Jasper,2287900,Oats,1575,0.06884042134708684
19099,Jasper,2287900,Alfalfa,26383,1.1531535469207572
19099,Jasper,2287900,Other Hay/Non Alfalfa,2044,0.08933956903710827
19099,Jasper,2287900,Other Crops,3,1.3112461208968922e-4
19099,Jasper,2287900,Clover/Wildflowers,2,8.741640805979283e-5
19099,Jasper,2287900,Switchgrass,2,8.741640805979283e-5
19099,Jasper,2287900,Fallow/Idle Cropland,3,1.3112461208968922e-4
19099,Jasper,2287900,Open Water,11335,0.4954324926788758
19099,Jasper,2287900,Developed/Open Space,74511,3.2567419904716113
19099,Jasper,2287900,Developed/Low Intensity,41542,1.8157262118099569
19099,Jasper,2287900,Developed/Med Intensity,17339,0.7578565496743739
19099,Jasper,2287900,Developed/High Intensity,3887,0.16989378906420735
19099,Jasper,2287900,Barren,803,0.03509768783600682
19099,Jasper,2287900,Deciduous Forest,93066,4.067747716246339
19099,Jasper,2287900,Evergreen Forest,662,0.028934831067791426
19099,Jasper,2287900,Mixed Forest,14768,0.6454827571135102
19099,Jasper,2287900,Shrubland,67,0.0029284496700030596
19099,Jasper,2287900,Grassland/Pasture,395418,17.283010621093577
19099,Jasper,2287900,Woody Wetlands,27776,1.2140390751344028
19099,Jasper,2287900,Herbaceous Wetlands,5925,0.25897110887713626
19099,Jasper,2287900,Triticale,1,4.3708204029896414e-5
19149,Plymouth,2758938,Corn,1040549,37.71556301736393
19149,Plymouth,2758938,Sorghum,699,0.025335835745493373
19149,Plymouth,2758938,Soybeans,883955,32.03968338541859
19149,Plymouth,2758938,Pop or Orn Corn,6,2.174749849398573e-4
19149,Plymouth,2758938,Rye,138,0.005001924653616718
19149,Plymouth,2758938,Oats,2572,0.09322427687755215
19149,Plymouth,2758938,Alfalfa,22122,0.8018302694732539
19149,Plymouth,2758938,Other Hay/Non Alfalfa,2017,0.07310784077061536
19149,Plymouth,2758938,Dry Beans,2,7.24916616466191e-5
19149,Plymouth,2758938,Peas,3,1.0873749246992865e-4
19149,Plymouth,2758938,Switchgrass,246,0.008916474382534149
19149,Plymouth,2758938,Fallow/Idle Cropland,68,0.0024647164959850495
19149,Plymouth,2758938,Open Water,10955,0.39707307666935604
19149,Plymouth,2758938,Developed/Open Space,76709,2.780381436625252
19149,Plymouth,2758938,Developed/Low Intensity,31002,1.1236932471842427
19149,Plymouth,2758938,Developed/Med Intensity,22827,0.8273835802036871
19149,Plymouth,2758938,Developed/High Intensity,7313,0.2650657608108627
19149,Plymouth,2758938,Barren,4601,0.16676706761804722
19149,Plymouth,2758938,Deciduous Forest,61924,2.2444868279026204
19149,Plymouth,2758938,Evergreen Forest,95,0.0034433539282144074
19149,Plymouth,2758938,Mixed Forest,2468,0.08945471047192796
19149,Plymouth,2758938,Shrubland,189,0.0068504620256055046
19149,Plymouth,2758938,Grassland/Pasture,269683,9.774884393922589
19149,Plymouth,2758938,Woody Wetlands,6390,0.23161085896094802
19149,Plymouth,2758938,Herbaceous Wetlands,43006,1.5587882003872504
19149,Plymouth,2758938,Triticale,1,3.624583082330955e-5
19155,Pottawattamie,3112404,Corn,1080052,34.7015361758949
19155,Pottawattamie,3112404,Sorghum,12,3.8555406046258777e-4
19155,Pottawattamie,3112404,Soybeans,907087,29.14425633690228
19155,Pottawattamie,3112404,Sweet Corn,22,7.068491108480775e-4
19155,Pottawattamie,3112404,Pop or Orn Corn,59,0.0018956407972743898
19155,Pottawattamie,3112404,Barley,1,3.212950503854898e-5
19155,Pottawattamie,3112404,Winter Wheat,1233,0.039615679712530896
19155,Pottawattamie,3112404,Rye,114,0.0036627635743945834
19155,Pottawattamie,3112404,Oats,736,0.02364731570837205
19155,Pottawattamie,3112404,Millet,1,3.212950503854898e-5
19155,Pottawattamie,3112404,Alfalfa,14113,0.45344370460904176
19155,Pottawattamie,3112404,Other Hay/Non Alfalfa,2966,0.09529611194433628
19155,Pottawattamie,3112404,Dry Beans,5,1.606475251927449e-4
19155,Pottawattamie,3112404,Other Crops,33,0.0010602736662721165
19155,Pottawattamie,3112404,Peas,2,6.425901007709797e-5
19155,Pottawattamie,3112404,Clover/Wildflowers,1,3.212950503854898e-5
19155,Pottawattamie,3112404,Sod/Grass Seed,3,9.638851511564694e-5
19155,Pottawattamie,3112404,Fallow/Idle Cropland,628,0.020177329164208762
19155,Pottawattamie,3112404,Open Water,24375,0.7831566853146313
19155,Pottawattamie,3112404,Developed/Open Space,65431,2.102265644177298
19155,Pottawattamie,3112404,Developed/Low Intensity,101829,3.271715368570404
19155,Pottawattamie,3112404,Developed/Med Intensity,53430,1.7166794542096722
19155,Pottawattamie,3112404,Developed/High Intensity,18309,0.5882591077507933
19155,Pottawattamie,3112404,Barren,4436,0.14252648435100326
19155,Pottawattamie,3112404,Deciduous Forest,120148,3.860295771371583
19155,Pottawattamie,3112404,Evergreen Forest,3271,0.10509561098109371
19155,Pottawattamie,3112404,Mixed Forest,814,0.02615341710137887
19155,Pottawattamie,3112404,Shrubland,290,0.009317556461179204
19155,Pottawattamie,3112404,Grassland/Pasture,328061,10.540437552451417
19155,Pottawattamie,3112404,Woody Wetlands,19493,0.6263004417164353
19155,Pottawattamie,3112404,Herbaceous Wetlands,17620,0.566121878779233
19155,Pottawattamie,3112404,Dbl Crop WinWht/Sorghum,17,5.462015856553327e-4
19173,Taylor,1592976,Corn,362286,22.742715521137796
19173,Taylor,1592976,Sorghum,11,6.905314329908298e-4
19173,Taylor,1592976,Soybeans,363197,22.7999040789064
19173,Taylor,1592976,Sweet Corn,2,1.255511696346963e-4
19173,Taylor,1592976,Barley,1,6.277558481734815e-5
19173,Taylor,1592976,Spring Wheat,41,0.0025737989775112746
19173,Taylor,1592976,Winter Wheat,1204,0.07558180412008718
19173,Taylor,1592976,Dbl Crop WinWht/Soybeans,404,0.025361336266208657
19173,Taylor,1592976,Rye,239,0.015003364771346209
19173,Taylor,1592976,Oats,2119,0.13302146422796074
19173,Taylor,1592976,Alfalfa,21416,1.3444019244483283
19173,Taylor,1592976,Other Hay/Non Alfalfa,9845,0.6180256325267927
19173,Taylor,1592976,Other Crops,2,1.255511696346963e-4
19173,Taylor,1592976,Peas,6,3.7665350890408897e-4
19173,Taylor,1592976,Clover/Wildflowers,127,0.007972499271803216
19173,Taylor,1592976,Sod/Grass Seed,6,3.7665350890408897e-4
19173,Taylor,1592976,Switchgrass,1,6.277558481734815e-5
19173,Taylor,1592976,Fallow/Idle Cropland,1,6.277558481734815e-5
19173,Taylor,1592976,Open Water,7153,0.4490337581984914
19173,Taylor,1592976,Developed/Open Space,37937,2.381517361215737
19173,Taylor,1592976,Developed/Low Intensity,27411,1.7207415554283303
19173,Taylor,1592976,Developed/Med Intensity,3073,0.19290937214371087
19173,Taylor,1592976,Developed/High Intensity,523,0.03283163085947309
19173,Taylor,1592976,Barren,200,0.012555116963469632
19173,Taylor,1592976,Deciduous Forest,161663,10.148489368326956
19173,Taylor,1592976,Evergreen Forest,1373,0.08619087795421902
19173,Taylor,1592976,Mixed Forest,7830,0.4915328291198361
19173,Taylor,1592976,Shrubland,429,0.026930725886642363
19173,Taylor,1592976,Grassland/Pasture,524693,32.93790992456886
19173,Taylor,1592976,Woody Wetlands,6934,0.43528590512349213
19173,Taylor,1592976,Herbaceous Wetlands,766,0.048086097970088684
19173,Taylor,1592976,Dbl Crop WinWht/Sorghum,1,6.277558481734815e-5
19145,Page,1607445,Corn,501883,31.22240574327582
19145,Page,1607445,Sorghum,19,0.0011820000062210526
19145,Page,1607445,Soybeans,506641,31.518403429044227
19145,Page,1607445,Sweet Corn,8,4.976842131457064e-4
19145,Page,1607445,Pop or Orn Corn,13,8.08736846361773e-4
19145,Page,1607445,Barley,29,0.0018041052726531857
19145,Page,1607445,Winter Wheat,60,0.003732631598592798
19145,Page,1607445,Rye,50,0.0031105263321606646
19145,Page,1607445,Oats,404,0.02513305276385817
19145,Page,1607445,Alfalfa,7275,0.4525815813293767
19145,Page,1607445,Other Hay/Non Alfalfa,4053,0.2521392644849435
19145,Page,1607445,Other Crops,5,3.1105263321606647e-4
19145,Page,1607445,Peas,14,8.709473730049862e-4
19145,Page,1607445,Clover/Wildflowers,59,0.003670421071949585
19145,Page,1607445,Fallow/Idle Cropland,9,5.598947397889197e-4
19145,Page,1607445,Open Water,9673,0.6017624242198022
19145,Page,1607445,Developed/Open Space,40318,2.508204013201074
19145,Page,1607445,Developed/Low Intensity,35250,2.192921064173269
19145,Page,1607445,Developed/Med Intensity,6445,0.4009468442155097
19145,Page,1607445,Developed/High Intensity,1422,0.08846336888664931
19145,Page,1607445,Barren,451,0.028056947516089194
19145,Page,1607445,Deciduous Forest,102851,6.39841487578113
19145,Page,1607445,Evergreen Forest,319,0.019845157999185042
19145,Page,1607445,Mixed Forest,2252,0.14009810600051636
19145,Page,1607445,Shrubland,194,0.01206884216878338
19145,Page,1607445,Grassland/Pasture,313669,19.51351368165007
19145,Page,1607445,Woody Wetlands,7840,0.4877305288827923
19145,Page,1607445,Herbaceous Wetlands,2126,0.1322595796434715
19035,Cherokee,1680822,Corn,666686,39.664283309000005
19035,Cherokee,1680822,Sorghum,218,0.01296984451655202
19035,Cherokee,1680822,Soybeans,599872,35.689204448775655
19035,Cherokee,1680822,Pop or Orn Corn,73,0.00434311307205641
19035,Cherokee,1680822,Rye,7,4.1646289732047767e-4
19035,Cherokee,1680822,Oats,1026,0.061041561807258594
19035,Cherokee,1680822,Alfalfa,8498,0.5055859573470599
19035,Cherokee,1680822,Other Hay/Non Alfalfa,3997,0.2378003143699928
19035,Cherokee,1680822,Dry Beans,8,4.759575969376888e-4
19035,Cherokee,1680822,Other Crops,2,1.189893992344222e-4
19035,Cherokee,1680822,Fallow/Idle Cropland,15,8.924204942581665e-4
19035,Cherokee,1680822,Open Water,6447,0.38356232843216
19035,Cherokee,1680822,Developed/Open Space,53914,3.2075972351623196
19035,Cherokee,1680822,Developed/Low Intensity,17528,1.0428230948904762
19035,Cherokee,1680822,Developed/Med Intensity,12745,0.7582599466213555
19035,Cherokee,1680822,Developed/High Intensity,4298,0.2557082189547733
19035,Cherokee,1680822,Barren,2324,0.1382656819103986
19035,Cherokee,1680822,Deciduous Forest,33893,2.016453854126136
19035,Cherokee,1680822,Evergreen Forest,1823,0.10845883740217585
19035,Cherokee,1680822,Mixed Forest,12139,0.7222061586533256
19035,Cherokee,1680822,Shrubland,482,0.02867644521549575
19035,Cherokee,1680822,Grassland/Pasture,208747,12.419340060993967
19035,Cherokee,1680822,Woody Wetlands,5801,0.34512875247944164
19035,Cherokee,1680822,Herbaceous Wetlands,22578,1.3432713279573922
19035,Cherokee,1680822,Triticale,1,5.94946996172111e-5
19057,Des Moines,1793739,Corn,326303,18.191219569848233
19057,Des Moines,1793739,Sorghum,5,2.7874735399074224e-4
19057,Des Moines,1793739,Soybeans,277662,15.479509560755494
19057,Des Moines,1793739,Sweet Corn,146,0.008139422736529673
19057,Des Moines,1793739,Winter Wheat,2123,0.11835612650446915
19057,Des Moines,1793739,Rye,14,7.804925911740783e-4
19057,Des Moines,1793739,Oats,2066,0.11517840666897469
19057,Des Moines,1793739,Alfalfa,7990,0.44543827167720607
19057,Des Moines,1793739,Other Hay/Non Alfalfa,447,0.024920013446772356
19057,Des Moines,1793739,Dry Beans,16,8.919915327703752e-4
19057,Des Moines,1793739,Other Crops,2,1.114989415962969e-4
19057,Des Moines,1793739,Peas,1,5.574947079814845e-5
19057,Des Moines,1793739,Clover/Wildflowers,9,5.01745237183336e-4
19057,Des Moines,1793739,Sod/Grass Seed,16,8.919915327703752e-4
19057,Des Moines,1793739,Switchgrass,52,0.0028989724815037194
19057,Des Moines,1793739,Fallow/Idle Cropland,42,0.0023414777735222348
19057,Des Moines,1793739,Open Water,45640,2.544405847227495
19057,Des Moines,1793739,Developed/Open Space,33268,1.8546733945128027
19057,Des Moines,1793739,Developed/Low Intensity,55242,3.0797122658313167
19057,Des Moines,1793739,Developed/Med Intensity,33911,1.8905203042360121
19057,Des Moines,1793739,Developed/High Intensity,8337,0.4647833380441636
19057,Des Moines,1793739,Barren,1824,0.10168703473582277
19057,Des Moines,1793739,Deciduous Forest,225595,12.576801864708298
19057,Des Moines,1793739,Evergreen Forest,1143,0.06372164512228368
19057,Des Moines,1793739,Mixed Forest,12131,0.6762968302523389
19057,Des Moines,1793739,Shrubland,164,0.009142913210896345
19057,Des Moines,1793739,Grassland/Pasture,159028,8.865726842087952
19057,Des Moines,1793739,Woody Wetlands,32465,1.8099065694618894
19057,Des Moines,1793739,Herbaceous Wetlands,14100,0.7860675382538932
19057,Des Moines,1793739,Triticale,1,5.574947079814845e-5
19163,Scott,2030000,Corn,468177,23.062906403940886
19163,Scott,2030000,Sorghum,14,6.89655172413793e-4
19163,Scott,2030000,Soybeans,314425,15.488916256157637
19163,Scott,2030000,Sweet Corn,5,2.463054187192118e-4
19163,Scott,2030000,Winter Wheat,956,0.0470935960591133
19163,Scott,2030000,Dbl Crop WinWht/Soybeans,3,1.477832512315271e-4
19163,Scott,2030000,Rye,40,0.0019704433497536944
19163,Scott,2030000,Oats,629,0.030985221674876846
19163,Scott,2030000,Alfalfa,8627,0.4249753694581281
19163,Scott,2030000,Other Hay/Non Alfalfa,472,0.0232512315270936
19163,Scott,2030000,Dry Beans,138,0.0067980295566502464
19163,Scott,2030000,Other Crops,10,4.926108374384236e-4
19163,Scott,2030000,Clover/Wildflowers,1,4.926108374384236e-5
19163,Scott,2030000,Sod/Grass Seed,1679,0.08270935960591133
19163,Scott,2030000,Switchgrass,2,9.852216748768472e-5
19163,Scott,2030000,Fallow/Idle Cropland,182,0.00896551724137931
19163,Scott,2030000,Open Water,34367,1.6929556650246307
19163,Scott,2030000,Developed/Open Space,57030,2.80935960591133
19163,Scott,2030000,Developed/Low Intensity,86277,4.250098522167487
19163,Scott,2030000,Developed/Med Intensity,72252,3.5592118226600986
19163,Scott,2030000,Developed/High Intensity,27247,1.342216748768473
19163,Scott,2030000,Barren,3384,0.16669950738916256
19163,Scott,2030000,Deciduous Forest,49351,2.4310837438423647
19163,Scott,2030000,Evergreen Forest,324,0.015960591133004926
19163,Scott,2030000,Mixed Forest,27008,1.3304433497536947
19163,Scott,2030000,Shrubland,43,0.0021182266009852216
19163,Scott,2030000,Grassland/Pasture,139242,6.859211822660098
19163,Scott,2030000,Woody Wetlands,41793,2.058768472906404
19163,Scott,2030000,Herbaceous Wetlands,17266,0.8505418719211822
19111,Lee,2802618,Corn,329863,11.769816650003676
19111,Lee,2802618,Sorghum,18,6.422566329053763e-4
19111,Lee,2802618,Soybeans,286248,10.213593147549899
19111,Lee,2802618,Barley,11,3.924901645532855e-4
19111,Lee,2802618,Winter Wheat,5286,0.18860936452987886
19111,Lee,2802618,Dbl Crop WinWht/Soybeans,664,0.023692133569398328
19111,Lee,2802618,Rye,71,0.0025333456075712067
19111,Lee,2802618,Oats,2329,0.08310087211314564
19111,Lee,2802618,Alfalfa,10669,0.3806797786926367
19111,Lee,2802618,Other Hay/Non Alfalfa,2571,0.09173565573331792
19111,Lee,2802618,Dry Beans,442,0.015770968430232016
19111,Lee,2802618,Other Crops,1,3.5680924050298685e-5
19111,Lee,2802618,Peas,1,3.5680924050298685e-5
19111,Lee,2802618,Clover/Wildflowers,39,0.0013915560379616488
19111,Lee,2802618,Sod/Grass Seed,8,2.854473924023895e-4
19111,Lee,2802618,Switchgrass,7,2.497664683520908e-4
19111,Lee,2802618,Fallow/Idle Cropland,81,0.0028901548480741936
19111,Lee,2802618,Open Water,66816,2.3840566213447567
19111,Lee,2802618,Developed/Open Space,25326,0.9036550824978645
19111,Lee,2802618,Developed/Low Intensity,50275,1.7938584566287663
19111,Lee,2802618,Developed/Med Intensity,30041,1.071890639395023
19111,Lee,2802618,Developed/High Intensity,8047,0.2871243958327535
19111,Lee,2802618,Barren,1363,0.04863309948055711
19111,Lee,2802618,Deciduous Forest,403059,14.381517566789338
19111,Lee,2802618,Evergreen Forest,2812,0.1003347584294399
19111,Lee,2802618,Mixed Forest,5920,0.2112310703777682
19111,Lee,2802618,Shrubland,574,0.020480850404871444
19111,Lee,2802618,Grassland/Pasture,285650,10.192255954967818
19111,Lee,2802618,Woody Wetlands,27781,0.9912517510413478
19111,Lee,2802618,Herbaceous Wetlands,8635,0.30810477917432916
19071,Fremont,1734953,Corn,541005,31.1826890987825
19071,Fremont,1734953,Sorghum,6,3.458306939726898e-4
19071,Fremont,1734953,Soybeans,482365,27.80277044968942
19071,Fremont,1734953,Pop or Orn Corn,2672,0.15400993571583785
19071,Fremont,1734953,Barley,6,3.458306939726898e-4
19071,Fremont,1734953,Winter Wheat,233,0.013429758615939454
19071,Fremont,1734953,Rye,21,0.001210407428904414
19071,Fremont,1734953,Oats,203,0.011700605146076003
19071,Fremont,1734953,Alfalfa,1932,0.1113574834592061
19071,Fremont,1734953,Other Hay/Non Alfalfa,1294,0.07458415300011009
19071,Fremont,1734953,Dry Beans,1,5.76384489954483e-5
19071,Fremont,1734953,Other Crops,4,2.305537959817932e-4
19071,Fremont,1734953,Peas,3,1.729153469863449e-4
19071,Fremont,1734953,Clover/Wildflowers,1,5.76384489954483e-5
19071,Fremont,1734953,Fallow/Idle Cropland,47,0.00270900710278607
19071,Fremont,1734953,Open Water,42335,2.4401237382223036
19071,Fremont,1734953,Developed/Open Space,31288,1.8033917921695861
19071,Fremont,1734953,Developed/Low Intensity,35153,2.0261643975369936
19071,Fremont,1734953,Developed/Med Intensity,7199,0.4149391943182323
19071,Fremont,1734953,Developed/High Intensity,1446,0.08334519724741822
19071,Fremont,1734953,Barren,1155,0.06657240858974278
19071,Fremont,1734953,Deciduous Forest,106671,6.148350992793464
19071,Fremont,1734953,Evergreen Forest,1359,0.07833065218481423
19071,Fremont,1734953,Mixed Forest,752,0.04334411364457712
19071,Fremont,1734953,Shrubland,217,0.01250754343201228
19071,Fremont,1734953,Grassland/Pasture,161685,9.319272625829058
19071,Fremont,1734953,Woody Wetlands,15054,0.8676892111774785
19071,Fremont,1734953,Herbaceous Wetlands,55432,3.1950145047156897
19095,Iowa,1835925,Corn,536933,29.24591146152484
19095,Iowa,1835925,Sorghum,43,0.0023421436060841266
19095,Iowa,1835925,Soybeans,449650,24.491741220365757
19095,Iowa,1835925,Barley,37,0.002015332870351458
19095,Iowa,1835925,Winter Wheat,211,0.011492844206598853
19095,Iowa,1835925,Rye,1042,0.05675613110557348
19095,Iowa,1835925,Oats,3619,0.19712134210275473
19095,Iowa,1835925,Alfalfa,24375,1.327668613913967
19095,Iowa,1835925,Other Hay/Non Alfalfa,2708,0.14750057872734454
19095,Iowa,1835925,Other Crops,19,0.0010349006631534513
19095,Iowa,1835925,Clover/Wildflowers,5,2.72342279777224e-4
19095,Iowa,1835925,Sod/Grass Seed,11,5.991530155098929e-4
19095,Iowa,1835925,Switchgrass,26,0.001416179854841565
19095,Iowa,1835925,Open Water,8766,0.47747048490542915
19095,Iowa,1835925,Developed/Open Space,31231,1.7011043479444967
19095,Iowa,1835925,Developed/Low Intensity,42252,2.301401201029454
19095,Iowa,1835925,Developed/Med Intensity,15212,0.8285741519942263
19095,Iowa,1835925,Developed/High Intensity,3037,0.16542070073668586
19095,Iowa,1835925,Barren,532,0.028977218568296634
19095,Iowa,1835925,Deciduous Forest,102930,5.6064381714939335
19095,Iowa,1835925,Evergreen Forest,94,0.005120034859811812
19095,Iowa,1835925,Mixed Forest,4006,0.21820063455751187
19095,Iowa,1835925,Shrubland,378,0.020589076351158135
19095,Iowa,1835925,Grassland/Pasture,391562,21.32777755082588
19095,Iowa,1835925,Woody Wetlands,45256,2.46502444271961
19095,Iowa,1835925,Herbaceous Wetlands,29424,1.602679848033008
19095,Iowa,1835925,Triticale,2,1.089369119108896e-4
19023,Butler,1780708,Corn,704619,39.56959815983305
19023,Butler,1780708,Sorghum,1,5.61574385019891e-5
19023,Butler,1780708,Soybeans,481778,27.055418406611302
19023,Butler,1780708,Barley,5,2.807871925099455e-4
19023,Butler,1780708,Spring Wheat,2,1.123148770039782e-4
19023,Butler,1780708,Winter Wheat,9,5.054169465179019e-4
19023,Butler,1780708,Rye,200,0.01123148770039782
19023,Butler,1780708,Oats,2860,0.16061027411568882
19023,Butler,1780708,Alfalfa,11381,0.6391278075911379
19023,Butler,1780708,Other Hay/Non Alfalfa,476,0.026730940726946813
19023,Butler,1780708,Other Crops,2,1.123148770039782e-4
19023,Butler,1780708,Peas,23,0.0012916210855457493
19023,Butler,1780708,Clover/Wildflowers,7,3.9310206951392363e-4
19023,Butler,1780708,Open Water,9642,0.5414700220361789
19023,Butler,1780708,Developed/Open Space,43609,2.4489697356332427
19023,Butler,1780708,Developed/Low Intensity,35668,2.003023516488947
19023,Butler,1780708,Developed/Med Intensity,10881,0.6110490883401434
19023,Butler,1780708,Developed/High Intensity,1692,0.09501838594536556
19023,Butler,1780708,Barren,1893,0.10630603108426537
19023,Butler,1780708,Deciduous Forest,35446,1.9905565651415054
19023,Butler,1780708,Evergreen Forest,125,0.0070196798127486375
19023,Butler,1780708,Mixed Forest,1948,0.10939469020187476
19023,Butler,1780708,Shrubland,23,0.0012916210855457493
19023,Butler,1780708,Grassland/Pasture,264926,14.877565552577963
19023,Butler,1780708,Woody Wetlands,55124,3.095622639983647
19023,Butler,1780708,Herbaceous Wetlands,14468,0.8124858202467783
19023,Butler,1780708,Triticale,4,2.246297540079564e-4
19063,Emmet,1191330,Corn,508774,42.706386979258475
19063,Emmet,1191330,Soybeans,390613,32.78797646328053
19063,Emmet,1191330,Sweet Corn,4,3.357591935064172e-4
19063,Emmet,1191330,Pop or Orn Corn,12,0.0010072775805192516
19063,Emmet,1191330,Barley,1,8.39397983766043e-5
19063,Emmet,1191330,Rye,33,0.002770013346427942
19063,Emmet,1191330,Oats,453,0.03802472866460175
19063,Emmet,1191330,Alfalfa,2559,0.21480194404573041
19063,Emmet,1191330,Other Hay/Non Alfalfa,1697,0.14244583784509748
19063,Emmet,1191330,Dry Beans,1,8.39397983766043e-5
19063,Emmet,1191330,Other Crops,9,7.554581853894387e-4
19063,Emmet,1191330,Peas,33,0.002770013346427942
19063,Emmet,1191330,Switchgrass,1,8.39397983766043e-5
19063,Emmet,1191330,Open Water,20731,1.7401559601453838
19063,Emmet,1191330,Developed/Open Space,37027,3.1080389144905274
19063,Emmet,1191330,Developed/Low Intensity,12624,1.0596560147062526
19063,Emmet,1191330,Developed/Med Intensity,6698,0.5622287695264956
19063,Emmet,1191330,Developed/High Intensity,1409,0.11827117591263546
19063,Emmet,1191330,Barren,1945,0.16326290784249536
19063,Emmet,1191330,Deciduous Forest,5727,0.48072322530281286
19063,Emmet,1191330,Evergreen Forest,13,0.0010912173788958559
19063,Emmet,1191330,Mixed Forest,8487,0.7123970688222407
19063,Emmet,1191330,Shrubland,378,0.03172924378635643
19063,Emmet,1191330,Grassland/Pasture,117676,9.877699713765288
19063,Emmet,1191330,Woody Wetlands,8431,0.7076964401131509
19063,Emmet,1191330,Herbaceous Wetlands,35172,2.9523305885019266
19193,Woodbury,2959290,Corn,951924,32.16731040215727
19193,Woodbury,2959290,Sorghum,545,0.018416579652551796
19193,Woodbury,2959290,Soybeans,746404,25.222401319235356
19193,Woodbury,2959290,Pop or Orn Corn,35,0.0011827161244758033
19193,Woodbury,2959290,Winter Wheat,1,3.3791889270737237e-5
19193,Woodbury,2959290,Rye,294,0.009934815445596748
19193,Woodbury,2959290,Oats,1530,0.05170159058422798
19193,Woodbury,2959290,Alfalfa,22411,0.7573100304464923
19193,Woodbury,2959290,Other Hay/Non Alfalfa,2696,0.09110293347390759
19193,Woodbury,2959290,Dry Beans,2,6.758377854147447e-5
19193,Woodbury,2959290,Other Crops,12,4.0550267124884684e-4
19193,Woodbury,2959290,Switchgrass,19,6.420458961440076e-4
19193,Woodbury,2959290,Fallow/Idle Cropland,211,0.007130088636125557
19193,Woodbury,2959290,Open Water,23123,0.781369855607257
19193,Woodbury,2959290,Developed/Open Space,94511,3.1937052468666467
19193,Woodbury,2959290,Developed/Low Intensity,66847,2.2588864220809723
19193,Woodbury,2959290,Developed/Med Intensity,41118,1.3894549030341736
19193,Woodbury,2959290,Developed/High Intensity,18735,0.6330910454872621
19193,Woodbury,2959290,Barren,5244,0.17720466733574608
19193,Woodbury,2959290,Deciduous Forest,110655,3.739241507253429
19193,Woodbury,2959290,Evergreen Forest,969,0.032744340703344386
19193,Woodbury,2959290,Mixed Forest,1503,0.05078920957391807
19193,Woodbury,2959290,Shrubland,348,0.011759577466216559
19193,Woodbury,2959290,Grassland/Pasture,380902,12.871398207002354
19193,Woodbury,2959290,Woody Wetlands,13751,0.46467226936190775
19193,Woodbury,2959290,Herbaceous Wetlands,46341,1.5659499406952344
19193,Woodbury,2959290,Triticale,1,3.3791889270737237e-5
19041,Clay,1675724,Corn,647693,38.65153211388033
19041,Clay,1675724,Sorghum,2,1.193513967693964e-4
19041,Clay,1675724,Soybeans,577092,34.43836813222225
19041,Clay,1675724,Sweet Corn,5,2.98378491923491e-4
19041,Clay,1675724,Pop or Orn Corn,5,2.98378491923491e-4
19041,Clay,1675724,Barley,3,1.790270951540946e-4
19041,Clay,1675724,Winter Wheat,1,5.96756983846982e-5
19041,Clay,1675724,Rye,64,0.0038192446966206846
19041,Clay,1675724,Oats,1353,0.08074121991449665
19041,Clay,1675724,Alfalfa,5943,0.35465267550026136
19041,Clay,1675724,Other Hay/Non Alfalfa,5269,0.3144312547889748
19041,Clay,1675724,Dry Beans,29,0.0017305952531562476
19041,Clay,1675724,Other Crops,3,1.790270951540946e-4
19041,Clay,1675724,Peas,2,1.193513967693964e-4
19041,Clay,1675724,Clover/Wildflowers,6,3.580541903081892e-4
19041,Clay,1675724,Apples,120,0.0071610838061637845
19041,Clay,1675724,Open Water,14050,0.8384435623050097
19041,Clay,1675724,Developed/Open Space,50987,3.042684833540607
19041,Clay,1675724,Developed/Low Intensity,21761,1.2986028725494174
19041,Clay,1675724,Developed/Med Intensity,14429,0.8610606519928102
19041,Clay,1675724,Developed/High Intensity,3956,0.23607706280986607
19041,Clay,1675724,Barren,1775,0.1059243646328393
19041,Clay,1675724,Deciduous Forest,16400,0.9786814535090504
19041,Clay,1675724,Evergreen Forest,243,0.014501194707481662
19041,Clay,1675724,Mixed Forest,15194,0.9067125612571045
19041,Clay,1675724,Shrubland,176,0.010502922915706881
19041,Clay,1675724,Grassland/Pasture,201761,12.040228581795093
19041,Clay,1675724,Woody Wetlands,7024,0.4191621054541201
19041,Clay,1675724,Herbaceous Wetlands,65092,3.884410559256775
19047,Crawford,2081764,Corn,873305,41.950240276995856
19047,Crawford,2081764,Sorghum,86,0.004131111883959949
19047,Crawford,2081764,Soybeans,690961,33.191130214568034
19047,Crawford,2081764,Sweet Corn,38,0.0018253750184939312
19047,Crawford,2081764,Pop or Orn Corn,1260,0.06052559271848298
19047,Crawford,2081764,Barley,397,0.01907036532479186
19047,Crawford,2081764,Winter Wheat,1245,0.059805049948024845
19047,Crawford,2081764,Rye,52,0.002497881604254853
19047,Crawford,2081764,Oats,1116,0.05360838212208493
19047,Crawford,2081764,Alfalfa,21781,1.0462761388899031
19047,Crawford,2081764,Other Hay/Non Alfalfa,4192,0.20136768625069892
19047,Crawford,2081764,Dry Beans,1,4.803618469720872e-5
19047,Crawford,2081764,Other Crops,8,3.8428947757766975e-4
19047,Crawford,2081764,Peas,4,1.9214473878883487e-4
19047,Crawford,2081764,Sod/Grass Seed,22,0.0010567960633385918
19047,Crawford,2081764,Fallow/Idle Cropland,7,3.36253292880461e-4
19047,Crawford,2081764,Open Water,5951,0.28586333513308904
19047,Crawford,2081764,Developed/Open Space,59404,2.8535415157529864
19047,Crawford,2081764,Developed/Low Intensity,30400,1.460300014795145
19047,Crawford,2081764,Developed/Med Intensity,14243,0.6841793786423437
19047,Crawford,2081764,Developed/High Intensity,3673,0.1764369063928476
19047,Crawford,2081764,Barren,1192,0.05725913215907279
19047,Crawford,2081764,Deciduous Forest,51577,2.477562298127934
19047,Crawford,2081764,Evergreen Forest,185,0.008886694168983612
19047,Crawford,2081764,Mixed Forest,423,0.020319306126919286
19047,Crawford,2081764,Shrubland,286,0.013738348823401692
19047,Crawford,2081764,Grassland/Pasture,289479,13.905466709963282
19047,Crawford,2081764,Woody Wetlands,1500,0.07205427704581308
19047,Crawford,2081764,Herbaceous Wetlands,7642,0.36709252345606896
19047,Crawford,2081764,Dbl Crop WinWht/Sorghum,127,0.006100595456545507
19047,Crawford,2081764,Dbl Crop Soybeans/Oats,6,2.882171081832523e-4
19019,Buchanan,1849375,Corn,850416,45.98396755660696
19019,Buchanan,1849375,Sorghum,15,8.110848259547145e-4
19019,Buchanan,1849375,Soybeans,383593,20.74176410949645
19019,Buchanan,1849375,Barley,48,0.002595471443055086
19019,Buchanan,1849375,Spring Wheat,108,0.005839810746873944
19019,Buchanan,1849375,Winter Wheat,69,0.0037309901993916868
19019,Buchanan,1849375,Dbl Crop WinWht/Soybeans,93,0.005028725920919229
19019,Buchanan,1849375,Rye,606,0.03276782696857046
19019,Buchanan,1849375,Oats,4432,0.239648529908753
19019,Buchanan,1849375,Alfalfa,17042,0.9215005069280161
19019,Buchanan,1849375,Other Hay/Non Alfalfa,1488,0.08045961473470767
19019,Buchanan,1849375,Dry Beans,1,5.407232173031429e-5
19019,Buchanan,1849375,Other Crops,6,3.2443393038188574e-4
19019,Buchanan,1849375,Peas,3,1.6221696519094287e-4
19019,Buchanan,1849375,Clover/Wildflowers,48,0.002595471443055086
19019,Buchanan,1849375,Sod/Grass Seed,5,2.7036160865157147e-4
19019,Buchanan,1849375,Switchgrass,18,9.733017911456573e-4
19019,Buchanan,1849375,Open Water,7033,0.38029063872930047
19019,Buchanan,1849375,Developed/Open Space,28763,1.5552821899290301
19019,Buchanan,1849375,Developed/Low Intensity,50929,2.7538492734031768
19019,Buchanan,1849375,Developed/Med Intensity,20986,1.1347617438323758
19019,Buchanan,1849375,Developed/High Intensity,3204,0.173247718823927
19019,Buchanan,1849375,Barren,2270,0.12274417032781344
19019,Buchanan,1849375,Deciduous Forest,42935,2.3215951334910443
19019,Buchanan,1849375,Evergreen Forest,351,0.018979384927340318
19019,Buchanan,1849375,Mixed Forest,2798,0.1512943562014194
19019,Buchanan,1849375,Shrubland,125,0.006759040216289287
19019,Buchanan,1849375,Grassland/Pasture,190358,10.293099019939168
19019,Buchanan,1849375,Woody Wetlands,39597,2.141101723555255
19019,Buchanan,1849375,Herbaceous Wetlands,4591,0.24824602906387294
19019,Buchanan,1849375,Triticale,1,5.407232173031429e-5
19143,Osceola,1163712,Corn,525567,45.162978468899524
19143,Osceola,1163712,Sorghum,235,0.02019399989000715
19143,Osceola,1163712,Soybeans,457716,39.332412143210696
19143,Osceola,1163712,Pop or Orn Corn,4,3.437276577022494e-4
19143,Osceola,1163712,Rye,1,8.593191442556234e-5
19143,Osceola,1163712,Oats,1118,0.09607188032777869
19143,Osceola,1163712,Alfalfa,2879,0.24739798163119398
19143,Osceola,1163712,Other Hay/Non Alfalfa,1146,0.09847797393169444
19143,Osceola,1163712,Fallow/Idle Cropland,17,0.0014608425452345597
19143,Osceola,1163712,Apples,5,4.296595721278117e-4
19143,Osceola,1163712,Open Water,3655,0.31408114722543035
19143,Osceola,1163712,Developed/Open Space,39345,3.3809911730737503
19143,Osceola,1163712,Developed/Low Intensity,12152,1.0442446240994334
19143,Osceola,1163712,Developed/Med Intensity,9781,0.8405000549964252
19143,Osceola,1163712,Developed/High Intensity,2596,0.22307924984875982
19143,Osceola,1163712,Barren,2676,0.2299538030028048
19143,Osceola,1163712,Deciduous Forest,359,0.030849557278776883
19143,Osceola,1163712,Evergreen Forest,7,6.015234009789364e-4
19143,Osceola,1163712,Mixed Forest,6571,0.5646586096903702
19143,Osceola,1163712,Shrubland,28,0.0024060936039157457
19143,Osceola,1163712,Grassland/Pasture,48619,4.177923747456416
19143,Osceola,1163712,Woody Wetlands,111,0.009538442501237419
19143,Osceola,1163712,Herbaceous Wetlands,36758,3.1586853104548203
19143,Osceola,1163712,Triticale,102,0.008765055271407357
19033,Cerro Gordo,1742336,Corn,740875,42.52193606744049
19033,Cerro Gordo,1742336,Sorghum,33,0.0018940089626799882
19033,Cerro Gordo,1742336,Soybeans,485098,27.841816962973848
19033,Cerro Gordo,1742336,Barley,26,0.0014922494857478694
19033,Cerro Gordo,1742336,Spring Wheat,3,1.7218263297090803e-4
19033,Cerro Gordo,1742336,Winter Wheat,16,9.183073758448428e-4
19033,Cerro Gordo,1742336,Rye,918,0.05268788568909786
19033,Cerro Gordo,1742336,Oats,1744,0.10009550396708786
19033,Cerro Gordo,1742336,Millet,683,0.03920024610637673
19033,Cerro Gordo,1742336,Alfalfa,7284,0.41805943285336467
19033,Cerro Gordo,1742336,Other Hay/Non Alfalfa,1720,0.09871804290332059
19033,Cerro Gordo,1742336,Peas,322,0.01848093593887746
19033,Cerro Gordo,1742336,Clover/Wildflowers,4,2.295768439612107e-4
19033,Cerro Gordo,1742336,Sod/Grass Seed,187,0.0107327174551866
19033,Cerro Gordo,1742336,Open Water,25807,1.4811724030267412
19033,Cerro Gordo,1742336,Developed/Open Space,44044,2.527870628856891
19033,Cerro Gordo,1742336,Developed/Low Intensity,55150,3.165290736115192
19033,Cerro Gordo,1742336,Developed/Med Intensity,28591,1.6409578864237435
19033,Cerro Gordo,1742336,Developed/High Intensity,9614,0.55178794446077
19033,Cerro Gordo,1742336,Barren,5152,0.29569497502203934
19033,Cerro Gordo,1742336,Deciduous Forest,24845,1.4259591720540699
19033,Cerro Gordo,1742336,Evergreen Forest,49,0.002812316338524831
19033,Cerro Gordo,1742336,Mixed Forest,864,0.049588598295621504
19033,Cerro Gordo,1742336,Shrubland,134,0.007690824272700559
19033,Cerro Gordo,1742336,Grassland/Pasture,183809,10.549572527916544
19033,Cerro Gordo,1742336,Woody Wetlands,10488,0.6019504848662944
19033,Cerro Gordo,1742336,Herbaceous Wetlands,30204,1.733534748751102
19033,Cerro Gordo,1742336,Dbl Crop Soybeans/Oats,1,5.7394210990302676e-5
19073,Greene,1702925,Corn,721249,42.35353876418515
19073,Greene,1702925,Soybeans,586668,34.450607043762936
19073,Greene,1702925,Sweet Corn,19,0.0011157273514687963
19073,Greene,1702925,Pop or Orn Corn,58,0.0034059045465889572
19073,Greene,1702925,Barley,1396,0.08197659908686525
19073,Greene,1702925,Winter Wheat,595,0.0349398828486281
19073,Greene,1702925,Rye,170,0.009982823671036598
19073,Greene,1702925,Oats,1323,0.07768985715753776
19073,Greene,1702925,Millet,1,5.8722492182568225e-5
19073,Greene,1702925,Alfalfa,6640,0.38991734809225304
19073,Greene,1702925,Other Hay/Non Alfalfa,2246,0.13189071744204825
19073,Greene,1702925,Dry Beans,1,5.8722492182568225e-5
19073,Greene,1702925,Peas,15,8.808373827385234e-4
19073,Greene,1702925,Clover/Wildflowers,3,1.761674765477047e-4
19073,Greene,1702925,Sod/Grass Seed,9,5.285024296431141e-4
19073,Greene,1702925,Open Water,7596,0.4460560506187883
19073,Greene,1702925,Developed/Open Space,54443,3.197028641895562
19073,Greene,1702925,Developed/Low Intensity,18415,1.081374693541994
19073,Greene,1702925,Developed/Med Intensity,6929,0.4068881483330153
19073,Greene,1702925,Developed/High Intensity,1433,0.08414933129762027
19073,Greene,1702925,Barren,1395,0.08191787659468268
19073,Greene,1702925,Deciduous Forest,38902,2.2844223908862693
19073,Greene,1702925,Evergreen Forest,68,0.003993129468414639
19073,Greene,1702925,Mixed Forest,1565,0.09190070026571927
19073,Greene,1702925,Shrubland,37,0.0021727322107550247
19073,Greene,1702925,Grassland/Pasture,160280,9.412041047022035
19073,Greene,1702925,Woody Wetlands,20062,1.1780906381666838
19073,Greene,1702925,Herbaceous Wetlands,14989,0.8801914353245152
19073,Greene,1702925,Dbl Crop WinWht/Sorghum,8,4.697799374605458e-4
19179,Wapello,1360176,Corn,242996,17.8650409946948
19179,Wapello,1360176,Sorghum,18,0.0013233581536507039
19179,Wapello,1360176,Soybeans,229817,16.896122266530213
19179,Wapello,1360176,Spring Wheat,29,0.0021320770253261344
19179,Wapello,1360176,Winter Wheat,663,0.04874369199280093
19179,Wapello,1360176,Dbl Crop WinWht/Soybeans,370,0.02720236204726447
19179,Wapello,1360176,Rye,284,0.020879650868711106
19179,Wapello,1360176,Oats,692,0.050875769018127064
19179,Wapello,1360176,Alfalfa,9838,0.7232887508675347
19179,Wapello,1360176,Other Hay/Non Alfalfa,7572,0.5566926633023961
19179,Wapello,1360176,Other Crops,4,2.940795897001565e-4
19179,Wapello,1360176,Clover/Wildflowers,3,2.2055969227511736e-4
19179,Wapello,1360176,Sod/Grass Seed,10,7.351989742503911e-4
19179,Wapello,1360176,Switchgrass,2,1.4703979485007824e-4
19179,Wapello,1360176,Open Water,16843,1.2382956323299337
19179,Wapello,1360176,Developed/Open Space,30473,2.240371834233217
19179,Wapello,1360176,Developed/Low Intensity,47318,3.4788145063580007
19179,Wapello,1360176,Developed/Med Intensity,18879,1.3879821434873134
19179,Wapello,1360176,Developed/High Intensity,4927,0.36223253461316773
19179,Wapello,1360176,Barren,517,0.03800978696874523
19179,Wapello,1360176,Deciduous Forest,263098,19.34293797273294
19179,Wapello,1360176,Evergreen Forest,2146,0.15777369987413392
19179,Wapello,1360176,Mixed Forest,4093,0.3009169401606851
19179,Wapello,1360176,Shrubland,301,0.022129489124936775
19179,Wapello,1360176,Grassland/Pasture,359276,26.413934667278355
19179,Wapello,1360176,Woody Wetlands,14181,1.0425856653844796
19179,Wapello,1360176,Herbaceous Wetlands,2760,0.20291491689310798
19087,Henry,1364814,Corn,331868,24.31598737996533
19087,Henry,1364814,Sorghum,16,0.0011723209169894212
19087,Henry,1364814,Soybeans,314242,23.024529349786857
19087,Henry,1364814,Sweet Corn,2,1.4654011462367765e-4
19087,Henry,1364814,Barley,2,1.4654011462367765e-4
19087,Henry,1364814,Spring Wheat,2,1.4654011462367765e-4
19087,Henry,1364814,Winter Wheat,804,0.05890912607871842
19087,Henry,1364814,Rye,48,0.003516962750968264
19087,Henry,1364814,Oats,1442,0.10565542264367159
19087,Henry,1364814,Alfalfa,11152,0.8171076791416267
19087,Henry,1364814,Other Hay/Non Alfalfa,1761,0.12902857092614817
19087,Henry,1364814,Other Crops,5,3.6635028655919417e-4
19087,Henry,1364814,Clover/Wildflowers,80,0.005861604584947107
19087,Henry,1364814,Sod/Grass Seed,2,1.4654011462367765e-4
19087,Henry,1364814,Switchgrass,4,2.930802292473553e-4
19087,Henry,1364814,Fallow/Idle Cropland,1,7.327005731183882e-5
19087,Henry,1364814,Open Water,9433,0.6911564506225757
19087,Henry,1364814,Developed/Open Space,24428,1.789840960013599
19087,Henry,1364814,Developed/Low Intensity,41016,3.0052446707023814
19087,Henry,1364814,Developed/Med Intensity,18149,1.329778270152563
19087,Henry,1364814,Developed/High Intensity,2948,0.21600012895530088
19087,Henry,1364814,Barren,900,0.06594305158065496
19087,Henry,1364814,Deciduous Forest,217516,15.937409786241934
19087,Henry,1364814,Evergreen Forest,778,0.05700410458861061
19087,Henry,1364814,Mixed Forest,3007,0.22032306233669935
19087,Henry,1364814,Shrubland,1003,0.07348986748377434
19087,Henry,1364814,Grassland/Pasture,265081,19.42250006227955
19087,Henry,1364814,Woody Wetlands,9573,0.7014142586462331
19087,Henry,1364814,Herbaceous Wetlands,3265,0.23922673712315376
19087,Henry,1364814,Pumpkins,2,1.4654011462367765e-4
19119,Lyon,1815450,Corn,811815,44.717012310997276
19119,Lyon,1815450,Sorghum,561,0.030901429397670002
19119,Lyon,1815450,Soybeans,549344,30.259384725550138
19119,Lyon,1815450,Spring Wheat,1,5.508276184967914e-5
19119,Lyon,1815450,Winter Wheat,1,5.508276184967914e-5
19119,Lyon,1815450,Rye,144,0.007931917706353797
19119,Lyon,1815450,Oats,998,0.05497259632597978
19119,Lyon,1815450,Alfalfa,21288,1.1726018342559696
19119,Lyon,1815450,Other Hay/Non Alfalfa,1496,0.08240381172712
19119,Lyon,1815450,Dry Beans,4,2.2033104739871656e-4
19119,Lyon,1815450,Other Crops,2,1.1016552369935828e-4
19119,Lyon,1815450,Sod/Grass Seed,2,1.1016552369935828e-4
19119,Lyon,1815450,Switchgrass,179,0.009859814371092566
19119,Lyon,1815450,Fallow/Idle Cropland,48,0.002643972568784599
19119,Lyon,1815450,Open Water,7364,0.40562945826103725
19119,Lyon,1815450,Developed/Open Space,58354,3.214299484976177
19119,Lyon,1815450,Developed/Low Intensity,15388,0.8476135393428625
19119,Lyon,1815450,Developed/Med Intensity,10984,0.6050290561568757
19119,Lyon,1815450,Developed/High Intensity,2824,0.15555371946349392
19119,Lyon,1815450,Barren,4695,0.2586135668842436
19119,Lyon,1815450,Deciduous Forest,25042,1.379382522239665
19119,Lyon,1815450,Evergreen Forest,13,7.160759040458289e-4
19119,Lyon,1815450,Mixed Forest,1566,0.08625960505659755
19119,Lyon,1815450,Shrubland,146,0.008042083230053156
19119,Lyon,1815450,Grassland/Pasture,156190,8.603376573301386
19119,Lyon,1815450,Woody Wetlands,992,0.05464209975488171
19119,Lyon,1815450,Herbaceous Wetlands,25428,1.4006444683136412
19119,Lyon,1815450,Triticale,4,2.2033104739871656e-4
19003,Adams,1252208,Corn,326716,26.09119251753702
19003,Adams,1252208,Sorghum,13,0.0010381661832539004
19003,Adams,1252208,Soybeans,300020,23.95927833075655
19003,Adams,1252208,Sweet Corn,4,3.1943574869350776e-4
19003,Adams,1252208,Winter Wheat,128,0.010221943958192248
19003,Adams,1252208,Rye,887,0.07083487727278535
19003,Adams,1252208,Oats,1615,0.12897218353500375
19003,Adams,1252208,Millet,12,9.583072460805234e-4
19003,Adams,1252208,Alfalfa,17177,1.371736963827096
19003,Adams,1252208,Other Hay/Non Alfalfa,11616,0.9276414142059467
19003,Adams,1252208,Other Crops,1,7.985893717337694e-5
19003,Adams,1252208,Peas,3,2.3957681152013085e-4
19003,Adams,1252208,Clover/Wildflowers,81,0.006468573911043532
19003,Adams,1252208,Open Water,9544,0.7621736963827096
19003,Adams,1252208,Developed/Open Space,20606,1.6455732593946053
19003,Adams,1252208,Developed/Low Intensity,29461,2.352724148064858
19003,Adams,1252208,Developed/Med Intensity,4111,0.32830009071975264
19003,Adams,1252208,Developed/High Intensity,640,0.051109719790961246
19003,Adams,1252208,Barren,290,0.023159091780279317
19003,Adams,1252208,Deciduous Forest,74383,5.940147323767297
19003,Adams,1252208,Evergreen Forest,2207,0.17624867434164293
19003,Adams,1252208,Mixed Forest,7198,0.5748246297739673
19003,Adams,1252208,Shrubland,159,0.012697571010566934
19003,Adams,1252208,Grassland/Pasture,412601,32.9498773366725
19003,Adams,1252208,Woody Wetlands,6385,0.5098993138520118
19003,Adams,1252208,Herbaceous Wetlands,832,0.06644263572824963
19133,Monona,2473692,Corn,749618,30.303610958842086
19133,Monona,2473692,Sorghum,39,0.001576590780097118
19133,Monona,2473692,Soybeans,622979,25.18417814343904
19133,Monona,2473692,Pop or Orn Corn,183,0.007397849045071092
19133,Monona,2473692,Winter Wheat,4,1.617016184714993e-4
19133,Monona,2473692,Rye,32,0.0012936129477719943
19133,Monona,2473692,Oats,371,0.014997825113231559
19133,Monona,2473692,Millet,1,4.042540461787482e-5
19133,Monona,2473692,Alfalfa,12600,0.5093600981852228
19133,Monona,2473692,Other Hay/Non Alfalfa,1179,0.04766155204447441
19133,Monona,2473692,Dry Beans,1,4.042540461787482e-5
19133,Monona,2473692,Fallow/Idle Cropland,46,0.0018595686124222416
19133,Monona,2473692,Open Water,18478,0.7469806265290909
19133,Monona,2473692,Developed/Open Space,60734,2.4551965240620093
19133,Monona,2473692,Developed/Low Intensity,25454,1.0289882491433857
19133,Monona,2473692,Developed/Med Intensity,10224,0.4133093368131522
19133,Monona,2473692,Developed/High Intensity,1957,0.07911251683718103
19133,Monona,2473692,Barren,3034,0.1226506776106322
19133,Monona,2473692,Deciduous Forest,187355,7.573901682181937
19133,Monona,2473692,Evergreen Forest,12776,0.5164749693979687
19133,Monona,2473692,Mixed Forest,1117,0.04515517695816618
19133,Monona,2473692,Shrubland,735,0.029712672394137992
19133,Monona,2473692,Grassland/Pasture,241945,9.780724520271724
19133,Monona,2473692,Woody Wetlands,13287,0.5371323511577027
19133,Monona,2473692,Herbaceous Wetlands,50500,2.0414829332026785
19091,Humboldt,1298592,Corn,568908,43.80960301618984
19091,Humboldt,1298592,Sorghum,2,1.5401296173085929e-4
19091,Humboldt,1298592,Soybeans,490431,37.766365417313516
19091,Humboldt,1298592,Sweet Corn,17,0.0013091101747123037
19091,Humboldt,1298592,Winter Wheat,13,0.0010010842512505852
19091,Humboldt,1298592,Rye,70,0.005390453660580075
19091,Humboldt,1298592,Oats,2742,0.21115177053300807
19091,Humboldt,1298592,Alfalfa,2915,0.2244738917227274
19091,Humboldt,1298592,Other Hay/Non Alfalfa,804,0.061913210615805424
19091,Humboldt,1298592,Other Crops,2,1.5401296173085929e-4
19091,Humboldt,1298592,Peas,34,0.0026182203494246074
19091,Humboldt,1298592,Clover/Wildflowers,1,7.700648086542964e-5
19091,Humboldt,1298592,Sod/Grass Seed,25,0.0019251620216357407
19091,Humboldt,1298592,Switchgrass,1,7.700648086542964e-5
19091,Humboldt,1298592,Open Water,5511,0.4243827160493827
19091,Humboldt,1298592,Developed/Open Space,19259,1.4830678149873093
19091,Humboldt,1298592,Developed/Low Intensity,32097,2.471677016337695
19091,Humboldt,1298592,Developed/Med Intensity,11992,0.9234617185382321
19091,Humboldt,1298592,Developed/High Intensity,1967,0.15147174786230008
19091,Humboldt,1298592,Barren,1587,0.12220928513343683
19091,Humboldt,1298592,Deciduous Forest,5061,0.38972979965993937
19091,Humboldt,1298592,Evergreen Forest,6,4.6203888519257783e-4
19091,Humboldt,1298592,Mixed Forest,188,0.01447721840270077
19091,Humboldt,1298592,Shrubland,39,0.003003252753751756
19091,Humboldt,1298592,Grassland/Pasture,78778,6.066416549616815
19091,Humboldt,1298592,Woody Wetlands,23454,1.8061100022177867
19091,Humboldt,1298592,Herbaceous Wetlands,10136,0.7805376900519948
19115,Louisa,2018100,Corn,349708,17.328576383727267
19115,Louisa,2018100,Sorghum,7,3.46860908775581e-4
19115,Louisa,2018100,Soybeans,306901,15.207422823447796
19115,Louisa,2018100,Sweet Corn,2,9.910311679302315e-5
19115,Louisa,2018100,Winter Wheat,643,0.03186165204895694
19115,Louisa,2018100,Dbl Crop WinWht/Soybeans,21,0.001040582726326743
19115,Louisa,2018100,Rye,14,6.93721817551162e-4
19115,Louisa,2018100,Oats,852,0.04221792775382786
19115,Louisa,2018100,Alfalfa,5224,0.25885734106337643
19115,Louisa,2018100,Other Hay/Non Alfalfa,537,0.02660918685892671
19115,Louisa,2018100,Dry Beans,813,0.04028541697636391
19115,Louisa,2018100,Peas,1,4.955155839651157e-5
19115,Louisa,2018100,Clover/Wildflowers,6,2.973093503790694e-4
19115,Louisa,2018100,Sod/Grass Seed,6,2.973093503790694e-4
19115,Louisa,2018100,Switchgrass,161,0.007977800901838363
19115,Louisa,2018100,Fallow/Idle Cropland,6,2.973093503790694e-4
19115,Louisa,2018100,Open Water,55965,2.77315296566077
19115,Louisa,2018100,Developed/Open Space,19499,0.9662058371735791
19115,Louisa,2018100,Developed/Low Intensity,30567,1.514642485506169
19115,Louisa,2018100,Developed/Med Intensity,10234,0.5071106486298994
19115,Louisa,2018100,Developed/High Intensity,1558,0.07720132798176503
19115,Louisa,2018100,Barren,1124,0.05569595163767901
19115,Louisa,2018100,Deciduous Forest,118178,5.855904068182944
19115,Louisa,2018100,Evergreen Forest,153,0.00758138843466627
19115,Louisa,2018100,Mixed Forest,4438,0.21990981616371838
19115,Louisa,2018100,Shrubland,133,0.0065903572667360385
19115,Louisa,2018100,Grassland/Pasture,170828,8.464793617759279
19115,Louisa,2018100,Woody Wetlands,76825,3.8067984738120018
19115,Louisa,2018100,Herbaceous Wetlands,50194,2.4871909221545017
19171,Tama,2243460,Corn,734790,32.75253403225375
19171,Tama,2243460,Sorghum,210,0.009360541306731565
19171,Tama,2243460,Soybeans,659017,29.37502785875389
19171,Tama,2243460,Sweet Corn,2,8.914801244506254e-5
19171,Tama,2243460,Barley,39,0.0017383862426787193
19171,Tama,2243460,Winter Wheat,167,0.007443859039162722
19171,Tama,2243460,Dbl Crop WinWht/Soybeans,5,2.2287003111265635e-4
19171,Tama,2243460,Rye,628,0.027992475907749635
19171,Tama,2243460,Oats,4538,0.2022768402378469
19171,Tama,2243460,Millet,22,9.806281368956878e-4
19171,Tama,2243460,Alfalfa,20260,0.9030693660684834
19171,Tama,2243460,Other Hay/Non Alfalfa,2309,0.1029213803678247
19171,Tama,2243460,Other Crops,2,8.914801244506254e-5
19171,Tama,2243460,Clover/Wildflowers,4,1.7829602489012508e-4
19171,Tama,2243460,Sod/Grass Seed,20,8.914801244506254e-4
19171,Tama,2243460,Switchgrass,1,4.457400622253127e-5
19171,Tama,2243460,Open Water,9895,0.44105979157194686
19171,Tama,2243460,Developed/Open Space,57712,2.5724550471147243
19171,Tama,2243460,Developed/Low Intensity,38446,1.713692243231437
19171,Tama,2243460,Developed/Med Intensity,11152,0.4970893173936687
19171,Tama,2243460,Developed/High Intensity,2019,0.08999491856329063
19171,Tama,2243460,Barren,1059,0.04720387258966061
19171,Tama,2243460,Deciduous Forest,97686,4.35425637185419
19171,Tama,2243460,Evergreen Forest,206,0.009182245281841441
19171,Tama,2243460,Mixed Forest,9054,0.4035730523387981
19171,Tama,2243460,Shrubland,651,0.029017678050867857
19171,Tama,2243460,Grassland/Pasture,342802,15.280058481096164
19171,Tama,2243460,Woody Wetlands,52390,2.335232185998413
19171,Tama,2243460,Herbaceous Wetlands,35856,1.5982455671150813
19171,Tama,2243460,Triticale,2,8.914801244506254e-5
19135,Monroe,1341153,Corn,122368,9.124089496127585
19135,Monroe,1341153,Sorghum,12,8.947525002740179e-4
19135,Monroe,1341153,Soybeans,102866,7.669967557765594
19135,Monroe,1341153,Sweet Corn,2,1.4912541671233633e-4
19135,Monroe,1341153,Spring Wheat,13,9.69315208630186e-4
19135,Monroe,1341153,Winter Wheat,731,0.05450533980835893
19135,Monroe,1341153,Dbl Crop WinWht/Soybeans,8,5.965016668493453e-4
19135,Monroe,1341153,Rye,3,2.2368812506850448e-4
19135,Monroe,1341153,Oats,807,0.06017210564342771
19135,Monroe,1341153,Alfalfa,19454,1.4505429283608955
19135,Monroe,1341153,Other Hay/Non Alfalfa,11748,0.8759626977682635
19135,Monroe,1341153,Other Crops,2,1.4912541671233633e-4
19135,Monroe,1341153,Clover/Wildflowers,10,7.456270835616817e-4
19135,Monroe,1341153,Sod/Grass Seed,2,1.4912541671233633e-4
19135,Monroe,1341153,Switchgrass,1,7.456270835616816e-5
19135,Monroe,1341153,Open Water,4797,0.35767731198453867
19135,Monroe,1341153,Developed/Open Space,25910,1.9319197735083171
19135,Monroe,1341153,Developed/Low Intensity,25811,1.9245380653810564
19135,Monroe,1341153,Developed/Med Intensity,5285,0.3940639136623488
19135,Monroe,1341153,Developed/High Intensity,1468,0.10945805586685486
19135,Monroe,1341153,Barren,464,0.034597096677262025
19135,Monroe,1341153,Deciduous Forest,393924,29.372040326495185
19135,Monroe,1341153,Evergreen Forest,995,0.07418989481438733
19135,Monroe,1341153,Mixed Forest,6817,0.5082939828639984
19135,Monroe,1341153,Shrubland,360,0.026842575008220536
19135,Monroe,1341153,Grassland/Pasture,520474,38.807951068968265
19135,Monroe,1341153,Woody Wetlands,6621,0.4936796920261894
19135,Monroe,1341153,Herbaceous Wetlands,1167,0.08701468065164825
19139,Muscatine,1714858,Corn,394561,23.008377370021307
19139,Muscatine,1714858,Sorghum,39,0.0022742407826187357
19139,Muscatine,1714858,Soybeans,339015,19.76927535691002
19139,Muscatine,1714858,Sweet Corn,21,0.0012245911906408576
19139,Muscatine,1714858,Spring Wheat,1,5.831386622099323e-5
19139,Muscatine,1714858,Winter Wheat,298,0.01737753213385598
19139,Muscatine,1714858,Rye,111,0.006472839150530248
19139,Muscatine,1714858,Oats,868,0.05061643587982212
19139,Muscatine,1714858,Alfalfa,8992,0.524358285059171
19139,Muscatine,1714858,Other Hay/Non Alfalfa,747,0.04356045806708194
19139,Muscatine,1714858,Dry Beans,1180,0.068810362140772
19139,Muscatine,1714858,Clover/Wildflowers,6,3.498831973259594e-4
19139,Muscatine,1714858,Sod/Grass Seed,20,0.0011662773244198645
19139,Muscatine,1714858,Switchgrass,40,0.002332554648839729
19139,Muscatine,1714858,Fallow/Idle Cropland,7,4.081970635469526e-4
19139,Muscatine,1714858,Open Water,34365,2.0039560126844322
19139,Muscatine,1714858,Developed/Open Space,30288,1.7662103801014426
19139,Muscatine,1714858,Developed/Low Intensity,45828,2.6724078611756776
19139,Muscatine,1714858,Developed/Med Intensity,26617,1.5521401772041765
19139,Muscatine,1714858,Developed/High Intensity,9232,0.5383536129522095
19139,Muscatine,1714858,Barren,1584,0.09236916409405327
19139,Muscatine,1714858,Deciduous Forest,92658,5.40324621630479
19139,Muscatine,1714858,Evergreen Forest,272,0.015861371612110157
19139,Muscatine,1714858,Mixed Forest,16724,0.9752410986798907
19139,Muscatine,1714858,Shrubland,56,0.0032655765083756207
19139,Muscatine,1714858,Grassland/Pasture,190032,11.081500625707784
19139,Muscatine,1714858,Woody Wetlands,77356,4.510927435391151
19139,Muscatine,1714858,Herbaceous Wetlands,24224,1.4125950953373398
19117,Lucas,1326896,Corn,142503,10.739575671341235
19117,Lucas,1326896,Sorghum,5,3.7681928350074157e-4
19117,Lucas,1326896,Soybeans,140122,10.560134328538183
19117,Lucas,1326896,Sweet Corn,1,7.536385670014831e-5
19117,Lucas,1326896,Barley,176,0.013264038779226103
19117,Lucas,1326896,Spring Wheat,9,6.782747103013348e-4
19117,Lucas,1326896,Winter Wheat,443,0.0333861885181657
19117,Lucas,1326896,Rye,112,0.008440751950416612
19117,Lucas,1326896,Oats,610,0.04597195258709048
19117,Lucas,1326896,Alfalfa,19523,1.4713285743569955
19117,Lucas,1326896,Other Hay/Non Alfalfa,11388,0.858243600101289
19117,Lucas,1326896,Other Crops,14,0.0010550939938020764
19117,Lucas,1326896,Clover/Wildflowers,3,2.2609157010044495e-4
19117,Lucas,1326896,Fallow/Idle Cropland,4,3.0145542680059325e-4
19117,Lucas,1326896,Open Water,10681,0.8049613534142842
19117,Lucas,1326896,Developed/Open Space,30889,2.327914169610881
19117,Lucas,1326896,Developed/Low Intensity,23929,1.8033817269778492
19117,Lucas,1326896,Developed/Med Intensity,4745,0.35760150004220376
19117,Lucas,1326896,Developed/High Intensity,831,0.06262736491782325
19117,Lucas,1326896,Barren,225,0.016956867757533373
19117,Lucas,1326896,Deciduous Forest,300423,22.641035921428657
19117,Lucas,1326896,Evergreen Forest,2266,0.17077449928253607
19117,Lucas,1326896,Mixed Forest,10995,0.8286256044181307
19117,Lucas,1326896,Shrubland,157,0.011832125501923287
19117,Lucas,1326896,Grassland/Pasture,528716,39.846076859075616
19117,Lucas,1326896,Woody Wetlands,16715,1.2597068647429792
19117,Lucas,1326896,Herbaceous Wetlands,7159,0.5395298501163618
19079,Hamilton,1878850,Corn,797214,42.430955105516674
19079,Hamilton,1878850,Sorghum,15,7.983606993639727e-4
19079,Hamilton,1878850,Soybeans,568031,30.232908428027784
19079,Hamilton,1878850,Sweet Corn,29,0.0015434973521036804
19079,Hamilton,1878850,Barley,18,9.580328392367673e-4
19079,Hamilton,1878850,Winter Wheat,15,7.983606993639727e-4
19079,Hamilton,1878850,Rye,29,0.0015434973521036804
19079,Hamilton,1878850,Oats,1722,0.09165180828698406
19079,Hamilton,1878850,Millet,2,1.064480932485297e-4
19079,Hamilton,1878850,Alfalfa,5306,0.2824067913883493
19079,Hamilton,1878850,Other Hay/Non Alfalfa,1788,0.09516459536418553
19079,Hamilton,1878850,Other Crops,2,1.064480932485297e-4
19079,Hamilton,1878850,Peas,10,5.322404662426483e-4
19079,Hamilton,1878850,Clover/Wildflowers,3,1.5967213987279452e-4
19079,Hamilton,1878850,Sod/Grass Seed,14,7.451366527397077e-4
19079,Hamilton,1878850,Open Water,5793,0.3083269020943662
19079,Hamilton,1878850,Developed/Open Space,50722,2.6996300928759616
19079,Hamilton,1878850,Developed/Low Intensity,28132,1.4972988796338187
19079,Hamilton,1878850,Developed/Med Intensity,15560,0.828166165473561
19079,Hamilton,1878850,Developed/High Intensity,2894,0.15403039093062246
19079,Hamilton,1878850,Barren,1402,0.0746201133672193
19079,Hamilton,1878850,Deciduous Forest,41208,2.1932565132927055
19079,Hamilton,1878850,Evergreen Forest,49,0.0026079782845889773
19079,Hamilton,1878850,Mixed Forest,1121,0.05966415626580089
19079,Hamilton,1878850,Shrubland,144,0.007664262713894138
19079,Hamilton,1878850,Grassland/Pasture,122170,6.502381776086436
19079,Hamilton,1878850,Woody Wetlands,14782,0.7867578571998829
19079,Hamilton,1878850,Herbaceous Wetlands,6450,0.3432951007265082
19079,Hamilton,1878850,Dbl Crop WinWht/Sorghum,4,2.128961864970594e-4
19069,Franklin,1764780,Corn,843260,47.78272645882206
19069,Franklin,1764780,Sorghum,3,1.6999286029986742e-4
19069,Franklin,1764780,Soybeans,534620,30.293860991171705
19069,Franklin,1764780,Sweet Corn,6,3.3998572059973484e-4
19069,Franklin,1764780,Barley,11,6.233071544328472e-4
19069,Franklin,1764780,Winter Wheat,4,2.2665714706648988e-4
19069,Franklin,1764780,Rye,149,0.008442978728226748
19069,Franklin,1764780,Oats,3649,0.20676798241140537
19069,Franklin,1764780,Millet,3,1.6999286029986742e-4
19069,Franklin,1764780,Alfalfa,6589,0.37336098550527547
19069,Franklin,1764780,Other Hay/Non Alfalfa,899,0.0509411938031936
19069,Franklin,1764780,Other Crops,16,9.066285882659595e-4
19069,Franklin,1764780,Peas,156,0.008839628735593106
19069,Franklin,1764780,Clover/Wildflowers,4,2.2665714706648988e-4
19069,Franklin,1764780,Sod/Grass Seed,55,0.003116535772164236
19069,Franklin,1764780,Open Water,3446,0.19526513219778102
19069,Franklin,1764780,Developed/Open Space,45084,2.5546527045864074
19069,Franklin,1764780,Developed/Low Intensity,31884,1.8066841192669907
19069,Franklin,1764780,Developed/Med Intensity,11477,0.6503360192205261
19069,Franklin,1764780,Developed/High Intensity,2416,0.13690091682815989
19069,Franklin,1764780,Barren,1922,0.10890875916544837
19069,Franklin,1764780,Deciduous Forest,18386,1.0418295764911207
19069,Franklin,1764780,Evergreen Forest,40,0.0022665714706648988
19069,Franklin,1764780,Mixed Forest,940,0.05326442956062512
19069,Franklin,1764780,Shrubland,52,0.0029465429118643686
19069,Franklin,1764780,Grassland/Pasture,142159,8.055338342456283
19069,Franklin,1764780,Woody Wetlands,20401,1.156008114325865
19069,Franklin,1764780,Herbaceous Wetlands,11391,0.6454628905585965
19017,Bremer,1365165,Corn,536289,39.28382283460241
19017,Bremer,1365165,Soybeans,308187,22.57507334278274
19017,Bremer,1365165,Barley,68,0.004981082872766295
19017,Bremer,1365165,Winter Wheat,7,5.127585310200598e-4
19017,Bremer,1365165,Rye,66,0.004834580435331993
19017,Bremer,1365165,Oats,1878,0.13756578875081035
19017,Bremer,1365165,Alfalfa,12814,0.9386411166415781
19017,Bremer,1365165,Other Hay/Non Alfalfa,744,0.05449890672556064
19017,Bremer,1365165,Clover/Wildflowers,10,7.32512187171514e-4
19017,Bremer,1365165,Switchgrass,11,8.057634058886654e-4
19017,Bremer,1365165,Open Water,9371,0.6864371705984258
19017,Bremer,1365165,Developed/Open Space,33374,2.444686173466211
19017,Bremer,1365165,Developed/Low Intensity,38851,2.845883098380049
19017,Bremer,1365165,Developed/Med Intensity,16201,1.18674299443657
19017,Bremer,1365165,Developed/High Intensity,3058,0.22400222683704898
19017,Bremer,1365165,Barren,1321,0.09676485992535701
19017,Bremer,1365165,Deciduous Forest,42424,3.107609702856431
19017,Bremer,1365165,Evergreen Forest,299,0.02190211439642827
19017,Bremer,1365165,Mixed Forest,1923,0.14086209359308216
19017,Bremer,1365165,Shrubland,24,0.0017580292492116337
19017,Bremer,1365165,Grassland/Pasture,180342,13.21027128588852
19017,Bremer,1365165,Woody Wetlands,67222,4.924093424604352
19017,Bremer,1365165,Herbaceous Wetlands,12352,0.904799053594254
19017,Bremer,1365165,Triticale,1,7.32512187171514e-5
19141,O'Brien,1674355,Corn,761100,45.45631004177728
19141,O'Brien,1674355,Sorghum,268,0.016006163567463292
19141,O'Brien,1674355,Soybeans,632898,37.79951085641934
19141,O'Brien,1674355,Pop or Orn Corn,3,1.7917347277011147e-4
19141,O'Brien,1674355,Rye,8,4.777959273869639e-4
19141,O'Brien,1674355,Oats,2515,0.15020709467227678
19141,O'Brien,1674355,Alfalfa,4906,0.29300835247005563
19141,O'Brien,1674355,Other Hay/Non Alfalfa,2244,0.13402175763204338
19141,O'Brien,1674355,Fallow/Idle Cropland,7,4.180714364635934e-4
19141,O'Brien,1674355,Apples,17,0.0010153163456972985
19141,O'Brien,1674355,Open Water,2907,0.173619095114238
19141,O'Brien,1674355,Developed/Open Space,55506,3.3150675931926026
19141,O'Brien,1674355,Developed/Low Intensity,18505,1.1052017045369709
19141,O'Brien,1674355,Developed/Med Intensity,16032,0.9575030384834757
19141,O'Brien,1674355,Developed/High Intensity,4611,0.27538962764766134
19141,O'Brien,1674355,Barren,2414,0.14417492108901636
19141,O'Brien,1674355,Deciduous Forest,7662,0.45760904945486475
19141,O'Brien,1674355,Evergreen Forest,357,0.021321643259643266
19141,O'Brien,1674355,Mixed Forest,13187,0.7875868618064866
19141,O'Brien,1674355,Shrubland,215,0.012840765548524655
19141,O'Brien,1674355,Grassland/Pasture,98872,5.905079866575487
19141,O'Brien,1674355,Woody Wetlands,1069,0.06384548079708305
19141,O'Brien,1674355,Herbaceous Wetlands,26067,1.5568383048994987
19141,O'Brien,1674355,Triticale,650,0.038820919100190816
19077,Guthrie,1909299,Corn,476261,24.944285834748776
19077,Guthrie,1909299,Sorghum,9,4.713771913147181e-4
19077,Guthrie,1909299,Soybeans,429965,22.51952156262586
19077,Guthrie,1909299,Sweet Corn,7,3.6662670435589186e-4
19077,Guthrie,1909299,Pop or Orn Corn,16,8.380038956706101e-4
19077,Guthrie,1909299,Barley,53,0.0027758879044088953
19077,Guthrie,1909299,Winter Wheat,857,0.04488558366185705
19077,Guthrie,1909299,Dbl Crop WinWht/Soybeans,3,1.5712573043823936e-4
19077,Guthrie,1909299,Rye,850,0.04451895695750116
19077,Guthrie,1909299,Oats,2925,0.15319758717728338
19077,Guthrie,1909299,Millet,8,4.1900194783530504e-4
19077,Guthrie,1909299,Alfalfa,21809,1.1422516850425208
19077,Guthrie,1909299,Other Hay/Non Alfalfa,10077,0.5277853285420461
19077,Guthrie,1909299,Other Crops,1,5.237524347941313e-5
19077,Guthrie,1909299,Peas,3,1.5712573043823936e-4
19077,Guthrie,1909299,Clover/Wildflowers,29,0.0015188820609029806
19077,Guthrie,1909299,Sod/Grass Seed,15,7.856286521911969e-4
19077,Guthrie,1909299,Switchgrass,2,1.0475048695882626e-4
19077,Guthrie,1909299,Open Water,13101,0.6861680648237913
19077,Guthrie,1909299,Developed/Open Space,53430,2.798409259105043
19077,Guthrie,1909299,Developed/Low Intensity,23968,1.2553298357145737
19077,Guthrie,1909299,Developed/Med Intensity,7254,0.3799300161996628
19077,Guthrie,1909299,Developed/High Intensity,1337,0.07002570053197535
19077,Guthrie,1909299,Barren,980,0.05132773860982487
19077,Guthrie,1909299,Deciduous Forest,173787,9.102136438556768
19077,Guthrie,1909299,Evergreen Forest,345,0.018069459000397525
19077,Guthrie,1909299,Mixed Forest,9034,0.4731579495930182
19077,Guthrie,1909299,Shrubland,194,0.010160797235006146
19077,Guthrie,1909299,Grassland/Pasture,462283,24.212184681393538
19077,Guthrie,1909299,Woody Wetlands,15058,0.7886664163130028
19077,Guthrie,1909299,Herbaceous Wetlands,5766,0.30199565390229605
19077,Guthrie,1909299,Dbl Crop WinWht/Sorghum,14,7.332534087117837e-4
19183,Washington,1794188,Corn,505909,28.197100861225245
19183,Washington,1794188,Sorghum,40,0.002229420774188658
19183,Washington,1794188,Soybeans,422720,23.56051874162574
19183,Washington,1794188,Sweet Corn,10,5.573551935471645e-4
19183,Washington,1794188,Barley,3,1.6720655806414935e-4
19183,Washington,1794188,Spring Wheat,1,5.573551935471645e-5
19183,Washington,1794188,Winter Wheat,835,0.04653915866118824
19183,Washington,1794188,Dbl Crop WinWht/Soybeans,29,0.001616330061286777
19183,Washington,1794188,Rye,137,0.0076357661515961545
19183,Washington,1794188,Oats,3115,0.17361614278994175
19183,Washington,1794188,Alfalfa,19288,1.075026697313771
19183,Washington,1794188,Other Hay/Non Alfalfa,2640,0.14714177109645143
19183,Washington,1794188,Dry Beans,1,5.573551935471645e-5
19183,Washington,1794188,Other Crops,5,2.786775967735822e-4
19183,Washington,1794188,Peas,22,0.001226181425803762
19183,Washington,1794188,Clover/Wildflowers,40,0.002229420774188658
19183,Washington,1794188,Sod/Grass Seed,3,1.6720655806414935e-4
19183,Washington,1794188,Switchgrass,24,0.0013376524645131948
19183,Washington,1794188,Fallow/Idle Cropland,3,1.6720655806414935e-4
19183,Washington,1794188,Open Water,9312,0.5190091562311195
19183,Washington,1794188,Developed/Open Space,30554,1.7029430583640064
19183,Washington,1794188,Developed/Low Intensity,46998,2.619457938632964
19183,Washington,1794188,Developed/Med Intensity,19248,1.0727972765395821
19183,Washington,1794188,Developed/High Intensity,3162,0.1762357121996134
19183,Washington,1794188,Barren,1782,0.09932069549010471
19183,Washington,1794188,Deciduous Forest,148199,8.259948232849624
19183,Washington,1794188,Evergreen Forest,272,0.015160061264482876
19183,Washington,1794188,Mixed Forest,4403,0.2454034917188165
19183,Washington,1794188,Shrubland,307,0.017110804441897953
19183,Washington,1794188,Grassland/Pasture,372935,20.785725910551182
19183,Washington,1794188,Woody Wetlands,41713,2.3248957188432873
19183,Washington,1794188,Herbaceous Wetlands,11951,0.6660951918082163
19167,Sioux,2517120,Corn,1088523,43.244779748283754
19167,Sioux,2517120,Sorghum,3011,0.11962083651156877
19167,Sioux,2517120,Soybeans,737578,29.302456775997964
19167,Sioux,2517120,Pop or Orn Corn,3,1.1918382913806256e-4
19167,Sioux,2517120,Winter Wheat,1,3.9727943046020846e-5
19167,Sioux,2517120,Rye,478,0.018989956775997966
19167,Sioux,2517120,Oats,1605,0.06376334858886347
19167,Sioux,2517120,Alfalfa,23630,0.9387712941774727
19167,Sioux,2517120,Other Hay/Non Alfalfa,1420,0.0564136791253496
19167,Sioux,2517120,Dry Beans,1,3.9727943046020846e-5
19167,Sioux,2517120,Switchgrass,41,0.0016288456648868546
19167,Sioux,2517120,Fallow/Idle Cropland,88,0.0034960589880498345
19167,Sioux,2517120,Open Water,12765,0.5071271929824561
19167,Sioux,2517120,Developed/Open Space,80163,3.1847110983981692
19167,Sioux,2517120,Developed/Low Intensity,32731,1.3003353038393084
19167,Sioux,2517120,Developed/Med Intensity,29240,1.1616450546656496
19167,Sioux,2517120,Developed/High Intensity,8271,0.3285898169336385
19167,Sioux,2517120,Barren,8043,0.3195318459191457
19167,Sioux,2517120,Deciduous Forest,17807,0.7074354818204932
19167,Sioux,2517120,Evergreen Forest,14,5.561912026442919e-4
19167,Sioux,2517120,Mixed Forest,3247,0.1289966310704297
19167,Sioux,2517120,Shrubland,118,0.0046878972794304604
19167,Sioux,2517120,Grassland/Pasture,118103,4.691989257564201
19167,Sioux,2517120,Woody Wetlands,3888,0.15446224256292906
19167,Sioux,2517120,Herbaceous Wetlands,46142,1.8331267480294942
19167,Sioux,2517120,Triticale,5,1.9863971523010422e-4
19005,Allamakee,2460240,Corn,309416,12.576659187721523
19005,Allamakee,2460240,Sorghum,48,0.00195102916788606
19005,Allamakee,2460240,Soybeans,130148,5.290053002959061
19005,Allamakee,2460240,Sweet Corn,1,4.064644099762625e-5
19005,Allamakee,2460240,Barley,204,0.008291873963515755
19005,Allamakee,2460240,Spring Wheat,342,0.013901082821188177
19005,Allamakee,2460240,Winter Wheat,78,0.0031704223978148475
19005,Allamakee,2460240,Dbl Crop WinWht/Soybeans,1,4.064644099762625e-5
19005,Allamakee,2460240,Rye,259,0.010527428218385197
19005,Allamakee,2460240,Oats,4289,0.17433258543881897
19005,Allamakee,2460240,Alfalfa,39565,1.6081764380710826
19005,Allamakee,2460240,Other Hay/Non Alfalfa,2288,0.09299905700256886
19005,Allamakee,2460240,Other Crops,63,0.0025607257828504535
19005,Allamakee,2460240,Clover/Wildflowers,46,0.0018697362858908072
19005,Allamakee,2460240,Switchgrass,6,2.438786459857575e-4
19005,Allamakee,2460240,Open Water,74920,3.0452313595421585
19005,Allamakee,2460240,Developed/Open Space,35537,1.444452573732644
19005,Allamakee,2460240,Developed/Low Intensity,42091,1.7108493480310862
19005,Allamakee,2460240,Developed/Med Intensity,9301,0.3780525477189217
19005,Allamakee,2460240,Developed/High Intensity,1844,0.0749520371996228
19005,Allamakee,2460240,Barren,1717,0.06978993919292427
19005,Allamakee,2460240,Deciduous Forest,616771,25.069546060546937
19005,Allamakee,2460240,Evergreen Forest,7794,0.316798361135499
19005,Allamakee,2460240,Mixed Forest,15128,0.6148993594120898
19005,Allamakee,2460240,Shrubland,362,0.014714011641140702
19005,Allamakee,2460240,Grassland/Pasture,539403,21.92481221344259
19005,Allamakee,2460240,Woody Wetlands,42118,1.7119468019380222
19005,Allamakee,2460240,Herbaceous Wetlands,25361,1.0308343901407993
19005,Allamakee,2460240,Triticale,4,1.62585763990505e-4
19005,Allamakee,2460240,Pumpkins,2,8.12928819952525e-5
19189,Winnebago,1215066,Corn,537544,44.23990137161273
19189,Winnebago,1215066,Sorghum,3,2.4690016838591484e-4
19189,Winnebago,1215066,Soybeans,374397,30.812894114393785
19189,Winnebago,1215066,Sweet Corn,7,5.76100392900468e-4
19189,Winnebago,1215066,Winter Wheat,17,0.0013991009541868508
19189,Winnebago,1215066,Dbl Crop WinWht/Soybeans,1,8.230005612863829e-5
19189,Winnebago,1215066,Rye,219,0.018023712292171784
19189,Winnebago,1215066,Oats,1358,0.11176347622269078
19189,Winnebago,1215066,Millet,7,5.76100392900468e-4
19189,Winnebago,1215066,Alfalfa,5199,0.42787799181279046
19189,Winnebago,1215066,Other Hay/Non Alfalfa,772,0.06353564333130876
19189,Winnebago,1215066,Other Crops,91,0.0074893051077060836
19189,Winnebago,1215066,Peas,8,6.584004490291063e-4
19189,Winnebago,1215066,Clover/Wildflowers,3,2.4690016838591484e-4
19189,Winnebago,1215066,Sod/Grass Seed,69,0.005678703872876042
19189,Winnebago,1215066,Open Water,4410,0.36294324752729484
19189,Winnebago,1215066,Developed/Open Space,35431,2.915973288693783
19189,Winnebago,1215066,Developed/Low Intensity,19158,1.5767044753124522
19189,Winnebago,1215066,Developed/Med Intensity,8040,0.6616924512742517
19189,Winnebago,1215066,Developed/High Intensity,1825,0.15019760243476485
19189,Winnebago,1215066,Barren,1062,0.08740265960861385
19189,Winnebago,1215066,Deciduous Forest,13451,1.1070180549863136
19189,Winnebago,1215066,Evergreen Forest,28,0.002304401571601872
19189,Winnebago,1215066,Mixed Forest,416,0.03423682334951352
19189,Winnebago,1215066,Shrubland,45,0.0037035025257887225
19189,Winnebago,1215066,Grassland/Pasture,115125,9.474793961809482
19189,Winnebago,1215066,Woody Wetlands,4159,0.3422859334390066
19189,Winnebago,1215066,Herbaceous Wetlands,35384,2.912105186055737
19093,Ida,1505028,Corn,572630,38.047797117395824
19093,Ida,1505028,Sorghum,845,0.056145134841345146
19093,Ida,1505028,Soybeans,445590,29.606758146692286
19093,Ida,1505028,Sweet Corn,5,3.322197327890245e-4
19093,Ida,1505028,Pop or Orn Corn,182,0.012092798273520493
19093,Ida,1505028,Barley,159,0.01056458750269098
19093,Ida,1505028,Winter Wheat,22,0.001461766824271708
19093,Ida,1505028,Rye,29,0.0019268744501763422
19093,Ida,1505028,Oats,1240,0.08239049373167807
19093,Ida,1505028,Alfalfa,15237,1.0124064137012734
19093,Ida,1505028,Other Hay/Non Alfalfa,2406,0.15986413541807862
19093,Ida,1505028,Dry Beans,7,4.6510762590463436e-4
19093,Ida,1505028,Other Crops,1,6.64439465578049e-5
19093,Ida,1505028,Sod/Grass Seed,9,5.979955190202441e-4
19093,Ida,1505028,Switchgrass,1,6.64439465578049e-5
19093,Ida,1505028,Fallow/Idle Cropland,5,3.322197327890245e-4
19093,Ida,1505028,Open Water,3153,0.20949776349675886
19093,Ida,1505028,Developed/Open Space,40006,2.658156525991543
19093,Ida,1505028,Developed/Low Intensity,13146,0.8734721214489033
19093,Ida,1505028,Developed/Med Intensity,7632,0.507100200129167
19093,Ida,1505028,Developed/High Intensity,2229,0.14810355687734714
19093,Ida,1505028,Barren,924,0.06139420661941173
19093,Ida,1505028,Deciduous Forest,6766,0.44955974241010804
19093,Ida,1505028,Evergreen Forest,159,0.01056458750269098
19093,Ida,1505028,Mixed Forest,302,0.020066071860457082
19093,Ida,1505028,Shrubland,72,0.004783964152161953
19093,Ida,1505028,Grassland/Pasture,124068,8.24356756153374
19093,Ida,1505028,Woody Wetlands,957,0.0635868568558193
19093,Ida,1505028,Herbaceous Wetlands,8043,0.5344086621644248
19029,Cass,1657474,Corn,594401,35.86185967321357
19029,Cass,1657474,Sorghum,374,0.022564456516361645
19029,Cass,1657474,Soybeans,533909,32.21220966362067
19029,Cass,1657474,Sweet Corn,9,5.429949429070984e-4
19029,Cass,1657474,Pop or Orn Corn,26,0.001568652057287173
19029,Cass,1657474,Winter Wheat,32,0.0019306486858919052
19029,Cass,1657474,Rye,501,0.030226718488495143
19029,Cass,1657474,Oats,859,0.05182585066191084
19029,Cass,1657474,Alfalfa,18052,1.0891271899287711
19029,Cass,1657474,Other Hay/Non Alfalfa,4176,0.25194965350889365
19029,Cass,1657474,Peas,1,6.033277143412204e-5
19029,Cass,1657474,Clover/Wildflowers,8,4.826621714729763e-4
19029,Cass,1657474,Apples,1,6.033277143412204e-5
19029,Cass,1657474,Open Water,7492,0.4520131235844423
19029,Cass,1657474,Developed/Open Space,31595,1.906213913461086
19029,Cass,1657474,Developed/Low Intensity,43971,2.6528922927297804
19029,Cass,1657474,Developed/Med Intensity,12144,0.7326811762959782
19029,Cass,1657474,Developed/High Intensity,2130,0.12850880315467994
19029,Cass,1657474,Barren,538,0.03245903103155766
19029,Cass,1657474,Deciduous Forest,35429,2.1375297591395097
19029,Cass,1657474,Evergreen Forest,348,0.020995804459074473
19029,Cass,1657474,Mixed Forest,1307,0.0788549322643975
19029,Cass,1657474,Shrubland,119,0.007179599800660522
19029,Cass,1657474,Grassland/Pasture,328614,19.82619335205258
19029,Cass,1657474,Woody Wetlands,9589,0.5785309452817963
19029,Cass,1657474,Herbaceous Wetlands,2679,0.16163149467201296
19029,Cass,1657474,Dbl Crop WinWht/Sorghum,3,1.8099831430236612e-4
