geoid,county,total_pixels,crop,frequency,percentage
19053,Decatur,1537765,Grassland/Pasture,634614,41.268594356094724
19053,Decatur,1537765,Deciduous Forest,377248,24.532226965758746
19053,Decatur,1537765,Soybeans,196446,12.774773778828363
19053,Decatur,1537765,Corn,143633,9.340373854262516
19053,Decatur,1537765,Developed/Open Space,37704,2.451870084180613
19053,Decatur,1537765,Mixed Forest,30810,2.0035571104817707
19053,Decatur,1537765,Other Hay/Non Alfalfa,27540,1.7909108348804923
19053,Decatur,1537765,Developed/Low Intensity,25879,1.6828969315857756
19053,Decatur,1537765,Alfalfa,21823,1.4191375145096943
19053,Decatur,1537765,Open Water,15632,1.016540238593023
19053,Decatur,1537765,Woody Wetlands,12678,0.8244432666889935
19053,Decatur,1537765,Evergreen Forest,4847,0.3151977057612834
19053,Decatur,1537765,Oats,2956,0.19222703078818937
19053,Decatur,1537765,Herbaceous Wetlands,2131,0.13857774107227047
19053,Decatur,1537765,Developed/Med Intensity,1519,0.09877972251937064
19053,Decatur,1537765,Barren,1065,0.06925635581509529
19053,Decatur,1537765,Rye,347,0.022565216401725884
19053,Decatur,1537765,Developed/High Intensity,291,0.01892356764525139
19053,Decatur,1537765,Shrubland,286,0.018598420434851878
19053,Decatur,1537765,Clover/Wildflowers,135,0.008778974680786726
19053,Decatur,1537765,Sod/Grass Seed,55,0.003576619314394592
19053,Decatur,1537765,Triticale,37,0.0024060893569563617
19053,Decatur,1537765,Sweet Corn,27,0.0017557949361573454
19053,Decatur,1537765,Fallow/Idle Cropland,27,0.0017557949361573454
19053,Decatur,1537765,Winter Wheat,19,0.001235559399518132
19053,Decatur,1537765,Millet,6,3.901766524794101e-4
19053,Decatur,1537765,Peas,3,1.9508832623970504e-4
19053,Decatur,1537765,Dbl Crop WinWht/Soybeans,2,1.3005888415980335e-4
19053,Decatur,1537765,Other Crops,2,1.3005888415980335e-4
19053,Decatur,1537765,Dbl Crop WinWht/Corn,2,1.3005888415980335e-4
19053,Decatur,1537765,Sorghum,1,6.502944207990167e-5
19031,Cedar,1677355,Corn,715277,42.643149482369566
19031,Cedar,1677355,Soybeans,513338,30.6040164425539
19031,Cedar,1677355,Grassland/Pasture,164155,9.786538925868406
19031,Cedar,1677355,Deciduous Forest,106963,6.376885036262449
19031,Cedar,1677355,Developed/Open Space,57303,3.41627145118356
19031,Cedar,1677355,Woody Wetlands,24016,1.4317780076370237
19031,Cedar,1677355,Mixed Forest,23449,1.397974787686566
19031,Cedar,1677355,Developed/Low Intensity,23435,1.397140140280382
19031,Cedar,1677355,Alfalfa,15043,0.8968286379448597
19031,Cedar,1677355,Open Water,10026,0.5977267781715857
19031,Cedar,1677355,Developed/Med Intensity,6285,0.37469706770480904
19031,Cedar,1677355,Herbaceous Wetlands,5814,0.3466171442538997
19031,Cedar,1677355,Oats,4432,0.2642255217291509
19031,Cedar,1677355,Other Hay/Non Alfalfa,3762,0.22428168157605277
19031,Cedar,1677355,Developed/High Intensity,1503,0.08960536082105458
19031,Cedar,1677355,Barren,1266,0.07547597258779447
19031,Cedar,1677355,Dbl Crop WinWht/Soybeans,736,0.0438786064965377
19031,Cedar,1677355,Evergreen Forest,196,0.011685063686577976
19031,Cedar,1677355,Shrubland,104,0.006200237874510763
19031,Cedar,1677355,Rye,102,0.006081002530770171
19031,Cedar,1677355,Fallow/Idle Cropland,48,0.0028616482497741983
19031,Cedar,1677355,Sod/Grass Seed,30,0.0017885301561088739
19031,Cedar,1677355,Winter Wheat,28,0.0016692948123682822
19031,Cedar,1677355,Millet,15,8.942650780544369e-4
19031,Cedar,1677355,Clover/Wildflowers,10,5.96176718702958e-4
19031,Cedar,1677355,Sorghum,9,5.365590468326621e-4
19031,Cedar,1677355,Potatoes,5,2.98088359351479e-4
19031,Cedar,1677355,Dry Beans,2,1.1923534374059159e-4
19031,Cedar,1677355,Switchgrass,2,1.1923534374059159e-4
19031,Cedar,1677355,Spring Wheat,1,5.9617671870295797e-5
19027,Carroll,1643635,Corn,863760,52.55181351090723
19027,Carroll,1643635,Soybeans,500473,30.449156899189905
19027,Carroll,1643635,Grassland/Pasture,110935,6.749369537640656
19027,Carroll,1643635,Developed/Open Space,63729,3.8773206946797796
19027,Carroll,1643635,Developed/Low Intensity,22842,1.3897246043069174
19027,Carroll,1643635,Deciduous Forest,21868,1.3304657055854858
19027,Carroll,1643635,Alfalfa,14329,0.8717872276995805
19027,Carroll,1643635,Herbaceous Wetlands,10354,0.629945212897024
19027,Carroll,1643635,Developed/Med Intensity,6552,0.3986286493047423
19027,Carroll,1643635,Woody Wetlands,6158,0.3746573904790297
19027,Carroll,1643635,Oats,5178,0.31503344720695287
19027,Carroll,1643635,Open Water,4228,0.2572347266881029
19027,Carroll,1643635,Pop or Orn Corn,3759,0.22870041097932328
19027,Carroll,1643635,Barren,3115,0.18951896254338707
19027,Carroll,1643635,Other Hay/Non Alfalfa,2442,0.14857313211266493
19027,Carroll,1643635,Developed/High Intensity,2140,0.13019922306351472
19027,Carroll,1643635,Rye,765,0.046543180207284464
19027,Carroll,1643635,Mixed Forest,735,0.04471795745405762
19027,Carroll,1643635,Evergreen Forest,94,0.005719031293444104
19027,Carroll,1643635,Fallow/Idle Cropland,41,0.0024944710960766838
19027,Carroll,1643635,Shrubland,38,0.0023119488207539994
19027,Carroll,1643635,Barley,27,0.0016427004779041576
19027,Carroll,1643635,Winter Wheat,23,0.0013993374441405788
19027,Carroll,1643635,Dry Beans,18,0.001095133651936105
19027,Carroll,1643635,Clover/Wildflowers,9,5.475668259680525e-4
19027,Carroll,1643635,Other Crops,7,4.258853090862631e-4
19027,Carroll,1643635,Spring Wheat,6,3.6504455064536836e-4
19027,Carroll,1643635,Sod/Grass Seed,5,3.042037922044736e-4
19027,Carroll,1643635,Canola,4,2.433630337635789e-4
19027,Carroll,1643635,Peas,1,6.0840758440894724e-5
19151,Pocahontas,1667845,Corn,823334,49.365138846835286
19151,Pocahontas,1667845,Soybeans,641522,38.46412586301485
19151,Pocahontas,1667845,Grassland/Pasture,52285,3.134883637268451
19151,Pocahontas,1667845,Developed/Open Space,50730,3.0416495537654877
19151,Pocahontas,1667845,Herbaceous Wetlands,31848,1.9095299623166422
19151,Pocahontas,1667845,Developed/Low Intensity,23701,1.4210553138930775
19151,Pocahontas,1667845,Woody Wetlands,9390,0.5630019576159655
19151,Pocahontas,1667845,Oats,6027,0.3613645152876916
19151,Pocahontas,1667845,Alfalfa,5983,0.35872638044902255
19151,Pocahontas,1667845,Deciduous Forest,5289,0.3171157991300151
19151,Pocahontas,1667845,Barren,4505,0.27010903291373
19151,Pocahontas,1667845,Open Water,4486,0.2689698383243047
19151,Pocahontas,1667845,Developed/Med Intensity,3954,0.237072389820397
19151,Pocahontas,1667845,Other Hay/Non Alfalfa,1796,0.10768386750567348
19151,Pocahontas,1667845,Mixed Forest,1003,0.06013748279966064
19151,Pocahontas,1667845,Dry Beans,793,0.04754638470601285
19151,Pocahontas,1667845,Developed/High Intensity,672,0.040291513899672934
19151,Pocahontas,1667845,Pop or Orn Corn,250,0.014989402492437848
19151,Pocahontas,1667845,Rye,109,0.0065353794867029
19151,Pocahontas,1667845,Evergreen Forest,69,0.004137075087912846
19151,Pocahontas,1667845,Fallow/Idle Cropland,38,0.002278389178850553
19151,Pocahontas,1667845,Peas,17,0.0010192793694857737
19151,Pocahontas,1667845,Barley,10,5.995760996975139e-4
19151,Pocahontas,1667845,Clover/Wildflowers,10,5.995760996975139e-4
19151,Pocahontas,1667845,Shrubland,10,5.995760996975139e-4
19151,Pocahontas,1667845,Winter Wheat,5,2.9978804984875695e-4
19151,Pocahontas,1667845,Other Crops,4,2.3983043987900557e-4
19151,Pocahontas,1667845,Sorghum,2,1.1991521993950279e-4
19151,Pocahontas,1667845,Canola,2,1.1991521993950279e-4
19151,Pocahontas,1667845,Spring Wheat,1,5.9957609969751394e-5
19109,Kossuth,2807359,Corn,1402267,49.94968580790701
19109,Kossuth,2807359,Soybeans,970669,34.5758771856396
19109,Kossuth,2807359,Grassland/Pasture,143876,5.124959080758821
19109,Kossuth,2807359,Developed/Open Space,98547,3.5103098677440254
19109,Kossuth,2807359,Herbaceous Wetlands,63301,2.2548238397725404
19109,Kossuth,2807359,Woody Wetlands,29153,1.0384493041324605
19109,Kossuth,2807359,Developed/Low Intensity,23477,0.8362663984192973
19109,Kossuth,2807359,Oats,18161,0.6469069328147914
19109,Kossuth,2807359,Deciduous Forest,15469,0.5510160973356097
19109,Kossuth,2807359,Alfalfa,12522,0.4460419917794624
19109,Kossuth,2807359,Open Water,7697,0.2741722736564864
19109,Kossuth,2807359,Developed/Med Intensity,6329,0.22544320124358871
19109,Kossuth,2807359,Barren,5514,0.19641235766426737
19109,Kossuth,2807359,Other Hay/Non Alfalfa,5022,0.1788869895157691
19109,Kossuth,2807359,Mixed Forest,1813,0.06458026921387681
19109,Kossuth,2807359,Developed/High Intensity,1603,0.0570999291504934
19109,Kossuth,2807359,Sweet Corn,943,0.033590288951288384
19109,Kossuth,2807359,Evergreen Forest,471,0.016777334142159945
19109,Kossuth,2807359,Rye,151,0.00537872071224236
19109,Kossuth,2807359,Winter Wheat,137,0.004880031374683466
19109,Kossuth,2807359,Pop or Orn Corn,67,0.0023865846868889942
19109,Kossuth,2807359,Dry Beans,43,0.0015316886796451754
19109,Kossuth,2807359,Shrubland,31,0.001104240676023266
19109,Kossuth,2807359,Fallow/Idle Cropland,27,9.617580081492962e-4
19109,Kossuth,2807359,Barley,24,8.548960072438188e-4
19109,Kossuth,2807359,Peas,17,6.055513384643716e-4
19109,Kossuth,2807359,Clover/Wildflowers,16,5.699306714958793e-4
19109,Kossuth,2807359,Millet,5,0.00017810333484246225
19109,Kossuth,2807359,Canola,4,1.4248266787396981e-4
19109,Kossuth,2807359,Sorghum,3,1.0686200090547735e-4
19085,Harrison,2022580,Corn,845095,41.7830197075023
19085,Harrison,2022580,Soybeans,563316,27.851358166302447
19085,Harrison,2022580,Deciduous Forest,206170,10.193416329638383
19085,Harrison,2022580,Grassland/Pasture,200901,9.932907474611635
19085,Harrison,2022580,Developed/Open Space,66699,3.2977187552531912
19085,Harrison,2022580,Herbaceous Wetlands,46087,2.278624331299627
19085,Harrison,2022580,Developed/Low Intensity,22531,1.1139732420967279
19085,Harrison,2022580,Open Water,22131,1.0941965212748075
19085,Harrison,2022580,Woody Wetlands,14248,0.7044467956768088
19085,Harrison,2022580,Alfalfa,13870,0.685757794500094
19085,Harrison,2022580,Developed/Med Intensity,5508,0.2723254457178455
19085,Harrison,2022580,Barren,4767,0.23568907039523776
19085,Harrison,2022580,Evergreen Forest,4196,0.2074578014219462
19085,Harrison,2022580,Other Hay/Non Alfalfa,2155,0.1065470834280968
19085,Harrison,2022580,Oats,1601,0.07915632508973687
19085,Harrison,2022580,Mixed Forest,1195,0.05908295345548755
19085,Harrison,2022580,Developed/High Intensity,1028,0.050826172512335725
19085,Harrison,2022580,Pop or Orn Corn,372,0.018392350364386082
19085,Harrison,2022580,Shrubland,258,0.012755984930138735
19085,Harrison,2022580,Fallow/Idle Cropland,169,0.008355664547261419
19085,Harrison,2022580,Rye,142,0.007020735891781783
19085,Harrison,2022580,Barley,64,0.003164275331507283
19085,Harrison,2022580,Winter Wheat,62,0.00306539172739768
19085,Harrison,2022580,Sorghum,5,2.472090102740065e-4
19085,Harrison,2022580,Peas,4,1.9776720821920518e-4
19085,Harrison,2022580,Sod/Grass Seed,3,1.4832540616440388e-4
19085,Harrison,2022580,Sweet Corn,2,9.888360410960259e-5
19085,Harrison,2022580,Switchgrass,1,4.9441802054801294e-5
19187,Webster,2070704,Corn,958534,46.29024718163485
19187,Webster,2070704,Soybeans,649762,31.37879677636205
19187,Webster,2070704,Deciduous Forest,143839,6.946381520487718
19187,Webster,2070704,Grassland/Pasture,108703,5.249567296919309
19187,Webster,2070704,Developed/Open Space,80043,3.865496951761333
19187,Webster,2070704,Developed/Low Intensity,33276,1.6069897001213111
19187,Webster,2070704,Herbaceous Wetlands,20558,0.9928024478631422
19187,Webster,2070704,Open Water,17182,0.8297661085312049
19187,Webster,2070704,Woody Wetlands,13652,0.6592926849998841
19187,Webster,2070704,Developed/Med Intensity,12370,0.5973813736777444
19187,Webster,2070704,Alfalfa,8346,0.403051329402947
19187,Webster,2070704,Barren,8146,0.39339277849465687
19187,Webster,2070704,Developed/High Intensity,4734,0.22861789999922733
19187,Webster,2070704,Other Hay/Non Alfalfa,3443,0.16627195388621455
19187,Webster,2070704,Mixed Forest,2633,0.12715482270763953
19187,Webster,2070704,Oats,2492,0.120345544317295
19187,Webster,2070704,Sweet Corn,1807,0.08726500745640131
19187,Webster,2070704,Evergreen Forest,284,0.013715142289771982
19187,Webster,2070704,Barley,273,0.013183921989816026
19187,Webster,2070704,Shrubland,180,0.008692695817461115
19187,Webster,2070704,Rye,127,0.006133179826764231
19187,Webster,2070704,Spring Wheat,89,0.004298055154189107
19187,Webster,2070704,Winter Wheat,76,0.0036702493451502487
19187,Webster,2070704,Clover/Wildflowers,55,0.002656101499779785
19187,Webster,2070704,Peas,47,0.00226975946344818
19187,Webster,2070704,Fallow/Idle Cropland,20,9.658550908290127e-4
19187,Webster,2070704,Sorghum,19,9.175623362875622e-4
19187,Webster,2070704,Pop or Orn Corn,5,2.4146377270725317e-4
19187,Webster,2070704,Sod/Grass Seed,4,1.9317101816580256e-4
19187,Webster,2070704,Triticale,3,1.4487826362435193e-4
19187,Webster,2070704,Canola,1,4.829275454145064e-5
19187,Webster,2070704,Other Crops,1,4.829275454145064e-5
19101,Jefferson,1259601,Corn,319702,25.381211986970477
19101,Jefferson,1259601,Soybeans,301126,23.90645926765698
19101,Jefferson,1259601,Deciduous Forest,259543,20.605175765976686
19101,Jefferson,1259601,Grassland/Pasture,253378,20.115735062134753
19101,Jefferson,1259601,Developed/Open Space,40408,3.2079999936487824
19101,Jefferson,1259601,Developed/Low Intensity,24689,1.960065131736161
19101,Jefferson,1259601,Alfalfa,14045,1.115035634300068
19101,Jefferson,1259601,Woody Wetlands,11500,0.912987525414794
19101,Jefferson,1259601,Other Hay/Non Alfalfa,7154,0.5679576310276032
19101,Jefferson,1259601,Open Water,7009,0.5564460491854166
19101,Jefferson,1259601,Mixed Forest,5352,0.42489645530608505
19101,Jefferson,1259601,Developed/Med Intensity,4316,0.3426481877991523
19101,Jefferson,1259601,Herbaceous Wetlands,4006,0.31803721972275345
19101,Jefferson,1259601,Oats,2962,0.23515383045901042
19101,Jefferson,1259601,Barren,1501,0.11916471962153095
19101,Jefferson,1259601,Developed/High Intensity,911,0.07232449005677194
19101,Jefferson,1259601,Evergreen Forest,874,0.06938705193152435
19101,Jefferson,1259601,Shrubland,375,0.02977133235048241
19101,Jefferson,1259601,Winter Wheat,175,0.013893288430225128
19101,Jefferson,1259601,Rye,127,0.010082557889363377
19101,Jefferson,1259601,Sorghum,121,0.00960621657175566
19101,Jefferson,1259601,Clover/Wildflowers,99,0.007859631740527357
19101,Jefferson,1259601,Fallow/Idle Cropland,68,0.005398534932887478
19101,Jefferson,1259601,Millet,48,0.003810730540861749
19101,Jefferson,1259601,Other Crops,44,0.003493169662456603
19101,Jefferson,1259601,Dbl Crop WinWht/Corn,37,0.0029374381252475984
19101,Jefferson,1259601,Dbl Crop WinWht/Soybeans,20,0.0015878043920257289
19101,Jefferson,1259601,Peas,6,4.7634131760771863e-4
19101,Jefferson,1259601,Switchgrass,2,1.5878043920257288e-4
19101,Jefferson,1259601,Spring Wheat,1,7.939021960128644e-5
19101,Jefferson,1259601,Potatoes,1,7.939021960128644e-5
19101,Jefferson,1259601,Sod/Grass Seed,1,7.939021960128644e-5
19121,Madison,1620435,Grassland/Pasture,472139,29.136559010389185
19121,Madison,1620435,Corn,332401,20.513072107181095
19121,Madison,1620435,Soybeans,326309,20.137123673581478
19121,Madison,1620435,Deciduous Forest,272163,16.795675235353468
19121,Madison,1620435,Developed/Open Space,47759,2.947295016461629
19121,Madison,1620435,Mixed Forest,37130,2.2913600360397055
19121,Madison,1620435,Alfalfa,35589,2.1962621148025065
19121,Madison,1620435,Other Hay/Non Alfalfa,21952,1.3546979669039485
19121,Madison,1620435,Developed/Low Intensity,20897,1.2895919922736796
19121,Madison,1620435,Woody Wetlands,17123,1.0566915673877693
19121,Madison,1620435,Open Water,10320,0.6368660267150488
19121,Madison,1620435,Herbaceous Wetlands,9874,0.6093425530798829
19121,Madison,1620435,Oats,5428,0.3349717822683415
19121,Madison,1620435,Barren,4068,0.2510437012283739
19121,Madison,1620435,Developed/Med Intensity,2829,0.17458275092799155
19121,Madison,1620435,Evergreen Forest,1333,0.08226186178402713
19121,Madison,1620435,Sod/Grass Seed,1191,0.0734987827342658
19121,Madison,1620435,Shrubland,616,0.038014483765161824
19121,Madison,1620435,Developed/High Intensity,485,0.029930234782635526
19121,Madison,1620435,Sorghum,190,0.011725246615877835
19121,Madison,1620435,Other Crops,182,0.011231552021525084
19121,Madison,1620435,Fallow/Idle Cropland,145,0.00894821452264361
19121,Madison,1620435,Clover/Wildflowers,102,0.006294606077997574
19121,Madison,1620435,Rye,67,0.004134692227704289
19121,Madison,1620435,Triticale,33,0.0020364902017050977
19121,Madison,1620435,Winter Wheat,30,0.001851354728822816
19121,Madison,1620435,Peas,29,0.0017896429045287222
19121,Madison,1620435,Millet,21,0.0012959483101759714
19121,Madison,1620435,Switchgrass,13,8.022537158232203e-4
19121,Madison,1620435,Spring Wheat,11,6.788300672350326e-4
19121,Madison,1620435,Dbl Crop WinWht/Corn,3,1.8513547288228163e-4
19121,Madison,1620435,Sweet Corn,2,1.2342364858818774e-4
19121,Madison,1620435,Barley,1,6.171182429409387e-5
19089,Howard,1365357,Corn,652199,47.76765344155412
19089,Howard,1365357,Soybeans,377796,27.670125835221114
19089,Howard,1365357,Grassland/Pasture,144963,10.617223187781658
19089,Howard,1365357,Deciduous Forest,75022,5.494680145925205
19089,Howard,1365357,Developed/Open Space,40696,2.980612396611289
19089,Howard,1365357,Alfalfa,19484,1.4270260452028296
19089,Howard,1365357,Developed/Low Intensity,17849,1.3072771443659057
19089,Howard,1365357,Herbaceous Wetlands,12985,0.9510333194907998
19089,Howard,1365357,Woody Wetlands,5302,0.3883233469341718
19089,Howard,1365357,Oats,4712,0.34511120534775885
19089,Howard,1365357,Mixed Forest,3300,0.2416950292121401
19089,Howard,1365357,Developed/Med Intensity,3250,0.23803298331498646
19089,Howard,1365357,Open Water,2643,0.1935757461235413
19089,Howard,1365357,Other Hay/Non Alfalfa,1917,0.1404028396968705
19089,Howard,1365357,Barren,1563,0.11447555474502272
19089,Howard,1365357,Evergreen Forest,811,0.059398384451832015
19089,Howard,1365357,Developed/High Intensity,789,0.05778708425708441
19089,Howard,1365357,Rye,21,0.001538059276804528
19089,Howard,1365357,Shrubland,19,0.0013915774409183825
19089,Howard,1365357,Millet,10,7.324091794307276e-4
19089,Howard,1365357,Barley,9,6.591682614876548e-4
19089,Howard,1365357,Dbl Crop WinWht/Soybeans,5,3.662045897153638e-4
19089,Howard,1365357,Fallow/Idle Cropland,3,2.1972275382921828e-4
19089,Howard,1365357,Sorghum,2,1.4648183588614552e-4
19089,Howard,1365357,Clover/Wildflowers,2,1.4648183588614552e-4
19089,Howard,1365357,Triticale,2,1.4648183588614552e-4
19089,Howard,1365357,Sweet Corn,1,7.324091794307276e-5
19089,Howard,1365357,Winter Wheat,1,7.324091794307276e-5
19089,Howard,1365357,Other Crops,1,7.324091794307276e-5
19147,Palo Alto,1641283,Corn,803956,48.983386777295564
19147,Palo Alto,1641283,Soybeans,500949,30.5217930119303
19147,Palo Alto,1641283,Grassland/Pasture,102065,6.218610684446253
19147,Palo Alto,1641283,Herbaceous Wetlands,69559,4.238086911276118
19147,Palo Alto,1641283,Developed/Open Space,58961,3.5923725524482983
19147,Palo Alto,1641283,Oats,28143,1.714695150074667
19147,Palo Alto,1641283,Open Water,17985,1.0957890869520979
19147,Palo Alto,1641283,Woody Wetlands,15206,0.9264703283955296
19147,Palo Alto,1641283,Developed/Low Intensity,13200,0.804248871157503
19147,Palo Alto,1641283,Alfalfa,8350,0.5087483389519053
19147,Palo Alto,1641283,Other Hay/Non Alfalfa,4800,0.2924541349663647
19147,Palo Alto,1641283,Mixed Forest,4549,0.2771612208254152
19147,Palo Alto,1641283,Barren,4064,0.2476111676048555
19147,Palo Alto,1641283,Developed/Med Intensity,3854,0.23481629920007702
19147,Palo Alto,1641283,Deciduous Forest,1835,0.11180277867984985
19147,Palo Alto,1641283,Developed/High Intensity,989,0.06025773739202807
19147,Palo Alto,1641283,Barley,974,0.05934381822025817
19147,Palo Alto,1641283,Peas,437,0.026625511870896124
19147,Palo Alto,1641283,Winter Wheat,422,0.02571159269912623
19147,Palo Alto,1641283,Canola,383,0.02333540285252452
19147,Palo Alto,1641283,Dry Beans,173,0.010540534447746061
19147,Palo Alto,1641283,Fallow/Idle Cropland,168,0.010235894723822766
19147,Palo Alto,1641283,Rye,93,0.005666298864973316
19147,Palo Alto,1641283,Evergreen Forest,92,0.005605370920188657
19147,Palo Alto,1641283,Pop or Orn Corn,45,0.0027417575153096695
19147,Palo Alto,1641283,Other Crops,16,9.74847116554549e-4
19147,Palo Alto,1641283,Shrubland,11,6.702073926312525e-4
19147,Palo Alto,1641283,Sweet Corn,2,1.2185588956931863e-4
19147,Palo Alto,1641283,Clover/Wildflowers,1,6.0927944784659315e-5
19147,Palo Alto,1641283,Sod/Grass Seed,1,6.0927944784659315e-5
19159,Ringgold,1553302,Grassland/Pasture,649175,41.793225013551776
19159,Ringgold,1553302,Soybeans,248221,15.98021505154825
19159,Ringgold,1553302,Corn,233893,15.057793011275336
19159,Ringgold,1553302,Deciduous Forest,213629,13.753217339577237
19159,Ringgold,1553302,Other Hay/Non Alfalfa,61466,3.957118448312048
19159,Ringgold,1553302,Developed/Open Space,42354,2.726707362766545
19159,Ringgold,1553302,Alfalfa,33596,2.162876246859915
19159,Ringgold,1553302,Developed/Low Intensity,18732,1.2059470727521113
19159,Ringgold,1553302,Mixed Forest,14732,0.9484311486111523
19159,Ringgold,1553302,Open Water,14171,0.9123145402503828
19159,Ringgold,1553302,Woody Wetlands,11596,0.7465386640846403
19159,Ringgold,1553302,Oats,3637,0.23414635402516704
19159,Ringgold,1553302,Herbaceous Wetlands,2173,0.139895525789576
19159,Ringgold,1553302,Evergreen Forest,1516,0.09759853524942348
19159,Ringgold,1553302,Developed/Med Intensity,1300,0.08369267534581169
19159,Ringgold,1553302,Barren,1110,0.07146066894911614
19159,Ringgold,1553302,Fallow/Idle Cropland,882,0.05678226127308147
19159,Ringgold,1553302,Shrubland,316,0.020343758007135768
19159,Ringgold,1553302,Rye,244,0.015708471372598502
19159,Ringgold,1553302,Developed/High Intensity,240,0.015450955448457544
19159,Ringgold,1553302,Clover/Wildflowers,151,0.009721226136321204
19159,Ringgold,1553302,Sorghum,48,0.0030901910896915085
19159,Ringgold,1553302,Triticale,32,0.0020601273931276725
19159,Ringgold,1553302,Sweet Corn,16,0.0010300636965638362
19159,Ringgold,1553302,Winter Wheat,15,9.656847155285965e-4
19159,Ringgold,1553302,Pop or Orn Corn,14,9.013057344933567e-4
19159,Ringgold,1553302,Millet,13,8.36926753458117e-4
19159,Ringgold,1553302,Dbl Crop WinWht/Sorghum,12,7.725477724228771e-4
19159,Ringgold,1553302,Canola,7,4.5065286724667834e-4
19159,Ringgold,1553302,Spring Wheat,4,2.5751592414095906e-4
19159,Ringgold,1553302,Peas,2,1.2875796207047953e-4
19159,Ringgold,1553302,Sod/Grass Seed,2,1.2875796207047953e-4
19159,Ringgold,1553302,Other Crops,1,6.437898103523977e-5
19159,Ringgold,1553302,Switchgrass,1,6.437898103523977e-5
19159,Ringgold,1553302,Dbl Crop WinWht/Corn,1,6.437898103523977e-5
19045,Clinton,2047696,Corn,892657,43.59323844945734
19045,Clinton,2047696,Soybeans,499168,24.377055969245433
19045,Clinton,2047696,Grassland/Pasture,193703,9.459558450082433
19045,Clinton,2047696,Woody Wetlands,94382,4.609180268946171
19045,Clinton,2047696,Developed/Open Space,78763,3.846420562427235
19045,Clinton,2047696,Deciduous Forest,61958,3.0257421023433166
19045,Clinton,2047696,Mixed Forest,54832,2.6777412272134145
19045,Clinton,2047696,Open Water,46937,2.2921859494768753
19045,Clinton,2047696,Developed/Low Intensity,37174,1.8154061931067893
19045,Clinton,2047696,Herbaceous Wetlands,29260,1.4289230432642346
19045,Clinton,2047696,Alfalfa,23646,1.1547612536235847
19045,Clinton,2047696,Developed/Med Intensity,14337,0.7001527570498746
19045,Clinton,2047696,Oats,6247,0.30507458138317406
19045,Clinton,2047696,Developed/High Intensity,5883,0.28729850524687256
19045,Clinton,2047696,Barren,3086,0.15070596416655596
19045,Clinton,2047696,Other Hay/Non Alfalfa,2890,0.14113423086239363
19045,Clinton,2047696,Dbl Crop WinWht/Soybeans,1551,0.07574366507528461
19045,Clinton,2047696,Evergreen Forest,817,0.03989850055867668
19045,Clinton,2047696,Shrubland,183,0.00893687344215157
19045,Clinton,2047696,Winter Wheat,80,0.00390682992006626
19045,Clinton,2047696,Sod/Grass Seed,77,0.003760323798063775
19045,Clinton,2047696,Potatoes,25,0.0012208843500207062
19045,Clinton,2047696,Fallow/Idle Cropland,21,0.0010255428540173932
19045,Clinton,2047696,Rye,11,5.371891140091107e-4
19045,Clinton,2047696,Switchgrass,3,1.4650612200248474e-4
19045,Clinton,2047696,Dry Beans,2,9.76707480016565e-5
19045,Clinton,2047696,Triticale,2,9.76707480016565e-5
19045,Clinton,2047696,Millet,1,4.883537400082825e-5
19025,Calhoun,1649104,Corn,830329,50.35031144184964
19025,Calhoun,1649104,Soybeans,578281,35.066375437813505
19025,Calhoun,1649104,Grassland/Pasture,84483,5.1229637427354495
19025,Calhoun,1649104,Developed/Open Space,63028,3.8219542248396707
19025,Calhoun,1649104,Herbaceous Wetlands,27983,1.6968608407959718
19025,Calhoun,1649104,Developed/Low Intensity,16383,0.9934485635836188
19025,Calhoun,1649104,Deciduous Forest,8699,0.5274985689198498
19025,Calhoun,1649104,Open Water,7920,0.48026079616567546
19025,Calhoun,1649104,Pop or Orn Corn,7249,0.4395720342683057
19025,Calhoun,1649104,Alfalfa,5705,0.3459454346117649
19025,Calhoun,1649104,Developed/Med Intensity,5265,0.3192642792692274
19025,Calhoun,1649104,Woody Wetlands,3794,0.23006432583997127
19025,Calhoun,1649104,Other Hay/Non Alfalfa,2908,0.17633818121840708
19025,Calhoun,1649104,Oats,2483,0.15056661071709243
19025,Calhoun,1649104,Barren,1965,0.11915561420019598
19025,Calhoun,1649104,Mixed Forest,1108,0.06718800027166268
19025,Calhoun,1649104,Developed/High Intensity,1063,0.06445924574799405
19025,Calhoun,1649104,Rye,156,0.009459682348717849
19025,Calhoun,1649104,Barley,97,0.005881981973241227
19025,Calhoun,1649104,Evergreen Forest,78,0.004729841174358924
19025,Calhoun,1649104,Dry Beans,32,0.0019404476612754561
19025,Calhoun,1649104,Fallow/Idle Cropland,26,0.0015766137247863084
19025,Calhoun,1649104,Winter Wheat,21,0.0012734187777120182
19025,Calhoun,1649104,Canola,15,9.095848412228701e-4
19025,Calhoun,1649104,Shrubland,12,7.276678729782961e-4
19025,Calhoun,1649104,Spring Wheat,6,3.6383393648914804e-4
19025,Calhoun,1649104,Sweet Corn,4,2.4255595765943202e-4
19025,Calhoun,1649104,Sod/Grass Seed,4,2.4255595765943202e-4
19025,Calhoun,1649104,Clover/Wildflowers,3,1.8191696824457402e-4
19025,Calhoun,1649104,Other Crops,2,1.2127797882971601e-4
19025,Calhoun,1649104,Peas,2,1.2127797882971601e-4
19195,Worth,1158940,Corn,530755,45.79658998740228
19195,Worth,1158940,Soybeans,375961,32.440074550882706
19195,Worth,1158940,Grassland/Pasture,84572,7.297357930522718
19195,Worth,1158940,Herbaceous Wetlands,49340,4.257338602516092
19195,Worth,1158940,Developed/Open Space,41273,3.56127150672166
19195,Worth,1158940,Deciduous Forest,27164,2.3438659464683242
19195,Worth,1158940,Developed/Low Intensity,14148,1.2207707042642413
19195,Worth,1158940,Alfalfa,11116,0.959152328852227
19195,Worth,1158940,Open Water,7616,0.6571522253093344
19195,Worth,1158940,Woody Wetlands,5894,0.5085681743662313
19195,Worth,1158940,Barren,3479,0.3001881029216353
19195,Worth,1158940,Developed/Med Intensity,2989,0.25790808842563034
19195,Worth,1158940,Mixed Forest,1338,0.11545032529725438
19195,Worth,1158940,Oats,1329,0.11467375360242979
19195,Worth,1158940,Developed/High Intensity,860,0.0742057397276822
19195,Worth,1158940,Other Hay/Non Alfalfa,761,0.0656634510846118
19195,Worth,1158940,Sod/Grass Seed,134,0.011562289678499319
19195,Worth,1158940,Evergreen Forest,83,0.007161716741160025
19195,Worth,1158940,Rye,53,0.0045731444250780885
19195,Worth,1158940,Shrubland,25,0.0021571435967349473
19195,Worth,1158940,Peas,22,0.0018982863651267538
19195,Worth,1158940,Triticale,8,6.902859509551832e-4
19195,Worth,1158940,Millet,5,4.314287193469895e-4
19195,Worth,1158940,Sweet Corn,4,3.451429754775916e-4
19195,Worth,1158940,Canola,4,3.451429754775916e-4
19195,Worth,1158940,Fallow/Idle Cropland,4,3.451429754775916e-4
19195,Worth,1158940,Sorghum,2,1.725714877387958e-4
19195,Worth,1158940,Clover/Wildflowers,1,8.62857438693979e-5
19013,Black Hawk,1650770,Corn,728703,44.143218013411925
19013,Black Hawk,1650770,Soybeans,393193,23.818763364975133
19013,Black Hawk,1650770,Grassland/Pasture,127719,7.736934884932486
19013,Black Hawk,1650770,Woody Wetlands,88212,5.343688097069852
19013,Black Hawk,1650770,Developed/Open Space,87926,5.326362848852353
19013,Black Hawk,1650770,Developed/Low Intensity,84677,5.129545605989931
19013,Black Hawk,1650770,Developed/Med Intensity,32174,1.949029846677611
19013,Black Hawk,1650770,Deciduous Forest,31042,1.8804557872992604
19013,Black Hawk,1650770,Open Water,23028,1.3949853704634807
19013,Black Hawk,1650770,Herbaceous Wetlands,17637,1.0684104993427308
19013,Black Hawk,1650770,Developed/High Intensity,12036,0.7291142921182237
19013,Black Hawk,1650770,Alfalfa,10994,0.6659922339271976
19013,Black Hawk,1650770,Barren,4328,0.26218067931934796
19013,Black Hawk,1650770,Mixed Forest,4276,0.25903063418889366
19013,Black Hawk,1650770,Oats,2557,0.15489741151099184
19013,Black Hawk,1650770,Other Hay/Non Alfalfa,1373,0.08317330700218686
19013,Black Hawk,1650770,Evergreen Forest,519,0.031439873513572456
19013,Black Hawk,1650770,Shrubland,162,0.009813602137184465
19013,Black Hawk,1650770,Rye,103,0.0062395124699382715
19013,Black Hawk,1650770,Sod/Grass Seed,43,0.0026048450117218025
19013,Black Hawk,1650770,Millet,20,0.0012115558194054897
19013,Black Hawk,1650770,Fallow/Idle Cropland,18,0.0010904002374649406
19013,Black Hawk,1650770,Sorghum,16,9.692446555243917e-4
19013,Black Hawk,1650770,Triticale,10,6.057779097027448e-4
19013,Black Hawk,1650770,Clover/Wildflowers,2,1.2115558194054896e-4
19013,Black Hawk,1650770,Winter Wheat,1,6.057779097027448e-5
19013,Black Hawk,1650770,Peas,1,6.057779097027448e-5
19039,Clarke,1244660,Grassland/Pasture,498792,40.07455851397169
19039,Clarke,1244660,Deciduous Forest,263349,21.158308293027815
19039,Clarke,1244660,Soybeans,175422,14.09396943743673
19039,Clarke,1244660,Corn,140983,11.327029068179261
19039,Clarke,1244660,Alfalfa,31722,2.5486478235020007
19039,Clarke,1244660,Developed/Open Space,31698,2.5467195860716982
19039,Clarke,1244660,Other Hay/Non Alfalfa,28179,2.2639917728536307
19039,Clarke,1244660,Mixed Forest,27319,2.1948965982677997
19039,Clarke,1244660,Developed/Low Intensity,19822,1.5925634309771342
19039,Clarke,1244660,Open Water,7146,0.5741326948724953
19039,Clarke,1244660,Oats,5120,0.41135731846448026
19039,Clarke,1244660,Woody Wetlands,4119,0.33093374897562383
19039,Clarke,1244660,Evergreen Forest,2961,0.23789629296354026
19039,Clarke,1244660,Developed/Med Intensity,2757,0.22150627480597113
19039,Clarke,1244660,Herbaceous Wetlands,1369,0.10998987675349091
19039,Clarke,1244660,Barren,1107,0.08893995147269133
19039,Clarke,1244660,Fallow/Idle Cropland,842,0.06764899651310398
19039,Clarke,1244660,Developed/High Intensity,632,0.05077691899795929
19039,Clarke,1244660,Shrubland,306,0.024585027236353703
19039,Clarke,1244660,Clover/Wildflowers,299,0.024022624652515548
19039,Clarke,1244660,Triticale,213,0.01711310719393248
19039,Clarke,1244660,Rye,145,0.011649767808076101
19039,Clarke,1244660,Sorghum,121,0.00972153037777385
19039,Clarke,1244660,Sod/Grass Seed,107,0.008596725210097536
19039,Clarke,1244660,Millet,105,0.00843603875757235
19039,Clarke,1244660,Winter Wheat,12,9.641187151511256e-4
19039,Clarke,1244660,Peas,11,8.837754888885317e-4
19039,Clarke,1244660,Dbl Crop WinWht/Corn,2,1.606864525251876e-4
19065,Fayette,2107699,Corn,902693,42.828364012128866
19065,Fayette,2107699,Soybeans,469735,22.286626316186513
19065,Fayette,2107699,Grassland/Pasture,293097,13.906017889651226
19065,Fayette,2107699,Deciduous Forest,235926,11.193533801553258
19065,Fayette,2107699,Developed/Open Space,61106,2.899180575594523
19065,Fayette,2107699,Alfalfa,39989,1.897282296950371
19065,Fayette,2107699,Developed/Low Intensity,39371,1.8679612221669224
19065,Fayette,2107699,Woody Wetlands,13051,0.6192060631048362
19065,Fayette,2107699,Oats,10392,0.4930495293682826
19065,Fayette,2107699,Mixed Forest,10054,0.47701308393655834
19065,Fayette,2107699,Herbaceous Wetlands,8781,0.4166154654910402
19065,Fayette,2107699,Developed/Med Intensity,7577,0.35949155927862564
19065,Fayette,2107699,Open Water,5884,0.2791669968055211
19065,Fayette,2107699,Other Hay/Non Alfalfa,3943,0.187076048335175
19065,Fayette,2107699,Barren,2798,0.13275140330758806
19065,Fayette,2107699,Developed/High Intensity,1875,0.08895957155172536
19065,Fayette,2107699,Rye,520,0.024671454510345168
19065,Fayette,2107699,Evergreen Forest,438,0.020780955914483045
19065,Fayette,2107699,Shrubland,194,0.00920435033655185
19065,Fayette,2107699,Switchgrass,67,0.00317882202344832
19065,Fayette,2107699,Dbl Crop Oats/Corn,51,0.00241970034620693
19065,Fayette,2107699,Triticale,50,0.002372255241379343
19065,Fayette,2107699,Other Crops,28,0.0013284629351724322
19065,Fayette,2107699,Fallow/Idle Cropland,26,0.0012335727255172583
19065,Fayette,2107699,Millet,12,5.693412579310423e-4
19065,Fayette,2107699,Peas,10,4.7445104827586863e-4
19065,Fayette,2107699,Sorghum,9,4.2700594344828173e-4
19065,Fayette,2107699,Clover/Wildflowers,8,3.795608386206949e-4
19065,Fayette,2107699,Winter Wheat,6,2.8467062896552116e-4
19065,Fayette,2107699,Dbl Crop WinWht/Soybeans,3,1.4233531448276058e-4
19065,Fayette,2107699,Dry Beans,2,9.489020965517372e-5
19065,Fayette,2107699,Potatoes,2,9.489020965517372e-5
19065,Fayette,2107699,Barley,1,4.744510482758686e-5
19181,Warren,1652851,Grassland/Pasture,467226,28.267883795938047
19181,Warren,1652851,Soybeans,320492,19.390253567925967
19181,Warren,1652851,Corn,289613,17.52202709137121
19181,Warren,1652851,Deciduous Forest,279462,16.907876148545757
19181,Warren,1652851,Developed/Open Space,59374,3.5922173263046697
19181,Warren,1652851,Mixed Forest,58662,3.5491402431314136
19181,Warren,1652851,Woody Wetlands,39102,2.365730486293078
19181,Warren,1652851,Developed/Low Intensity,35625,2.1553666966955882
19181,Warren,1652851,Alfalfa,26421,1.5985106945514145
19181,Warren,1652851,Open Water,22640,1.369754442475456
19181,Warren,1652851,Herbaceous Wetlands,20921,1.265752327342271
19181,Warren,1652851,Other Hay/Non Alfalfa,16039,0.9703839003031731
19181,Warren,1652851,Developed/Med Intensity,8261,0.4998030675481335
19181,Warren,1652851,Oats,3115,0.18846223888299674
19181,Warren,1652851,Barren,1724,0.1043046227397388
19181,Warren,1652851,Developed/High Intensity,1487,0.08996576218909025
19181,Warren,1652851,Evergreen Forest,1199,0.07254132405159328
19181,Warren,1652851,Shrubland,632,0.03823696146839613
19181,Warren,1652851,Sod/Grass Seed,390,0.02359559331119381
19181,Warren,1652851,Winter Wheat,110,0.006655167344182869
19181,Warren,1652851,Rye,109,0.0065946658228721155
19181,Warren,1652851,Fallow/Idle Cropland,92,0.005566139960589309
19181,Warren,1652851,Clover/Wildflowers,61,0.0036905927999559547
19181,Warren,1652851,Triticale,33,0.001996550203254861
19181,Warren,1652851,Sweet Corn,26,0.0015730395540795874
19181,Warren,1652851,Millet,12,7.260182557290403e-4
19181,Warren,1652851,Sorghum,8,4.840121704860269e-4
19181,Warren,1652851,Other Crops,6,3.6300912786452015e-4
19181,Warren,1652851,Dbl Crop WinWht/Sorghum,4,2.4200608524301345e-4
19181,Warren,1652851,Dbl Crop WinWht/Corn,3,1.8150456393226008e-4
19181,Warren,1652851,Spring Wheat,2,1.2100304262150673e-4
19001,Adair,1643663,Corn,523080,31.824041789588254
19001,Adair,1643663,Soybeans,500922,30.475955229265367
19001,Adair,1643663,Grassland/Pasture,359476,21.87041990967735
19001,Adair,1643663,Deciduous Forest,70985,4.318707666960928
19001,Adair,1643663,Alfalfa,60950,3.7081810565791162
19001,Adair,1643663,Developed/Open Space,52080,3.1685327223402853
19001,Adair,1643663,Other Hay/Non Alfalfa,21430,1.3037952426987771
19001,Adair,1643663,Developed/Low Intensity,18725,1.1392237946586374
19001,Adair,1643663,Open Water,8576,0.5217614559675554
19001,Adair,1643663,Oats,6570,0.3997169736132042
19001,Adair,1643663,Mixed Forest,5115,0.3111951780869923
19001,Adair,1643663,Woody Wetlands,4430,0.2695199685093599
19001,Adair,1643663,Developed/Med Intensity,2975,0.180998172983148
19001,Adair,1643663,Herbaceous Wetlands,2895,0.17613099522225664
19001,Adair,1643663,Barren,1931,0.11748150320351557
19001,Adair,1643663,Winter Wheat,1505,0.091563781626769
19001,Adair,1643663,Rye,687,0.04179688902165468
19001,Adair,1643663,Developed/High Intensity,517,0.031454136279760514
19001,Adair,1643663,Evergreen Forest,492,0.029933143229481957
19001,Adair,1643663,Shrubland,122,0.007422446085359347
19001,Adair,1643663,Clover/Wildflowers,117,0.007118247475303636
19001,Adair,1643663,Fallow/Idle Cropland,19,0.0011559547182117015
19001,Adair,1643663,Sweet Corn,15,9.125958301671328e-4
19001,Adair,1643663,Barley,11,6.69236942122564e-4
19001,Adair,1643663,Triticale,9,5.475574981002796e-4
19001,Adair,1643663,Spring Wheat,8,4.8671777608913746e-4
19001,Adair,1643663,Sod/Grass Seed,8,4.8671777608913746e-4
19001,Adair,1643663,Switchgrass,8,4.8671777608913746e-4
19001,Adair,1643663,Peas,3,1.8251916603342656e-4
19001,Adair,1643663,Sorghum,2,1.2167944402228437e-4
19037,Chickasaw,1457655,Corn,713286,48.933801208104796
19037,Chickasaw,1457655,Soybeans,375664,25.77180471373542
19037,Chickasaw,1457655,Grassland/Pasture,133643,9.168356023887684
19037,Chickasaw,1457655,Deciduous Forest,73042,5.010925081723727
19037,Chickasaw,1457655,Developed/Open Space,48729,3.3429721024522263
19037,Chickasaw,1457655,Woody Wetlands,37194,2.551632587958056
19037,Chickasaw,1457655,Developed/Low Intensity,20931,1.4359364870288236
19037,Chickasaw,1457655,Herbaceous Wetlands,17384,1.1926004438636029
19037,Chickasaw,1457655,Alfalfa,17126,1.1749007824210804
19037,Chickasaw,1457655,Open Water,4894,0.3357447406965297
19037,Chickasaw,1457655,Developed/Med Intensity,4567,0.3133114488682164
19037,Chickasaw,1457655,Oats,3755,0.257605537661518
19037,Chickasaw,1457655,Other Hay/Non Alfalfa,2188,0.15010410556681794
19037,Chickasaw,1457655,Barren,1693,0.11614545279918774
19037,Chickasaw,1457655,Mixed Forest,1504,0.1031794217424562
19037,Chickasaw,1457655,Developed/High Intensity,1137,0.0780019963571627
19037,Chickasaw,1457655,Evergreen Forest,499,0.03423306612332822
19037,Chickasaw,1457655,Barley,157,0.010770724211147355
19037,Chickasaw,1457655,Rye,94,0.0064487138589035126
19037,Chickasaw,1457655,Triticale,48,0.003292960268376262
19037,Chickasaw,1457655,Shrubland,46,0.0031557535905272507
19037,Chickasaw,1457655,Sorghum,39,0.0026755302180557126
19037,Chickasaw,1457655,Sweet Corn,31,0.0021267035066596693
19037,Chickasaw,1457655,Millet,2,1.372066778490109e-4
19037,Chickasaw,1457655,Winter Wheat,1,6.860333892450545e-5
19037,Chickasaw,1457655,Peas,1,6.860333892450545e-5
19081,Hancock,1651687,Corn,899826,54.47920822770901
19081,Hancock,1651687,Soybeans,491407,29.751823438702367
19081,Hancock,1651687,Grassland/Pasture,91056,5.51290892281649
19081,Hancock,1651687,Developed/Open Space,62190,3.7652412351734923
19081,Hancock,1651687,Herbaceous Wetlands,38842,2.3516562157357903
19081,Hancock,1651687,Developed/Low Intensity,15931,0.9645289936894823
19081,Hancock,1651687,Deciduous Forest,14852,0.8992018463546666
19081,Hancock,1651687,Alfalfa,10651,0.6448558352762963
19081,Hancock,1651687,Open Water,7127,0.43149821969901075
19081,Hancock,1651687,Developed/Med Intensity,5126,0.3103493579594681
19081,Hancock,1651687,Woody Wetlands,4854,0.2938813467684858
19081,Hancock,1651687,Barren,2447,0.1481515565600504
19081,Hancock,1651687,Other Hay/Non Alfalfa,2226,0.1347712974673773
19081,Hancock,1651687,Oats,1772,0.10728424937654651
19081,Hancock,1651687,Developed/High Intensity,1711,0.10359105569033358
19081,Hancock,1651687,Mixed Forest,1155,0.06992850340288444
19081,Hancock,1651687,Rye,124,0.007507475690006642
19081,Hancock,1651687,Clover/Wildflowers,110,0.006659857466941375
19081,Hancock,1651687,Evergreen Forest,81,0.004904076862020467
19081,Hancock,1651687,Shrubland,53,0.0032088404158899355
19081,Hancock,1651687,Sod/Grass Seed,50,0.003027207939518807
19081,Hancock,1651687,Sweet Corn,28,0.001695236446130532
19081,Hancock,1651687,Barley,20,0.0012108831758075227
19081,Hancock,1651687,Winter Wheat,16,9.687065406460182e-4
19081,Hancock,1651687,Peas,15,9.081623818556422e-4
19081,Hancock,1651687,Millet,8,4.843532703230091e-4
19081,Hancock,1651687,Sorghum,4,2.4217663516150456e-4
19081,Hancock,1651687,Fallow/Idle Cropland,4,2.4217663516150456e-4
19081,Hancock,1651687,Pop or Orn Corn,1,6.054415879037614e-5
19061,Dubuque,1777397,Corn,639777,35.995165964610045
19061,Dubuque,1777397,Deciduous Forest,310520,17.470491960996895
19061,Dubuque,1777397,Grassland/Pasture,301170,16.944441787625387
19061,Dubuque,1777397,Soybeans,155165,8.729901085688791
19061,Dubuque,1777397,Developed/Open Space,80733,4.542204133347812
19061,Dubuque,1777397,Alfalfa,66628,3.7486279092403105
19061,Dubuque,1777397,Mixed Forest,66396,3.7355751134946216
19061,Dubuque,1777397,Developed/Low Intensity,55025,3.0958193358039874
19061,Dubuque,1777397,Open Water,25569,1.4385643725065362
19061,Dubuque,1777397,Developed/Med Intensity,22104,1.243616367080624
19061,Dubuque,1777397,Oats,20440,1.149996314835684
19061,Dubuque,1777397,Woody Wetlands,8456,0.4757519001101048
19061,Dubuque,1777397,Developed/High Intensity,7487,0.42123397305160304
19061,Dubuque,1777397,Barren,5168,0.2907622776453432
19061,Dubuque,1777397,Herbaceous Wetlands,4138,0.2328123654985352
19061,Dubuque,1777397,Other Hay/Non Alfalfa,3996,0.22482315430936364
19061,Dubuque,1777397,Evergreen Forest,2846,0.16012179608719943
19061,Dubuque,1777397,Shrubland,724,0.040733724654649466
19061,Dubuque,1777397,Rye,444,0.024980350478818185
19061,Dubuque,1777397,Triticale,173,0.009733334758638615
19061,Dubuque,1777397,Winter Wheat,93,0.005232370708401106
19061,Dubuque,1777397,Fallow/Idle Cropland,80,0.004500964050237511
19061,Dubuque,1777397,Barley,62,0.0034882471389340703
19061,Dubuque,1777397,Switchgrass,61,0.0034319850883061014
19061,Dubuque,1777397,Sorghum,46,0.0025880543288865684
19061,Dubuque,1777397,Millet,35,0.0019691717719789105
19061,Dubuque,1777397,Other Crops,15,8.439307594195332e-4
19061,Dubuque,1777397,Potatoes,14,7.876687087915643e-4
19061,Dubuque,1777397,Sweet Corn,10,5.626205062796889e-4
19061,Dubuque,1777397,Sod/Grass Seed,9,5.063584556517199e-4
19061,Dubuque,1777397,Dbl Crop Soybeans/Oats,5,2.8131025313984443e-4
19061,Dubuque,1777397,Dbl Crop WinWht/Soybeans,3,1.6878615188390664e-4
19061,Dubuque,1777397,Dry Beans,2,1.1252410125593775e-4
19061,Dubuque,1777397,Peas,1,5.6262050627968876e-5
19061,Dubuque,1777397,Clover/Wildflowers,1,5.6262050627968876e-5
19061,Dubuque,1777397,Dbl Crop Oats/Corn,1,5.6262050627968876e-5
19157,Poweshiek,1689262,Corn,700115,41.445021553790944
19157,Poweshiek,1689262,Soybeans,509642,30.169505973614513
19157,Poweshiek,1689262,Grassland/Pasture,253173,14.987195591921207
19157,Poweshiek,1689262,Deciduous Forest,65377,3.870151580986253
19157,Poweshiek,1689262,Developed/Open Space,60214,3.5645151551387526
19157,Poweshiek,1689262,Alfalfa,35289,2.089018754935587
19157,Poweshiek,1689262,Developed/Low Intensity,23474,1.3896009026426925
19157,Poweshiek,1689262,Mixed Forest,9775,0.578655057652395
19157,Poweshiek,1689262,Woody Wetlands,7874,0.466120708332988
19157,Poweshiek,1689262,Developed/Med Intensity,5269,0.311911355372938
19157,Poweshiek,1689262,Open Water,5207,0.30824111357504047
19157,Poweshiek,1689262,Herbaceous Wetlands,4821,0.2853908985107106
19157,Poweshiek,1689262,Oats,3243,0.19197732500938278
19157,Poweshiek,1689262,Other Hay/Non Alfalfa,2611,0.15456453765016914
19157,Poweshiek,1689262,Developed/High Intensity,1536,0.09092728067049398
19157,Poweshiek,1689262,Barren,1287,0.07618711603055062
19157,Poweshiek,1689262,Sod/Grass Seed,100,0.005919744835318618
19157,Poweshiek,1689262,Evergreen Forest,96,0.005682955041905874
19157,Poweshiek,1689262,Shrubland,81,0.004794993316608081
19157,Poweshiek,1689262,Fallow/Idle Cropland,39,0.002308700485774261
19157,Poweshiek,1689262,Spring Wheat,19,0.0011247515187105374
19157,Poweshiek,1689262,Sorghum,7,4.143821384723033e-4
19157,Poweshiek,1689262,Winter Wheat,3,1.7759234505955855e-4
19157,Poweshiek,1689262,Millet,3,1.7759234505955855e-4
19157,Poweshiek,1689262,Clover/Wildflowers,3,1.7759234505955855e-4
19157,Poweshiek,1689262,Switchgrass,3,1.7759234505955855e-4
19157,Poweshiek,1689262,Rye,1,5.9197448353186184e-5
19165,Shelby,1704324,Corn,812688,47.68389109113056
19165,Shelby,1704324,Soybeans,616114,36.15005128132914
19165,Shelby,1704324,Grassland/Pasture,125401,7.357814593938711
19165,Shelby,1704324,Developed/Open Space,55551,3.2594154632569863
19165,Shelby,1704324,Deciduous Forest,24230,1.421678037743997
19165,Shelby,1704324,Developed/Low Intensity,19268,1.130536212598074
19165,Shelby,1704324,Alfalfa,18875,1.1074772167733364
19165,Shelby,1704324,Herbaceous Wetlands,7960,0.46704734545778853
19165,Shelby,1704324,Woody Wetlands,4031,0.2365160615000434
19165,Shelby,1704324,Oats,3782,0.2219061633820799
19165,Shelby,1704324,Open Water,3778,0.22167146622355843
19165,Shelby,1704324,Other Hay/Non Alfalfa,3632,0.21310501993752362
19165,Shelby,1704324,Developed/Med Intensity,3073,0.18030609203414374
19165,Shelby,1704324,Rye,2353,0.1380606035002734
19165,Shelby,1704324,Barren,1776,0.10420553838354678
19165,Shelby,1704324,Developed/High Intensity,911,0.053452277853272036
19165,Shelby,1704324,Mixed Forest,342,0.0200666070535884
19165,Shelby,1704324,Barley,260,0.015255315303897614
19165,Shelby,1704324,Evergreen Forest,148,0.008683794865295566
19165,Shelby,1704324,Winter Wheat,42,0.0024643201644757684
19165,Shelby,1704324,Pop or Orn Corn,37,0.0021709487163238915
19165,Shelby,1704324,Spring Wheat,28,0.0016428801096505124
19165,Shelby,1704324,Shrubland,27,0.001584205820020137
19165,Shelby,1704324,Fallow/Idle Cropland,12,7.040914755645054e-4
19165,Shelby,1704324,Canola,4,2.346971585215018e-4
19165,Shelby,1704324,Sorghum,1,5.867428963037545e-5
19011,Benton,2070316,Corn,901540,43.54600940146335
19011,Benton,2070316,Soybeans,669179,32.32255365847532
19011,Benton,2070316,Grassland/Pasture,194307,9.385378850378396
19011,Benton,2070316,Deciduous Forest,77364,3.736820852468899
19011,Benton,2070316,Developed/Open Space,66419,3.2081575952656505
19011,Benton,2070316,Developed/Low Intensity,39662,1.9157461952668093
19011,Benton,2070316,Woody Wetlands,37531,1.8128150485239933
19011,Benton,2070316,Alfalfa,24070,1.1626244496009306
19011,Benton,2070316,Herbaceous Wetlands,13974,0.6749694249573496
19011,Benton,2070316,Open Water,12516,0.6045453930704299
19011,Benton,2070316,Developed/Med Intensity,9890,0.4777048527857583
19011,Benton,2070316,Mixed Forest,9771,0.47195693797468596
19011,Benton,2070316,Oats,6045,0.2919844120414468
19011,Benton,2070316,Other Hay/Non Alfalfa,2410,0.11640735037549822
19011,Benton,2070316,Barren,2289,0.1105628319541558
19011,Benton,2070316,Developed/High Intensity,2076,0.10027454746038768
19011,Benton,2070316,Rye,600,0.028981083081036908
19011,Benton,2070316,Fallow/Idle Cropland,178,0.008597721314040947
19011,Benton,2070316,Sod/Grass Seed,151,0.007293572575394287
19011,Benton,2070316,Evergreen Forest,129,0.006230932862422934
19011,Benton,2070316,Shrubland,100,0.004830180513506151
19011,Benton,2070316,Winter Wheat,37,0.0017871667899972757
19011,Benton,2070316,Sorghum,28,0.0013524505437817222
19011,Benton,2070316,Switchgrass,24,0.001159243323241476
19011,Benton,2070316,Millet,14,6.762252718908611e-4
19011,Benton,2070316,Triticale,6,2.89810830810369e-4
19011,Benton,2070316,Sweet Corn,3,1.449054154051845e-4
19011,Benton,2070316,Other Crops,2,9.660361027012302e-5
19011,Benton,2070316,Clover/Wildflowers,1,4.830180513506151e-5
19185,Wayne,1519450,Grassland/Pasture,544577,35.84040277732074
19185,Wayne,1519450,Soybeans,323475,21.288953239659087
19185,Wayne,1519450,Corn,257537,16.949356675112707
19185,Wayne,1519450,Deciduous Forest,235709,15.512784231136267
19185,Wayne,1519450,Developed/Open Space,40613,2.6728750534732963
19185,Wayne,1519450,Other Hay/Non Alfalfa,28832,1.8975287110467605
19185,Wayne,1519450,Alfalfa,25835,1.700286287801507
19185,Wayne,1519450,Developed/Low Intensity,18629,1.2260357366152226
19185,Wayne,1519450,Mixed Forest,16424,1.080917437230577
19185,Wayne,1519450,Open Water,10381,0.6832077396426338
19185,Wayne,1519450,Woody Wetlands,7965,0.5242028365527001
19185,Wayne,1519450,Herbaceous Wetlands,3827,0.2518674520385666
19185,Wayne,1519450,Oats,1889,0.12432130047056501
19185,Wayne,1519450,Evergreen Forest,1537,0.10115502319918392
19185,Wayne,1519450,Developed/Med Intensity,1159,0.07627760044753035
19185,Wayne,1519450,Barren,396,0.026062061930303727
19185,Wayne,1519450,Developed/High Intensity,277,0.018230280693672052
19185,Wayne,1519450,Winter Wheat,187,0.012307084800421204
19185,Wayne,1519450,Shrubland,101,0.006647142057981507
19185,Wayne,1519450,Clover/Wildflowers,61,0.0040146105498700185
19185,Wayne,1519450,Rye,13,8.555727401362334e-4
19185,Wayne,1519450,Dbl Crop WinWht/Corn,13,8.555727401362334e-4
19185,Wayne,1519450,Fallow/Idle Cropland,8,5.265063016222976e-4
19185,Wayne,1519450,Sod/Grass Seed,2,1.316265754055744e-4
19185,Wayne,1519450,Sorghum,1,6.58132877027872e-5
19185,Wayne,1519450,Spring Wheat,1,6.58132877027872e-5
19185,Wayne,1519450,Millet,1,6.58132877027872e-5
19097,Jackson,1872888,Corn,515968,27.54932489289269
19097,Jackson,1872888,Grassland/Pasture,391957,20.927946572352432
19097,Jackson,1872888,Deciduous Forest,343523,18.341886968147588
19097,Jackson,1872888,Soybeans,200095,10.683767529078086
19097,Jackson,1872888,Mixed Forest,165929,8.859526036794511
19097,Jackson,1872888,Developed/Open Space,60485,3.2295043804007504
19097,Jackson,1872888,Open Water,47236,2.5220942202630376
19097,Jackson,1872888,Alfalfa,42786,2.284493253200405
19097,Jackson,1872888,Woody Wetlands,35531,1.897123586674697
19097,Jackson,1872888,Herbaceous Wetlands,19500,1.0411727770160308
19097,Jackson,1872888,Developed/Low Intensity,19165,1.0232859626416528
19097,Jackson,1872888,Oats,12243,0.6536963235388341
19097,Jackson,1872888,Evergreen Forest,4897,0.26146785072038475
19097,Jackson,1872888,Developed/Med Intensity,4813,0.2569827987578542
19097,Jackson,1872888,Other Hay/Non Alfalfa,4735,0.25281810764979007
19097,Jackson,1872888,Barren,1985,0.1059860493526575
19097,Jackson,1872888,Developed/High Intensity,1292,0.06898437066178009
19097,Jackson,1872888,Shrubland,285,0.015217140587157375
19097,Jackson,1872888,Rye,162,0.008649743070594717
19097,Jackson,1872888,Winter Wheat,150,0.008009021361661777
19097,Jackson,1872888,Sod/Grass Seed,49,0.0026162803114761803
19097,Jackson,1872888,Sorghum,30,0.001601804272332355
19097,Jackson,1872888,Triticale,25,0.0013348368936102958
19097,Jackson,1872888,Dbl Crop WinWht/Soybeans,23,0.0012280499421214724
19097,Jackson,1872888,Fallow/Idle Cropland,10,5.339347574441184e-4
19097,Jackson,1872888,Dry Beans,5,2.669673787220592e-4
19097,Jackson,1872888,Potatoes,4,2.1357390297764735e-4
19097,Jackson,1872888,Millet,2,1.0678695148882367e-4
19097,Jackson,1872888,Other Crops,1,5.339347574441184e-5
19097,Jackson,1872888,Clover/Wildflowers,1,5.339347574441184e-5
19097,Jackson,1872888,Switchgrass,1,5.339347574441184e-5
19113,Linn,2088446,Corn,712318,34.107561315925814
19113,Linn,2088446,Soybeans,438035,20.974207616572322
19113,Linn,2088446,Grassland/Pasture,234596,11.233041218207223
19113,Linn,2088446,Deciduous Forest,203616,9.749641599543391
19113,Linn,2088446,Developed/Open Space,127587,6.109183574772822
19113,Linn,2088446,Developed/Low Intensity,109289,5.233029726409014
19113,Linn,2088446,Woody Wetlands,66710,3.194241076858104
19113,Linn,2088446,Developed/Med Intensity,54014,2.5863249516626237
19113,Linn,2088446,Mixed Forest,36046,1.7259723258346158
19113,Linn,2088446,Alfalfa,25717,1.2313940604640963
19113,Linn,2088446,Open Water,25286,1.2107567061824915
19113,Linn,2088446,Developed/High Intensity,22367,1.0709877104794665
19113,Linn,2088446,Herbaceous Wetlands,13108,0.6276437121189631
19113,Linn,2088446,Oats,6664,0.3190889302380813
19113,Linn,2088446,Barren,6349,0.30400594509027284
19113,Linn,2088446,Other Hay/Non Alfalfa,4387,0.21006049474106583
19113,Linn,2088446,Evergreen Forest,825,0.03950305633949837
19113,Linn,2088446,Fallow/Idle Cropland,547,0.026191723415400735
19113,Linn,2088446,Rye,288,0.013790157849424882
19113,Linn,2088446,Winter Wheat,221,0.010582030849732289
19113,Linn,2088446,Shrubland,183,0.008762496133488729
19113,Linn,2088446,Sod/Grass Seed,123,0.005889546581525211
19113,Linn,2088446,Millet,104,0.00497977922340343
19113,Linn,2088446,Switchgrass,26,0.0012449448058508574
19113,Linn,2088446,Other Crops,12,5.745899103927034e-4
19113,Linn,2088446,Spring Wheat,11,5.267074178599781e-4
19113,Linn,2088446,Sorghum,9,4.3094243279452756e-4
19113,Linn,2088446,Barley,3,1.4364747759817585e-4
19113,Linn,2088446,Dbl Crop WinWht/Soybeans,2,9.57649850654506e-5
19113,Linn,2088446,Dry Beans,1,4.78824925327253e-5
19113,Linn,2088446,Potatoes,1,4.78824925327253e-5
19113,Linn,2088446,Clover/Wildflowers,1,4.78824925327253e-5
19059,Dickinson,1164736,Corn,431799,37.07269286773999
19059,Dickinson,1164736,Soybeans,361373,31.02617245453047
19059,Dickinson,1164736,Grassland/Pasture,107611,9.239089373042475
19059,Dickinson,1164736,Herbaceous Wetlands,81266,6.977203417770207
19059,Dickinson,1164736,Open Water,70241,6.030636985548656
19059,Dickinson,1164736,Developed/Open Space,47312,4.062036375625035
19059,Dickinson,1164736,Mixed Forest,22228,1.9084152975438209
19059,Dickinson,1164736,Developed/Low Intensity,15790,1.355672014945876
19059,Dickinson,1164736,Developed/Med Intensity,8077,0.6934618660365954
19059,Dickinson,1164736,Alfalfa,5743,0.49307310841255014
19059,Dickinson,1164736,Barren,3889,0.33389540634100773
19059,Dickinson,1164736,Other Hay/Non Alfalfa,2643,0.22691837463596898
19059,Dickinson,1164736,Oats,2580,0.221509423594703
19059,Dickinson,1164736,Developed/High Intensity,2086,0.1790963789219188
19059,Dickinson,1164736,Deciduous Forest,674,0.0578671905049728
19059,Dickinson,1164736,Shrubland,623,0.05348851585251937
19059,Dickinson,1164736,Woody Wetlands,370,0.03176685532172097
19059,Dickinson,1164736,Rye,178,0.01528243310071982
19059,Dickinson,1164736,Evergreen Forest,111,0.009530056596516292
19059,Dickinson,1164736,Barley,52,0.004464531018187812
19059,Dickinson,1164736,Fallow/Idle Cropland,52,0.004464531018187812
19059,Dickinson,1164736,Winter Wheat,26,0.002232265509093906
19059,Dickinson,1164736,Spring Wheat,5,4.292818286719051e-4
19059,Dickinson,1164736,Sweet Corn,2,1.71712731468762e-4
19059,Dickinson,1164736,Pop or Orn Corn,2,1.71712731468762e-4
19059,Dickinson,1164736,Canola,1,8.5856365734381e-5
19059,Dickinson,1164736,Peas,1,8.5856365734381e-5
19059,Dickinson,1164736,Clover/Wildflowers,1,8.5856365734381e-5
19043,Clayton,2284826,Deciduous Forest,669318,29.294046898976116
19043,Clayton,2284826,Corn,647030,28.318567803412602
19043,Clayton,2284826,Grassland/Pasture,412501,18.053934960474013
19043,Clayton,2284826,Soybeans,239045,10.462284655374194
19043,Clayton,2284826,Developed/Open Space,61875,2.7080836790197593
19043,Clayton,2284826,Alfalfa,61483,2.690927011509848
19043,Clayton,2284826,Open Water,48856,2.138280989449525
19043,Clayton,2284826,Mixed Forest,31466,1.3771727037419916
19043,Clayton,2284826,Developed/Low Intensity,31094,1.3608913764111579
19043,Clayton,2284826,Woody Wetlands,28741,1.2579076043427377
19043,Clayton,2284826,Oats,20534,0.8987117618584524
19043,Clayton,2284826,Herbaceous Wetlands,14242,0.6233297415207985
19043,Clayton,2284826,Other Hay/Non Alfalfa,6336,0.2773077687316233
19043,Clayton,2284826,Developed/Med Intensity,5076,0.2221613374497664
19043,Clayton,2284826,Barren,3018,0.13208883302273344
19043,Clayton,2284826,Evergreen Forest,1103,0.048275010876101726
19043,Clayton,2284826,Rye,936,0.04096592038080799
19043,Clayton,2284826,Developed/High Intensity,795,0.034794772118314485
19043,Clayton,2284826,Shrubland,538,0.023546650817173824
19043,Clayton,2284826,Winter Wheat,485,0.021226999342619526
19043,Clayton,2284826,Switchgrass,183,0.008009362638555409
19043,Clayton,2284826,Fallow/Idle Cropland,54,0.002363418483508153
19043,Clayton,2284826,Sorghum,33,0.0014443112954772048
19043,Clayton,2284826,Millet,21,9.191071880309485e-4
19043,Clayton,2284826,Other Crops,18,7.878061611693845e-4
19043,Clayton,2284826,Triticale,16,7.00272143261675e-4
19043,Clayton,2284826,Dbl Crop Corn/Soybeans,13,5.689711164001109e-4
19043,Clayton,2284826,Clover/Wildflowers,6,2.626020537231282e-4
19043,Clayton,2284826,Dbl Crop Oats/Corn,4,1.7506803581541876e-4
19043,Clayton,2284826,Dbl Crop Soybeans/Oats,3,1.313010268615641e-4
19043,Clayton,2284826,Barley,1,4.376700895385469e-5
19043,Clayton,2284826,Dry Beans,1,4.376700895385469e-5
19043,Clayton,2284826,Peas,1,4.376700895385469e-5
19021,Buena Vista,1672443,Corn,754599,45.11956461296439
19021,Buena Vista,1672443,Soybeans,631755,37.77438154842945
19021,Buena Vista,1672443,Grassland/Pasture,100142,5.98776759506901
19021,Buena Vista,1672443,Developed/Open Space,63757,3.8122076507241207
19021,Buena Vista,1672443,Herbaceous Wetlands,28546,1.706844418613968
19021,Buena Vista,1672443,Developed/Low Intensity,20054,1.1990842139313567
19021,Buena Vista,1672443,Open Water,18692,1.1176464608958274
19021,Buena Vista,1672443,Mixed Forest,17652,1.0554619798701659
19021,Buena Vista,1672443,Alfalfa,8471,0.5065045565080544
19021,Buena Vista,1672443,Deciduous Forest,6034,0.36078957548926927
19021,Buena Vista,1672443,Developed/Med Intensity,5730,0.34261257334330675
19021,Buena Vista,1672443,Woody Wetlands,5015,0.29986074263816465
19021,Buena Vista,1672443,Barren,3590,0.2146560450789653
19021,Buena Vista,1672443,Other Hay/Non Alfalfa,3120,0.1865534430769838
19021,Buena Vista,1672443,Developed/High Intensity,1773,0.10601258159470905
19021,Buena Vista,1672443,Oats,1479,0.08843350715091636
19021,Buena Vista,1672443,Pop or Orn Corn,1374,0.08215526627813324
19021,Buena Vista,1672443,Rye,211,0.012616274515783198
19021,Buena Vista,1672443,Evergreen Forest,195,0.011659590192311487
19021,Buena Vista,1672443,Dry Beans,86,0.005142178238660451
19021,Buena Vista,1672443,Fallow/Idle Cropland,53,0.0031690168215000453
19021,Buena Vista,1672443,Shrubland,40,0.0023917108086792794
19021,Buena Vista,1672443,Barley,27,0.0016144047958585135
19021,Buena Vista,1672443,Winter Wheat,25,0.0014948192554245497
19021,Buena Vista,1672443,Other Crops,7,4.1854939151887385e-4
19021,Buena Vista,1672443,Spring Wheat,5,2.989638510849099e-4
19021,Buena Vista,1672443,Sweet Corn,3,1.7937831065094597e-4
19021,Buena Vista,1672443,Canola,3,1.7937831065094597e-4
19021,Buena Vista,1672443,Peas,3,1.7937831065094597e-4
19021,Buena Vista,1672443,Sod/Grass Seed,2,1.1958554043396398e-4
19129,Mills,1270416,Corn,458759,36.11092744423874
19129,Mills,1270416,Soybeans,431418,33.95879774813919
19129,Mills,1270416,Grassland/Pasture,143482,11.29409579224443
19129,Mills,1270416,Deciduous Forest,108322,8.526498406821073
19129,Mills,1270416,Developed/Open Space,33957,2.672903993652473
19129,Mills,1270416,Developed/Low Intensity,27533,2.167242855883427
19129,Mills,1270416,Herbaceous Wetlands,18109,1.425438596491228
19129,Mills,1270416,Open Water,15605,1.2283378043097692
19129,Mills,1270416,Woody Wetlands,9011,0.7092952229820784
19129,Mills,1270416,Alfalfa,5647,0.444500069268649
19129,Mills,1270416,Developed/Med Intensity,4904,0.38601528947998137
19129,Mills,1270416,Barren,4188,0.3296557977859221
19129,Mills,1270416,Evergreen Forest,2202,0.17332905127139456
19129,Mills,1270416,Other Hay/Non Alfalfa,1851,0.14570030604148562
19129,Mills,1270416,Fallow/Idle Cropland,1760,0.13853729801891662
19129,Mills,1270416,Developed/High Intensity,1106,0.0870580975050692
19129,Mills,1270416,Oats,920,0.0724172239644337
19129,Mills,1270416,Mixed Forest,883,0.06950479213108147
19129,Mills,1270416,Winter Wheat,263,0.02070188032896311
19129,Mills,1270416,Sorghum,179,0.014089872923514818
19129,Mills,1270416,Shrubland,154,0.012122013576655205
19129,Mills,1270416,Rye,108,0.008501152378433522
19129,Mills,1270416,Barley,21,0.0016530018513620736
19129,Mills,1270416,Dbl Crop Corn/Soybeans,8,6.297149909950757e-4
19129,Mills,1270416,Clover/Wildflowers,7,5.510006171206912e-4
19129,Mills,1270416,Sweet Corn,6,4.722862432463067e-4
19129,Mills,1270416,Spring Wheat,5,3.935718693719223e-4
19129,Mills,1270416,Pop or Orn Corn,4,3.1485749549753784e-4
19129,Mills,1270416,Dry Beans,1,7.871437387438446e-5
19129,Mills,1270416,Other Crops,1,7.871437387438446e-5
19129,Mills,1270416,Sod/Grass Seed,1,7.871437387438446e-5
19129,Mills,1270416,Triticale,1,7.871437387438446e-5
19049,Dallas,1705227,Corn,620895,36.411281313279694
19049,Dallas,1705227,Soybeans,453877,26.61680820207515
19049,Dallas,1705227,Grassland/Pasture,189976,11.14080412754431
19049,Dallas,1705227,Deciduous Forest,154652,9.069291067992708
19049,Dallas,1705227,Developed/Open Space,76558,4.489607541987079
19049,Dallas,1705227,Developed/Low Intensity,46429,2.7227460039044655
19049,Dallas,1705227,Woody Wetlands,37496,2.1988861307028333
19049,Dallas,1705227,Developed/Med Intensity,23714,1.3906652897238903
19049,Dallas,1705227,Open Water,21585,1.2658138769794285
19049,Dallas,1705227,Mixed Forest,21117,1.2383688505987767
19049,Dallas,1705227,Alfalfa,17451,1.0233828106170029
19049,Dallas,1705227,Herbaceous Wetlands,14709,0.8625831047713882
19049,Dallas,1705227,Other Hay/Non Alfalfa,7357,0.4314381604325993
19049,Dallas,1705227,Barren,4802,0.281604736495493
19049,Dallas,1705227,Developed/High Intensity,4332,0.2540424236773169
19049,Dallas,1705227,Oats,3994,0.2342210157357349
19049,Dallas,1705227,Sod/Grass Seed,1828,0.10719980389707645
19049,Dallas,1705227,Spring Wheat,1247,0.07312809379630981
19049,Dallas,1705227,Rye,730,0.04280954969631609
19049,Dallas,1705227,Canola,595,0.034892715163435714
19049,Dallas,1705227,Evergreen Forest,535,0.03137412203771111
19049,Dallas,1705227,Sweet Corn,482,0.028266031443321037
19049,Dallas,1705227,Sorghum,281,0.01647874447214359
19049,Dallas,1705227,Shrubland,176,0.010321206502125525
19049,Dallas,1705227,Clover/Wildflowers,117,0.0068612565951629905
19049,Dallas,1705227,Winter Wheat,88,0.005160603251062762
19049,Dallas,1705227,Fallow/Idle Cropland,87,0.005101960032300685
19049,Dallas,1705227,Triticale,52,0.0030494473756279956
19049,Dallas,1705227,Peas,45,0.002638944844293458
19049,Dallas,1705227,Barley,7,4.1050253133453787e-4
19049,Dallas,1705227,Millet,6,3.51859312572461e-4
19049,Dallas,1705227,Other Crops,3,1.759296562862305e-4
19049,Dallas,1705227,Switchgrass,3,1.759296562862305e-4
19049,Dallas,1705227,Dbl Crop WinWht/Sorghum,1,5.864321876207684e-5
19125,Marion,1644398,Corn,347869,21.154793425922435
19125,Marion,1644398,Grassland/Pasture,329726,20.05147172399869
19125,Marion,1644398,Soybeans,327100,19.891778024541505
19125,Marion,1644398,Deciduous Forest,272030,16.54283208809546
19125,Marion,1644398,Open Water,118426,7.201784482832014
19125,Marion,1644398,Developed/Open Space,54143,3.2925727226620323
19125,Marion,1644398,Mixed Forest,53294,3.2409428860896208
19125,Marion,1644398,Developed/Low Intensity,33122,2.014232564135933
19125,Marion,1644398,Alfalfa,30794,1.8726609981281905
19125,Marion,1644398,Herbaceous Wetlands,28332,1.722940553321033
19125,Marion,1644398,Woody Wetlands,22254,1.3533220059863853
19125,Marion,1644398,Developed/Med Intensity,9626,0.5853813979340767
19125,Marion,1644398,Other Hay/Non Alfalfa,6806,0.41389006797624417
19125,Marion,1644398,Oats,3623,0.22032379022596718
19125,Marion,1644398,Barren,2911,0.17702527003803217
19125,Marion,1644398,Developed/High Intensity,2758,0.16772095319989444
19125,Marion,1644398,Evergreen Forest,1056,0.06421802994165646
19125,Marion,1644398,Shrubland,250,0.015203132088460337
19125,Marion,1644398,Rye,155,0.009425941894845408
19125,Marion,1644398,Clover/Wildflowers,33,0.0020068134356767643
19125,Marion,1644398,Switchgrass,27,0.0016419382655537163
19125,Marion,1644398,Sorghum,22,0.0013378756237845096
19125,Marion,1644398,Sod/Grass Seed,15,9.121879253076202e-4
19125,Marion,1644398,Fallow/Idle Cropland,13,7.905628685999374e-4
19125,Marion,1644398,Winter Wheat,4,2.432501134153654e-4
19125,Marion,1644398,Millet,3,1.8243758506152405e-4
19125,Marion,1644398,Dbl Crop WinWht/Corn,3,1.8243758506152405e-4
19125,Marion,1644398,Spring Wheat,2,1.216250567076827e-4
19125,Marion,1644398,Sweet Corn,1,6.081252835384135e-5
19123,Mahaska,1652728,Corn,601869,36.4167001466666
19123,Mahaska,1652728,Soybeans,447015,27.047100309306792
19123,Mahaska,1652728,Grassland/Pasture,273372,16.54065278739151
19123,Mahaska,1652728,Deciduous Forest,134471,8.136305550580616
19123,Mahaska,1652728,Developed/Open Space,47920,2.8994486691094967
19123,Mahaska,1652728,Developed/Low Intensity,37732,2.28301329680383
19123,Mahaska,1652728,Woody Wetlands,32428,1.9620893456152495
19123,Mahaska,1652728,Alfalfa,17094,1.0342899739098026
19123,Mahaska,1652728,Open Water,16313,0.9870347691816198
19123,Mahaska,1652728,Herbaceous Wetlands,14136,0.8553131549777095
19123,Mahaska,1652728,Mixed Forest,12474,0.7547521431233694
19123,Mahaska,1652728,Developed/Med Intensity,8715,0.5273099989834988
19123,Mahaska,1652728,Other Hay/Non Alfalfa,2950,0.1784927707402549
19123,Mahaska,1652728,Barren,2163,0.1308745298681937
19123,Mahaska,1652728,Developed/High Intensity,1947,0.11780522868856823
19123,Mahaska,1652728,Oats,1296,0.07841580707775266
19123,Mahaska,1652728,Evergreen Forest,262,0.015852578282693826
19123,Mahaska,1652728,Rye,193,0.011677662628091253
19123,Mahaska,1652728,Shrubland,141,0.008531349381144387
19123,Mahaska,1652728,Sorghum,116,0.007018698781650701
19123,Mahaska,1652728,Winter Wheat,49,0.002964795175007624
19123,Mahaska,1652728,Triticale,29,0.0017546746954126753
19123,Mahaska,1652728,Fallow/Idle Cropland,19,0.0011496144556152011
19123,Mahaska,1652728,Peas,10,6.050602397974742e-4
19123,Mahaska,1652728,Clover/Wildflowers,8,4.8404819183797936e-4
19123,Mahaska,1652728,Sod/Grass Seed,4,2.4202409591898968e-4
19123,Mahaska,1652728,Dbl Crop WinWht/Soybeans,1,6.050602397974742e-5
19123,Mahaska,1652728,Millet,1,6.050602397974742e-5
19007,Appanoose,1488151,Grassland/Pasture,533876,35.875122887395165
19007,Appanoose,1488151,Deciduous Forest,386556,25.975589842697417
19007,Appanoose,1488151,Soybeans,196701,13.217811902152402
19007,Appanoose,1488151,Corn,140608,9.448503545675138
19007,Appanoose,1488151,Open Water,63844,4.290156039272897
19007,Appanoose,1488151,Developed/Open Space,44819,3.011723944680345
19007,Appanoose,1488151,Alfalfa,24274,1.6311516774843413
19007,Appanoose,1488151,Developed/Low Intensity,22119,1.4863411038261574
19007,Appanoose,1488151,Mixed Forest,18506,1.2435566014470305
19007,Appanoose,1488151,Other Hay/Non Alfalfa,18276,1.2281011805925608
19007,Appanoose,1488151,Woody Wetlands,17681,1.1881186788168674
19007,Appanoose,1488151,Herbaceous Wetlands,12439,0.8358694782989092
19007,Appanoose,1488151,Developed/Med Intensity,2162,0.14528095603201557
19007,Appanoose,1488151,Oats,1782,0.11974591288115251
19007,Appanoose,1488151,Barren,1591,0.10691119382374503
19007,Appanoose,1488151,Evergreen Forest,1562,0.10496246684644232
19007,Appanoose,1488151,Developed/High Intensity,554,0.03722740501467929
19007,Appanoose,1488151,Shrubland,356,0.02392230358344012
19007,Appanoose,1488151,Winter Wheat,249,0.016732173012012894
19007,Appanoose,1488151,Clover/Wildflowers,125,0.008399685246994424
19007,Appanoose,1488151,Fallow/Idle Cropland,39,0.0026207017970622604
19007,Appanoose,1488151,Millet,12,8.063697837114648e-4
19007,Appanoose,1488151,Sorghum,10,6.71974819759554e-4
19007,Appanoose,1488151,Dbl Crop WinWht/Corn,6,4.031848918557324e-4
19007,Appanoose,1488151,Rye,3,2.015924459278662e-4
19007,Appanoose,1488151,Sod/Grass Seed,1,6.719748197595539e-5
19177,Van Buren,1414229,Deciduous Forest,485368,34.32032577468006
19177,Van Buren,1414229,Grassland/Pasture,331970,23.47356757639675
19177,Van Buren,1414229,Corn,236618,16.731236596053396
19177,Van Buren,1414229,Soybeans,211270,14.938881892536498
19177,Van Buren,1414229,Developed/Open Space,37862,2.6772184702760304
19177,Van Buren,1414229,Open Water,26838,1.8977124638230443
19177,Van Buren,1414229,Alfalfa,21043,1.487948557129008
19177,Van Buren,1414229,Developed/Low Intensity,19387,1.3708529523860704
19177,Van Buren,1414229,Woody Wetlands,10706,0.7570202562668422
19177,Van Buren,1414229,Other Hay/Non Alfalfa,9401,0.6647438286161577
19177,Van Buren,1414229,Mixed Forest,8941,0.6322172717431195
19177,Van Buren,1414229,Evergreen Forest,4522,0.3197501960432151
19177,Van Buren,1414229,Herbaceous Wetlands,3356,0.2373024453606877
19177,Van Buren,1414229,Oats,2473,0.1748655981457034
19177,Van Buren,1414229,Barren,1446,0.10224652443133325
19177,Van Buren,1414229,Developed/Med Intensity,867,0.061305488715052515
19177,Van Buren,1414229,Shrubland,760,0.05373952874675883
19177,Van Buren,1414229,Winter Wheat,675,0.047729186715871334
19177,Van Buren,1414229,Developed/High Intensity,204,0.014424820874130002
19177,Van Buren,1414229,Sorghum,172,0.012162103874266474
19177,Van Buren,1414229,Rye,102,0.007212410437065001
19177,Van Buren,1414229,Clover/Wildflowers,92,0.0065053113746076485
19177,Van Buren,1414229,Millet,59,0.004171884468498383
19177,Van Buren,1414229,Fallow/Idle Cropland,42,0.002969816062320883
19177,Van Buren,1414229,Dbl Crop WinWht/Soybeans,25,0.0017677476561433825
19177,Van Buren,1414229,Dbl Crop WinWht/Corn,22,0.0015556179374061768
19177,Van Buren,1414229,Other Crops,3,2.1212971873720593e-4
19177,Van Buren,1414229,Switchgrass,3,2.1212971873720593e-4
19177,Van Buren,1414229,Potatoes,1,7.07099062457353e-5
19177,Van Buren,1414229,Sod/Grass Seed,1,7.07099062457353e-5
19103,Johnson,1796177,Corn,504818,28.10513663185755
19103,Johnson,1796177,Soybeans,425057,23.664538628431387
19103,Johnson,1796177,Grassland/Pasture,274232,15.267537664717898
19103,Johnson,1796177,Deciduous Forest,170098,9.4700021211718
19103,Johnson,1796177,Developed/Open Space,77319,4.304642582551719
19103,Johnson,1796177,Developed/Low Intensity,69612,3.8755646019295424
19103,Johnson,1796177,Woody Wetlands,53923,3.0020983455416697
19103,Johnson,1796177,Herbaceous Wetlands,44554,2.480490508452118
19103,Johnson,1796177,Open Water,40996,2.2824031261952467
19103,Johnson,1796177,Mixed Forest,37715,2.0997373866829383
19103,Johnson,1796177,Alfalfa,33987,1.8921854583373465
19103,Johnson,1796177,Developed/Med Intensity,29836,1.6610835123709966
19103,Johnson,1796177,Developed/High Intensity,10154,0.5653117704992325
19103,Johnson,1796177,Oats,9924,0.5525067963791988
19103,Johnson,1796177,Other Hay/Non Alfalfa,6340,0.35297189530875855
19103,Johnson,1796177,Barren,4201,0.23388563599244394
19103,Johnson,1796177,Fallow/Idle Cropland,1004,0.055896495723973746
19103,Johnson,1796177,Evergreen Forest,772,0.04298017400289615
19103,Johnson,1796177,Winter Wheat,756,0.04208939319454597
19103,Johnson,1796177,Sod/Grass Seed,324,0.01803831136909113
19103,Johnson,1796177,Rye,216,0.012025540912727421
19103,Johnson,1796177,Shrubland,155,0.008629439080892361
19103,Johnson,1796177,Switchgrass,50,0.0027836900260943104
19103,Johnson,1796177,Triticale,36,0.0020042568187879036
19103,Johnson,1796177,Millet,33,0.0018372354172222446
19103,Johnson,1796177,Other Crops,29,0.0016145402151346998
19103,Johnson,1796177,Clover/Wildflowers,24,0.0013361712125252688
19103,Johnson,1796177,Sorghum,5,2.7836900260943105e-4
19103,Johnson,1796177,Spring Wheat,4,2.2269520208754485e-4
19103,Johnson,1796177,Dbl Crop WinWht/Soybeans,2,1.1134760104377243e-4
19103,Johnson,1796177,Potatoes,1,5.5673800521886213e-5
19197,Wright,1678131,Corn,843652,50.27331000976682
19197,Wright,1678131,Soybeans,562872,33.54160074511465
19197,Wright,1678131,Grassland/Pasture,92776,5.52853144361197
19197,Wright,1678131,Developed/Open Space,57530,3.4282186551586262
19197,Wright,1678131,Herbaceous Wetlands,28540,1.70070155428867
19197,Wright,1678131,Woody Wetlands,26877,1.60160321214494
19197,Wright,1678131,Developed/Low Intensity,19115,1.139064828669514
19197,Wright,1678131,Deciduous Forest,14268,0.850231596937307
19197,Wright,1678131,Open Water,9917,0.5909550565480287
19197,Wright,1678131,Developed/Med Intensity,5971,0.3558125080819078
19197,Wright,1678131,Alfalfa,5202,0.3099877184796658
19197,Wright,1678131,Barren,2813,0.16762696118479428
19197,Wright,1678131,Sweet Corn,2402,0.1431354286405531
19197,Wright,1678131,Other Hay/Non Alfalfa,1869,0.11137390346760773
19197,Wright,1678131,Developed/High Intensity,1848,0.11012251129381435
19197,Wright,1678131,Oats,1186,0.07067386276756701
19197,Wright,1678131,Mixed Forest,965,0.0575044498909799
19197,Wright,1678131,Barley,108,0.006435731179508633
19197,Wright,1678131,Evergreen Forest,92,0.005482289523285131
19197,Wright,1678131,Rye,33,0.001966473415960971
19197,Wright,1678131,Shrubland,29,0.0017281130019050955
19197,Wright,1678131,Sod/Grass Seed,27,0.0016089327948771582
19197,Wright,1678131,Fallow/Idle Cropland,10,5.959010351396882e-4
19197,Wright,1678131,Sorghum,6,3.575406210838129e-4
19197,Wright,1678131,Clover/Wildflowers,6,3.575406210838129e-4
19197,Wright,1678131,Winter Wheat,5,2.979505175698441e-4
19197,Wright,1678131,Dbl Crop WinWht/Soybeans,5,2.979505175698441e-4
19197,Wright,1678131,Triticale,3,1.7877031054190645e-4
19197,Wright,1678131,Other Crops,2,1.1918020702793763e-4
19197,Wright,1678131,Pop or Orn Corn,1,5.959010351396882e-5
19197,Wright,1678131,Millet,1,5.959010351396882e-5
19137,Montgomery,1225124,Corn,440322,35.9410149503234
19137,Montgomery,1225124,Soybeans,410341,33.49383409352849
19137,Montgomery,1225124,Grassland/Pasture,206305,16.83951991798381
19137,Montgomery,1225124,Deciduous Forest,63239,5.161844841828255
19137,Montgomery,1225124,Developed/Open Space,34989,2.8559558052899137
19137,Montgomery,1225124,Developed/Low Intensity,23322,1.9036440392972465
19137,Montgomery,1225124,Alfalfa,9911,0.8089793359692571
19137,Montgomery,1225124,Woody Wetlands,8635,0.7048266134693304
19137,Montgomery,1225124,Open Water,8587,0.7009086427169822
19137,Montgomery,1225124,Other Hay/Non Alfalfa,6298,0.514070412464371
19137,Montgomery,1225124,Herbaceous Wetlands,3850,0.3142539040946059
19137,Montgomery,1225124,Developed/Med Intensity,2830,0.23099702560720384
19137,Montgomery,1225124,Oats,2075,0.1693706106483915
19137,Montgomery,1225124,Mixed Forest,1729,0.14112857147521393
19137,Montgomery,1225124,Barren,1099,0.08970520535064207
19137,Montgomery,1225124,Developed/High Intensity,914,0.07460469307596618
19137,Montgomery,1225124,Evergreen Forest,326,0.0266095513596991
19137,Montgomery,1225124,Winter Wheat,140,0.011427414694349308
19137,Montgomery,1225124,Shrubland,92,0.007509443942000973
19137,Montgomery,1225124,Rye,64,0.005223961003131112
19137,Montgomery,1225124,Barley,17,0.0013876146414567015
19137,Montgomery,1225124,Sorghum,10,8.162439067392362e-4
19137,Montgomery,1225124,Fallow/Idle Cropland,10,8.162439067392362e-4
19137,Montgomery,1225124,Clover/Wildflowers,8,6.52995125391389e-4
19137,Montgomery,1225124,Spring Wheat,4,3.264975626956945e-4
19137,Montgomery,1225124,Pop or Orn Corn,3,2.4487317202177085e-4
19137,Montgomery,1225124,Dry Beans,3,2.4487317202177085e-4
19137,Montgomery,1225124,Sweet Corn,1,8.162439067392362e-5
19175,Union,1227531,Grassland/Pasture,401360,32.696526605030755
19175,Union,1227531,Soybeans,255458,20.810716796561554
19175,Union,1227531,Corn,255054,20.777805204104823
19175,Union,1227531,Deciduous Forest,139837,11.39172859992945
19175,Union,1227531,Developed/Open Space,37878,3.0857061858315595
19175,Union,1227531,Other Hay/Non Alfalfa,28569,2.3273546655848203
19175,Union,1227531,Alfalfa,28012,2.2819790294501727
19175,Union,1227531,Developed/Low Intensity,20353,1.6580436665143286
19175,Union,1227531,Open Water,19231,1.56664067954292
19175,Union,1227531,Mixed Forest,18158,1.4792294451219563
19175,Union,1227531,Woody Wetlands,5673,0.46214718813618555
19175,Union,1227531,Oats,4952,0.40341140060821273
19175,Union,1227531,Evergreen Forest,3562,0.2901759711160044
19175,Union,1227531,Developed/Med Intensity,3023,0.24626669306111212
19175,Union,1227531,Herbaceous Wetlands,2193,0.1786512927168438
19175,Union,1227531,Barren,1274,0.10378556631156363
19175,Union,1227531,Fallow/Idle Cropland,1005,0.08187165945299955
19175,Union,1227531,Developed/High Intensity,873,0.07111836686812797
19175,Union,1227531,Rye,500,0.04073216888208933
19175,Union,1227531,Shrubland,261,0.021262192156450633
19175,Union,1227531,Clover/Wildflowers,120,0.00977572053170144
19175,Union,1227531,Sorghum,67,0.005458110630199971
19175,Union,1227531,Triticale,42,0.003421502186095504
19175,Union,1227531,Sod/Grass Seed,35,0.0028512518217462535
19175,Union,1227531,Winter Wheat,16,0.0013034294042268586
19175,Union,1227531,Peas,9,7.33179039877608e-4
19175,Union,1227531,Millet,6,4.88786026585072e-4
19175,Union,1227531,Barley,4,3.2585735105671466e-4
19175,Union,1227531,Sweet Corn,2,1.6292867552835733e-4
19175,Union,1227531,Dbl Crop WinWht/Corn,2,1.6292867552835733e-4
19175,Union,1227531,Spring Wheat,1,8.146433776417866e-5
19175,Union,1227531,Switchgrass,1,8.146433776417866e-5
19107,Keokuk,1671595,Corn,543215,32.49680694187288
19107,Keokuk,1671595,Soybeans,451786,27.02724044998938
19107,Keokuk,1671595,Grassland/Pasture,322713,19.305693065605006
19107,Keokuk,1671595,Deciduous Forest,160582,9.606513539463805
19107,Keokuk,1671595,Woody Wetlands,46998,2.8115661987502953
19107,Keokuk,1671595,Developed/Open Space,38897,2.326939240665353
19107,Keokuk,1671595,Developed/Low Intensity,35035,2.095902416554249
19107,Keokuk,1671595,Alfalfa,19627,1.1741480442332024
19107,Keokuk,1671595,Herbaceous Wetlands,18309,1.095301194368253
19107,Keokuk,1671595,Mixed Forest,9406,0.5626961076097978
19107,Keokuk,1671595,Open Water,7503,0.44885274244060314
19107,Keokuk,1671595,Other Hay/Non Alfalfa,5213,0.31185783637783077
19107,Keokuk,1671595,Developed/Med Intensity,4165,0.24916322434561006
19107,Keokuk,1671595,Oats,2843,0.17007708206832395
19107,Keokuk,1671595,Barren,2772,0.16582964174934717
19107,Keokuk,1671595,Winter Wheat,1026,0.06137850376436876
19107,Keokuk,1671595,Developed/High Intensity,688,0.041158294921915896
19107,Keokuk,1671595,Shrubland,284,0.016989761275907143
19107,Keokuk,1671595,Evergreen Forest,228,0.013639667503193058
19107,Keokuk,1671595,Sorghum,93,0.005563548586828748
19107,Keokuk,1671595,Fallow/Idle Cropland,75,0.004486732731313506
19107,Keokuk,1671595,Rye,45,0.0026920396387881034
19107,Keokuk,1671595,Clover/Wildflowers,41,0.002452747226451383
19107,Keokuk,1671595,Millet,27,0.0016152237832728622
19107,Keokuk,1671595,Dbl Crop WinWht/Corn,15,8.973465462627012e-4
19107,Keokuk,1671595,Other Crops,4,2.3929241233672032e-4
19107,Keokuk,1671595,Sod/Grass Seed,2,1.1964620616836016e-4
19107,Keokuk,1671595,Dbl Crop WinWht/Soybeans,1,5.982310308418008e-5
19107,Keokuk,1671595,Peas,1,5.982310308418008e-5
19107,Keokuk,1671595,Switchgrass,1,5.982310308418008e-5
19169,Story,1653472,Corn,767514,46.418324592130986
19169,Story,1653472,Soybeans,486988,29.45244914942618
19169,Story,1653472,Grassland/Pasture,119065,7.200908149639062
19169,Story,1653472,Developed/Open Space,85741,5.185512666679569
19169,Story,1653472,Deciduous Forest,59994,3.6283650403514542
19169,Story,1653472,Developed/Low Intensity,41666,2.5199096204834435
19169,Story,1653472,Developed/Med Intensity,19772,1.1957868049776472
19169,Story,1653472,Woody Wetlands,17071,1.0324335700876701
19169,Story,1653472,Alfalfa,13174,0.7967476921290472
19169,Story,1653472,Mixed Forest,10902,0.659339861818041
19169,Story,1653472,Herbaceous Wetlands,9006,0.5446720597627296
19169,Story,1653472,Open Water,6372,0.38537090437576205
19169,Story,1653472,Developed/High Intensity,5908,0.357308741847458
19169,Story,1653472,Other Hay/Non Alfalfa,3980,0.2407056182384703
19169,Story,1653472,Oats,2658,0.16075264655222465
19169,Story,1653472,Barren,2382,0.1440604981517679
19169,Story,1653472,Evergreen Forest,461,0.027880726132646944
19169,Story,1653472,Rye,272,0.01645023320624722
19169,Story,1653472,Sweet Corn,218,0.013184378084418727
19169,Story,1653472,Shrubland,102,0.006168837452342707
19169,Story,1653472,Triticale,68,0.004112558301561805
19169,Story,1653472,Canola,28,0.0016934063594666253
19169,Story,1653472,Spring Wheat,24,0.0014514911652571075
19169,Story,1653472,Peas,23,0.0013910123667047278
19169,Story,1653472,Sod/Grass Seed,23,0.0013910123667047278
19169,Story,1653472,Fallow/Idle Cropland,19,0.0011490971724952101
19169,Story,1653472,Dbl Crop WinWht/Sorghum,13,7.862243811809333e-4
19169,Story,1653472,Sorghum,11,6.652667840761743e-4
19169,Story,1653472,Winter Wheat,11,6.652667840761743e-4
19169,Story,1653472,Other Crops,3,1.8143639565713844e-4
19169,Story,1653472,Clover/Wildflowers,3,1.8143639565713844e-4
19131,Mitchell,1354057,Corn,707588,52.25688431136947
19131,Mitchell,1354057,Soybeans,371949,27.469227661760176
19131,Mitchell,1354057,Grassland/Pasture,87368,6.452313307342306
19131,Mitchell,1354057,Deciduous Forest,56568,4.177667557569585
19131,Mitchell,1354057,Developed/Open Space,40604,2.9986920786938804
19131,Mitchell,1354057,Developed/Low Intensity,24738,1.8269541090219985
19131,Mitchell,1354057,Woody Wetlands,15574,1.1501731463298812
19131,Mitchell,1354057,Alfalfa,15094,1.1147241216580985
19131,Mitchell,1354057,Herbaceous Wetlands,14107,1.0418320646767456
19131,Mitchell,1354057,Open Water,4753,0.3510191963853811
19131,Mitchell,1354057,Oats,4476,0.33056215506437325
19131,Mitchell,1354057,Developed/Med Intensity,3984,0.294226904775796
19131,Mitchell,1354057,Barren,2584,0.19083391614976328
19131,Mitchell,1354057,Mixed Forest,1627,0.1201574232103966
19131,Mitchell,1354057,Other Hay/Non Alfalfa,1244,0.09187205560770337
19131,Mitchell,1354057,Developed/High Intensity,940,0.0694210066489077
19131,Mitchell,1354057,Rye,372,0.027472994120631554
19131,Mitchell,1354057,Evergreen Forest,319,0.023558830979788888
19131,Mitchell,1354057,Shrubland,53,0.003914163140842668
19131,Mitchell,1354057,Other Crops,36,0.002658676850383699
19131,Mitchell,1354057,Barley,34,0.0025109725809179377
19131,Mitchell,1354057,Sod/Grass Seed,13,9.600777515274467e-4
19131,Mitchell,1354057,Sorghum,12,8.862256167945662e-4
19131,Mitchell,1354057,Millet,7,5.169649431301637e-4
19131,Mitchell,1354057,Peas,5,3.6926067366440263e-4
19131,Mitchell,1354057,Sweet Corn,3,2.2155640419864155e-4
19131,Mitchell,1354057,Winter Wheat,2,1.4770426946576103e-4
19131,Mitchell,1354057,Fallow/Idle Cropland,2,1.4770426946576103e-4
19131,Mitchell,1354057,Triticale,1,7.385213473288052e-5
19075,Grundy,1447051,Corn,759935,52.516117261934795
19075,Grundy,1447051,Soybeans,520782,35.98919457572677
19075,Grundy,1447051,Grassland/Pasture,62818,4.341104771013599
19075,Grundy,1447051,Developed/Open Space,50583,3.4955920696644416
19075,Grundy,1447051,Developed/Low Intensity,17964,1.2414213458958945
19075,Grundy,1447051,Deciduous Forest,6906,0.47724648267407305
19075,Grundy,1447051,Woody Wetlands,6380,0.44089669265285053
19075,Grundy,1447051,Alfalfa,5709,0.3945265232531542
19075,Grundy,1447051,Herbaceous Wetlands,4668,0.32258710992217965
19075,Grundy,1447051,Developed/Med Intensity,4512,0.3118065638322354
19075,Grundy,1447051,Mixed Forest,2101,0.1451918418908525
19075,Grundy,1447051,Oats,1150,0.0794719743809997
19075,Grundy,1447051,Open Water,1030,0.07117924661950409
19075,Grundy,1447051,Barren,1007,0.06958980713188408
19075,Grundy,1447051,Developed/High Intensity,733,0.050654745409802415
19075,Grundy,1447051,Other Hay/Non Alfalfa,666,0.046024639076300694
19075,Grundy,1447051,Evergreen Forest,82,0.005666697303688674
19075,Grundy,1447051,Shrubland,17,0.0011748030995452129
19075,Grundy,1447051,Sorghum,3,2.0731819403739055e-4
19075,Grundy,1447051,Rye,2,1.3821212935826035e-4
19075,Grundy,1447051,Sweet Corn,1,6.910606467913017e-5
19075,Grundy,1447051,Millet,1,6.910606467913017e-5
19075,Grundy,1447051,Fallow/Idle Cropland,1,6.910606467913017e-5
19191,Winneshiek,1988953,Corn,733518,36.87960449543051
19191,Winneshiek,1988953,Grassland/Pasture,423027,21.268828373521146
19191,Winneshiek,1988953,Deciduous Forest,326593,16.42034779102372
19191,Winneshiek,1988953,Soybeans,282189,14.18781640390698
19191,Winneshiek,1988953,Alfalfa,73371,3.6889257815544156
19191,Winneshiek,1988953,Developed/Low Intensity,46695,2.347717618264484
19191,Winneshiek,1988953,Developed/Open Space,42741,2.1489195571740507
19191,Winneshiek,1988953,Oats,17451,0.8773962984545134
19191,Winneshiek,1988953,Mixed Forest,11079,0.5570267371828294
19191,Winneshiek,1988953,Developed/Med Intensity,6878,0.34581008198785995
19191,Winneshiek,1988953,Other Hay/Non Alfalfa,5460,0.2745162907318574
19191,Winneshiek,1988953,Herbaceous Wetlands,5099,0.2563660378098427
19191,Winneshiek,1988953,Open Water,4731,0.23786384092535118
19191,Winneshiek,1988953,Woody Wetlands,2719,0.13670509056775096
19191,Winneshiek,1988953,Barren,2679,0.13469398221074103
19191,Winneshiek,1988953,Evergreen Forest,1935,0.09728736677035606
19191,Winneshiek,1988953,Developed/High Intensity,1128,0.05671325566768043
19191,Winneshiek,1988953,Rye,933,0.04690910242725695
19191,Winneshiek,1988953,Shrubland,192,0.009653320113647734
19191,Winneshiek,1988953,Peas,156,0.007843322592338784
19191,Winneshiek,1988953,Triticale,109,0.005480270272852098
19191,Winneshiek,1988953,Millet,106,0.005329437146076353
19191,Winneshiek,1988953,Dry Beans,89,0.004474716094347126
19191,Winneshiek,1988953,Switchgrass,26,0.001307220432056464
19191,Winneshiek,1988953,Clover/Wildflowers,25,0.0012569427231312153
19191,Winneshiek,1988953,Sorghum,12,6.033325071029833e-4
19191,Winneshiek,1988953,Fallow/Idle Cropland,6,3.016662535514917e-4
19191,Winneshiek,1988953,Winter Wheat,2,1.0055541785049722e-4
19191,Winneshiek,1988953,Dbl Crop WinWht/Soybeans,2,1.0055541785049722e-4
19191,Winneshiek,1988953,Barley,1,5.027770892524861e-5
19191,Winneshiek,1988953,Dbl Crop Oats/Corn,1,5.027770892524861e-5
19153,Polk,1705285,Corn,381513,22.372389366000405
19153,Polk,1705285,Soybeans,303960,17.8245865060679
19153,Polk,1705285,Developed/Low Intensity,201188,11.797910613181962
19153,Polk,1705285,Grassland/Pasture,190880,11.193436874188185
19153,Polk,1705285,Developed/Open Space,175991,10.320327687160798
19153,Polk,1705285,Deciduous Forest,103834,6.088952872980177
19153,Polk,1705285,Developed/Med Intensity,98658,5.785425896551017
19153,Polk,1705285,Open Water,61659,3.6157592425899483
19153,Polk,1705285,Woody Wetlands,53038,3.110213248811782
19153,Polk,1705285,Developed/High Intensity,35439,2.078186344218122
19153,Polk,1705285,Mixed Forest,34451,2.020248814714256
19153,Polk,1705285,Herbaceous Wetlands,28708,1.6834722641669866
19153,Polk,1705285,Alfalfa,16389,0.9610710233186828
19153,Polk,1705285,Other Hay/Non Alfalfa,7269,0.42626305866761277
19153,Polk,1705285,Barren,7041,0.412892859551336
19153,Polk,1705285,Oats,1884,0.11048006638186578
19153,Polk,1705285,Evergreen Forest,837,0.04908270465054229
19153,Polk,1705285,Sweet Corn,638,0.03741310103589723
19153,Polk,1705285,Sod/Grass Seed,557,0.03266316187616733
19153,Polk,1705285,Shrubland,364,0.021345405606687445
19153,Polk,1705285,Spring Wheat,255,0.014953512169520051
19153,Polk,1705285,Rye,229,0.013428840340470947
19153,Polk,1705285,Canola,164,0.009617160767848191
19153,Polk,1705285,Dbl Crop WinWht/Sorghum,70,0.00410488569359374
19153,Polk,1705285,Fallow/Idle Cropland,64,0.0037530383484285614
19153,Polk,1705285,Triticale,51,0.00299070243390401
19153,Polk,1705285,Sorghum,45,0.0026388550887388325
19153,Polk,1705285,Peas,44,0.002580213864544636
19153,Polk,1705285,Clover/Wildflowers,28,0.0016419542774374959
19153,Polk,1705285,Millet,23,0.0013487481564665143
19153,Polk,1705285,Winter Wheat,10,5.864122419419628e-4
19153,Polk,1705285,Other Crops,3,1.7592367258258883e-4
19153,Polk,1705285,Barley,1,5.864122419419627e-5
19161,Sac,1667070,Corn,760587,45.624178948694414
19161,Sac,1667070,Soybeans,626728,37.59458211112911
19161,Sac,1667070,Grassland/Pasture,101673,6.098904065216218
19161,Sac,1667070,Developed/Open Space,63961,3.836731510974344
19161,Sac,1667070,Herbaceous Wetlands,27020,1.620807764520986
19161,Sac,1667070,Developed/Low Intensity,17184,1.0307905486872178
19161,Sac,1667070,Deciduous Forest,15181,0.9106396252106991
19161,Sac,1667070,Alfalfa,12640,0.7582165116041918
19161,Sac,1667070,Open Water,9349,0.5608042853629422
19161,Sac,1667070,Woody Wetlands,6621,0.39716388633950583
19161,Sac,1667070,Developed/Med Intensity,5518,0.330999898024678
19161,Sac,1667070,Pop or Orn Corn,4311,0.2585974194244993
19161,Sac,1667070,Oats,4005,0.2402418614695244
19161,Sac,1667070,Other Hay/Non Alfalfa,3848,0.23082414055798495
19161,Sac,1667070,Barren,3778,0.2266251567120757
19161,Sac,1667070,Mixed Forest,2260,0.13556719273935708
19161,Sac,1667070,Developed/High Intensity,1303,0.07816108501742577
19161,Sac,1667070,Rye,598,0.03587131914076794
19161,Sac,1667070,Barley,131,0.007858098340201672
19161,Sac,1667070,Evergreen Forest,106,0.006358461252376925
19161,Sac,1667070,Fallow/Idle Cropland,62,0.003719099977805371
19161,Sac,1667070,Winter Wheat,44,0.0026393612745715537
19161,Sac,1667070,Dry Beans,42,0.002519390307545574
19161,Sac,1667070,Peas,37,0.0022194628899806245
19161,Sac,1667070,Shrubland,37,0.0022194628899806245
19161,Sac,1667070,Spring Wheat,16,9.597677362078377e-4
19161,Sac,1667070,Canola,15,8.997822526948479e-4
19161,Sac,1667070,Other Crops,11,6.598403186428884e-4
19161,Sac,1667070,Clover/Wildflowers,2,1.1997096702597971e-4
19161,Sac,1667070,Sod/Grass Seed,2,1.1997096702597971e-4
19127,Marshall,1652200,Corn,715866,43.32804745188234
19127,Marshall,1652200,Soybeans,530185,32.089638058346445
19127,Marshall,1652200,Grassland/Pasture,156726,9.485897591090668
19127,Marshall,1652200,Developed/Open Space,69316,4.195375862486382
19127,Marshall,1652200,Deciduous Forest,50507,3.0569543638784653
19127,Marshall,1652200,Woody Wetlands,29798,1.8035346810313522
19127,Marshall,1652200,Developed/Low Intensity,29363,1.7772061493765887
19127,Marshall,1652200,Alfalfa,19455,1.1775208812492435
19127,Marshall,1652200,Mixed Forest,13653,0.8263527417988137
19127,Marshall,1652200,Herbaceous Wetlands,11236,0.6800629463745309
19127,Marshall,1652200,Open Water,8312,0.5030867933664206
19127,Marshall,1652200,Developed/Med Intensity,7860,0.47572933058951705
19127,Marshall,1652200,Developed/High Intensity,2991,0.18103135213654523
19127,Marshall,1652200,Oats,2982,0.18048662389541217
19127,Marshall,1652200,Other Hay/Non Alfalfa,1773,0.10731146350320783
19127,Marshall,1652200,Barren,1564,0.09466166323689626
19127,Marshall,1652200,Fallow/Idle Cropland,237,0.014344510349836583
19127,Marshall,1652200,Evergreen Forest,191,0.011560343784045515
19127,Marshall,1652200,Rye,117,0.007081467134729452
19127,Marshall,1652200,Shrubland,49,0.0029657426461687448
19127,Marshall,1652200,Sorghum,8,4.84202881007142e-4
19127,Marshall,1652200,Sod/Grass Seed,4,2.42101440503571e-4
19127,Marshall,1652200,Clover/Wildflowers,3,1.8157608037767825e-4
19127,Marshall,1652200,Winter Wheat,2,1.210507202517855e-4
19127,Marshall,1652200,Millet,2,1.210507202517855e-4
19055,Delaware,1668693,Corn,883001,52.91572506147026
19055,Delaware,1668693,Soybeans,257897,15.455029774799797
19055,Delaware,1668693,Grassland/Pasture,188312,11.28499969736794
19055,Delaware,1668693,Deciduous Forest,152727,9.152492399740396
19055,Delaware,1668693,Developed/Open Space,56294,3.373538451950119
19055,Delaware,1668693,Alfalfa,44215,2.649678520854345
19055,Delaware,1668693,Developed/Low Intensity,23400,1.402295089630028
19055,Delaware,1668693,Mixed Forest,16011,0.9594934478660845
19055,Delaware,1668693,Oats,15038,0.9011843400793316
19055,Delaware,1668693,Woody Wetlands,6146,0.368312206019921
19055,Delaware,1668693,Developed/Med Intensity,5863,0.3513528252350792
19055,Delaware,1668693,Open Water,5755,0.34488069405217137
19055,Delaware,1668693,Herbaceous Wetlands,3876,0.23227759689769178
19055,Delaware,1668693,Barren,3835,0.2298205841338101
19055,Delaware,1668693,Other Hay/Non Alfalfa,2576,0.154372314140468
19055,Delaware,1668693,Evergreen Forest,1332,0.07982295125586313
19055,Delaware,1668693,Developed/High Intensity,1293,0.07748579277314642
19055,Delaware,1668693,Rye,686,0.041110018439581154
19055,Delaware,1668693,Shrubland,247,0.014802003723872517
19055,Delaware,1668693,Fallow/Idle Cropland,66,0.003955191278443668
19055,Delaware,1668693,Switchgrass,34,0.002037522779804314
19055,Delaware,1668693,Winter Wheat,27,0.0016180327957269552
19055,Delaware,1668693,Triticale,26,0.0015581056551444753
19055,Delaware,1668693,Millet,10,5.992714058247982e-4
19055,Delaware,1668693,Sorghum,8,4.7941712465983854e-4
19055,Delaware,1668693,Barley,8,4.7941712465983854e-4
19055,Delaware,1668693,Dbl Crop Soybeans/Oats,3,1.7978142174743944e-4
19055,Delaware,1668693,Potatoes,2,1.1985428116495964e-4
19055,Delaware,1668693,Clover/Wildflowers,2,1.1985428116495964e-4
19055,Delaware,1668693,Sod/Grass Seed,2,1.1985428116495964e-4
19055,Delaware,1668693,Other Crops,1,5.992714058247982e-5
19051,Davis,1455348,Grassland/Pasture,516182,35.467943062415316
19051,Davis,1455348,Deciduous Forest,368660,25.331398400932287
19051,Davis,1455348,Soybeans,222225,15.269543779219816
19051,Davis,1455348,Corn,191653,13.168877821661898
19051,Davis,1455348,Developed/Open Space,43596,2.995572193042489
19051,Davis,1455348,Alfalfa,31426,2.1593460807999185
19051,Davis,1455348,Developed/Low Intensity,14107,0.9693214269027065
19051,Davis,1455348,Mixed Forest,13928,0.9570219631318421
19051,Davis,1455348,Other Hay/Non Alfalfa,13849,0.9515937081715165
19051,Davis,1455348,Woody Wetlands,13334,0.9162069827972417
19051,Davis,1455348,Open Water,9957,0.6841662612653469
19051,Davis,1455348,Winter Wheat,4866,0.3343530207208173
19051,Davis,1455348,Herbaceous Wetlands,2484,0.17068082685378344
19051,Davis,1455348,Evergreen Forest,2324,0.15968689275692138
19051,Davis,1455348,Oats,2116,0.1453947784310007
19051,Davis,1455348,Barren,1324,0.09097480465153351
19051,Davis,1455348,Developed/Med Intensity,1109,0.07620170570887513
19051,Davis,1455348,Shrubland,612,0.04205179792049736
19051,Davis,1455348,Rye,385,0.026454153920574323
19051,Davis,1455348,Sorghum,314,0.021575595665091787
19051,Davis,1455348,Developed/High Intensity,298,0.02047620225540558
19051,Davis,1455348,Clover/Wildflowers,268,0.018414839612243945
19051,Davis,1455348,Fallow/Idle Cropland,105,0.007214769251065724
19051,Davis,1455348,Dbl Crop WinWht/Corn,81,0.005565679136536416
19051,Davis,1455348,Millet,52,0.003573028581480168
19051,Davis,1455348,Other Crops,31,0.0021300747312670235
19051,Davis,1455348,Dbl Crop WinWht/Soybeans,28,0.0019239384669508597
19051,Davis,1455348,Triticale,23,0.0015803780264239207
19051,Davis,1455348,Sod/Grass Seed,11,7.558329691592663e-4
19067,Floyd,1445241,Corn,677518,46.87924020976432
19067,Floyd,1445241,Soybeans,425374,29.43273820767609
19067,Floyd,1445241,Grassland/Pasture,126717,8.767880235891454
19067,Floyd,1445241,Deciduous Forest,66005,4.567058366044141
19067,Floyd,1445241,Developed/Open Space,45750,3.1655620066134302
19067,Floyd,1445241,Developed/Low Intensity,29854,2.0656762436161165
19067,Floyd,1445241,Woody Wetlands,18740,1.296669551998594
19067,Floyd,1445241,Alfalfa,15000,1.0378891824962064
19067,Floyd,1445241,Herbaceous Wetlands,13528,0.9360376573872455
19067,Floyd,1445241,Open Water,8963,0.6201733828475666
19067,Floyd,1445241,Developed/Med Intensity,6969,0.48220331418773754
19067,Floyd,1445241,Oats,3053,0.21124504494406124
19067,Floyd,1445241,Barren,2590,0.17920886551101167
19067,Floyd,1445241,Mixed Forest,1911,0.13222708185001672
19067,Floyd,1445241,Developed/High Intensity,1532,0.10600308183894588
19067,Floyd,1445241,Other Hay/Non Alfalfa,1021,0.07064565702190846
19067,Floyd,1445241,Evergreen Forest,428,0.029614438007225095
19067,Floyd,1445241,Rye,120,0.008303113459969653
19067,Floyd,1445241,Barley,90,0.006227335094977239
19067,Floyd,1445241,Shrubland,45,0.0031136675474886196
19067,Floyd,1445241,Sorghum,11,7.611187338305514e-4
19067,Floyd,1445241,Millet,9,6.22733509497724e-4
19067,Floyd,1445241,Peas,5,3.4596306083206884e-4
19067,Floyd,1445241,Sod/Grass Seed,3,2.075778364992413e-4
19067,Floyd,1445241,Fallow/Idle Cropland,2,1.3838522433282753e-4
19067,Floyd,1445241,Sweet Corn,1,6.919261216641376e-5
19067,Floyd,1445241,Winter Wheat,1,6.919261216641376e-5
19067,Floyd,1445241,Canola,1,6.919261216641376e-5
19009,Audubon,1278458,Corn,538247,42.10126574357546
19009,Audubon,1278458,Soybeans,438744,34.318217727919105
19009,Audubon,1278458,Grassland/Pasture,177526,13.885946976748551
19009,Audubon,1278458,Developed/Open Space,41172,3.2204421263741163
19009,Audubon,1278458,Deciduous Forest,25637,2.0053063925447687
19009,Audubon,1278458,Alfalfa,17003,1.3299615630705115
19009,Audubon,1278458,Developed/Low Intensity,12482,0.9763324254688069
19009,Audubon,1278458,Other Hay/Non Alfalfa,7750,0.6061990303944282
19009,Audubon,1278458,Oats,5641,0.44123467489741547
19009,Audubon,1278458,Open Water,3972,0.3106867804808605
19009,Audubon,1278458,Herbaceous Wetlands,2607,0.20391753190171286
19009,Audubon,1278458,Developed/Med Intensity,1794,0.14032529813259412
19009,Audubon,1278458,Barren,1467,0.11474761001143566
19009,Audubon,1278458,Woody Wetlands,1281,0.10019883328196938
19009,Audubon,1278458,Mixed Forest,1185,0.0926897872280513
19009,Audubon,1278458,Developed/High Intensity,502,0.03926605332361329
19009,Audubon,1278458,Rye,499,0.03903139563442835
19009,Audubon,1278458,Pop or Orn Corn,312,0.024404399675233758
19009,Audubon,1278458,Barley,234,0.01830329975642532
19009,Audubon,1278458,Shrubland,188,0.014705215188922906
19009,Audubon,1278458,Evergreen Forest,139,0.010872472932235554
19009,Audubon,1278458,Fallow/Idle Cropland,30,0.0023465768918494
19009,Audubon,1278458,Clover/Wildflowers,24,0.0018772615134795198
19009,Audubon,1278458,Winter Wheat,9,7.0397306755482e-4
19009,Audubon,1278458,Sod/Grass Seed,6,4.6931537836987996e-4
19009,Audubon,1278458,Spring Wheat,3,2.3465768918493998e-4
19009,Audubon,1278458,Canola,2,1.5643845945662664e-4
19009,Audubon,1278458,Sorghum,1,7.821922972831332e-5
19009,Audubon,1278458,Sweet Corn,1,7.821922972831332e-5
19105,Jones,1663389,Corn,696372,41.864651022701246
19105,Jones,1663389,Soybeans,314387,18.900389506002504
19105,Jones,1663389,Grassland/Pasture,225344,13.54728208494826
19105,Jones,1663389,Deciduous Forest,213410,12.829831145931589
19105,Jones,1663389,Developed/Open Space,56452,3.393794235744014
19105,Jones,1663389,Mixed Forest,38284,2.301566260207324
19105,Jones,1663389,Alfalfa,32823,1.9732606143241298
19105,Jones,1663389,Developed/Low Intensity,21417,1.287552099959781
19105,Jones,1663389,Woody Wetlands,19367,1.1643097315180033
19105,Jones,1663389,Open Water,11824,0.71083793388077
19105,Jones,1663389,Oats,8648,0.519902440138777
19105,Jones,1663389,Herbaceous Wetlands,7058,0.4243144568107641
19105,Jones,1663389,Developed/Med Intensity,5775,0.34718276963476374
19105,Jones,1663389,Other Hay/Non Alfalfa,5573,0.33503888747611055
19105,Jones,1663389,Barren,2857,0.17175777884788224
19105,Jones,1663389,Evergreen Forest,1136,0.06829430758529724
19105,Jones,1663389,Developed/High Intensity,990,0.05951704622310235
19105,Jones,1663389,Winter Wheat,931,0.05597007074111948
19105,Jones,1663389,Rye,296,0.01779499563842252
19105,Jones,1663389,Shrubland,154,0.009258207190260366
19105,Jones,1663389,Fallow/Idle Cropland,136,0.008176079077113051
19105,Jones,1663389,Sorghum,86,0.005170167651703841
19105,Jones,1663389,Barley,19,0.0011422463416554999
19105,Jones,1663389,Millet,14,8.416551991145787e-4
19105,Jones,1663389,Triticale,9,5.410640565736577e-4
19105,Jones,1663389,Potatoes,6,3.6070937104910514e-4
19105,Jones,1663389,Clover/Wildflowers,6,3.6070937104910514e-4
19105,Jones,1663389,Sod/Grass Seed,6,3.6070937104910514e-4
19105,Jones,1663389,Dbl Crop WinWht/Soybeans,5,3.0059114254092097e-4
19105,Jones,1663389,Spring Wheat,1,6.01182285081842e-5
19105,Jones,1663389,Dry Beans,1,6.01182285081842e-5
19105,Jones,1663389,Other Crops,1,6.01182285081842e-5
19105,Jones,1663389,Switchgrass,1,6.01182285081842e-5
19083,Hardin,1643022,Corn,865934,52.70373738148363
19083,Hardin,1643022,Soybeans,423421,25.77086612352117
19083,Hardin,1643022,Grassland/Pasture,120410,7.328568941864442
19083,Hardin,1643022,Deciduous Forest,70344,4.281379068569989
19083,Hardin,1643022,Developed/Open Space,64869,3.9481516376530563
19083,Hardin,1643022,Developed/Low Intensity,23431,1.426091677409067
19083,Hardin,1643022,Woody Wetlands,14228,0.8659652761801121
19083,Hardin,1643022,Herbaceous Wetlands,11774,0.7166063509800843
19083,Hardin,1643022,Alfalfa,11666,0.7100330975482982
19083,Hardin,1643022,Mixed Forest,9871,0.6007831909737057
19083,Hardin,1643022,Open Water,7499,0.4564150693052193
19083,Hardin,1643022,Developed/Med Intensity,6260,0.3810052452127847
19083,Hardin,1643022,Barren,3582,0.21801290548757105
19083,Hardin,1643022,Sweet Corn,3130,0.19050262260639236
19083,Hardin,1643022,Other Hay/Non Alfalfa,2269,0.13809918552520903
19083,Hardin,1643022,Oats,1746,0.10626759714720801
19083,Hardin,1643022,Developed/High Intensity,1565,0.09525131130319618
19083,Hardin,1643022,Evergreen Forest,577,0.035118215093894053
19083,Hardin,1643022,Peas,267,0.016250543206359987
19083,Hardin,1643022,Shrubland,68,0.0041387151237171505
19083,Hardin,1643022,Sod/Grass Seed,39,0.0023736748503671895
19083,Hardin,1643022,Rye,25,0.00152158644254307
19083,Hardin,1643022,Clover/Wildflowers,14,8.520884078241192e-4
19083,Hardin,1643022,Triticale,13,7.912249501223965e-4
19083,Hardin,1643022,Fallow/Idle Cropland,6,3.651807462103368e-4
19083,Hardin,1643022,Dbl Crop WinWht/Soybeans,5,3.04317288508614e-4
19083,Hardin,1643022,Sorghum,3,1.825903731051684e-4
19083,Hardin,1643022,Switchgrass,3,1.825903731051684e-4
19083,Hardin,1643022,Barley,1,6.08634577017228e-5
19083,Hardin,1643022,Winter Wheat,1,6.08634577017228e-5
19083,Hardin,1643022,Millet,1,6.08634577017228e-5
19015,Boone,1653384,Corn,737690,44.616979479661104
19015,Boone,1653384,Soybeans,466419,28.209962114064247
19015,Boone,1653384,Deciduous Forest,160157,9.686618474595134
19015,Boone,1653384,Grassland/Pasture,120543,7.290683833882509
19015,Boone,1653384,Developed/Open Space,69562,4.207250100400149
19015,Boone,1653384,Developed/Low Intensity,21541,1.3028431386780082
19015,Boone,1653384,Herbaceous Wetlands,15459,0.9349915083247449
19015,Boone,1653384,Woody Wetlands,13401,0.8105195163374025
19015,Boone,1653384,Open Water,11447,0.6923376541686626
19015,Boone,1653384,Alfalfa,9876,0.5973204046972754
19015,Boone,1653384,Mixed Forest,9468,0.5726437415627585
19015,Boone,1653384,Developed/Med Intensity,5951,0.3599284860625239
19015,Boone,1653384,Other Hay/Non Alfalfa,3545,0.21440875198985837
19015,Boone,1653384,Oats,2510,0.15180986389126785
19015,Boone,1653384,Barren,1915,0.11582306348676412
19015,Boone,1653384,Developed/High Intensity,1756,0.10620642270640092
19015,Boone,1653384,Peas,788,0.04765982977940999
19015,Boone,1653384,Spring Wheat,394,0.023829914889704994
19015,Boone,1653384,Evergreen Forest,371,0.022438828487514093
19015,Boone,1653384,Rye,199,0.012035921479825618
19015,Boone,1653384,Sweet Corn,169,0.010221460955228792
19015,Boone,1653384,Sod/Grass Seed,91,0.0055038635912770415
19015,Boone,1653384,Shrubland,62,0.0037498850841667757
19015,Boone,1653384,Clover/Wildflowers,25,0.0015120504371640222
19015,Boone,1653384,Winter Wheat,17,0.0010281942972715351
19015,Boone,1653384,Canola,11,6.653021923521698e-4
19015,Boone,1653384,Triticale,8,4.8385613989248714e-4
19015,Boone,1653384,Sorghum,4,2.4192806994624357e-4
19015,Boone,1653384,Fallow/Idle Cropland,4,2.4192806994624357e-4
19015,Boone,1653384,Barley,1,6.048201748656089e-5
19099,Jasper,2112320,Corn,846454,40.072242841993635
19099,Jasper,2112320,Soybeans,615470,29.13715724890168
19099,Jasper,2112320,Grassland/Pasture,294580,13.945803666111194
19099,Jasper,2112320,Deciduous Forest,99935,4.731054006968641
19099,Jasper,2112320,Developed/Open Space,82339,3.8980362823814576
19099,Jasper,2112320,Mixed Forest,34668,1.641228601727011
19099,Jasper,2112320,Developed/Low Intensity,32533,1.54015490077261
19099,Jasper,2112320,Woody Wetlands,31944,1.5122708680502954
19099,Jasper,2112320,Alfalfa,30469,1.4424424329647023
19099,Jasper,2112320,Open Water,11805,0.5588641872443569
19099,Jasper,2112320,Herbaceous Wetlands,10314,0.48827829116800486
19099,Jasper,2112320,Developed/Med Intensity,7955,0.37660013634297834
19099,Jasper,2112320,Oats,4876,0.2308362369337979
19099,Jasper,2112320,Other Hay/Non Alfalfa,3555,0.16829836388425995
19099,Jasper,2112320,Developed/High Intensity,2485,0.11764316012725345
19099,Jasper,2112320,Barren,1456,0.0689289501590668
19099,Jasper,2112320,Evergreen Forest,1146,0.05425314346311166
19099,Jasper,2112320,Shrubland,141,0.006675124981063475
19099,Jasper,2112320,Rye,47,0.0022250416603544917
19099,Jasper,2112320,Sorghum,41,0.0019409937888198758
19099,Jasper,2112320,Millet,31,0.001467580669595516
19099,Jasper,2112320,Switchgrass,27,0.0012782154219057717
19099,Jasper,2112320,Sod/Grass Seed,23,0.0010888501742160278
19099,Jasper,2112320,Clover/Wildflowers,8,3.7873049537948795e-4
19099,Jasper,2112320,Fallow/Idle Cropland,8,3.7873049537948795e-4
19099,Jasper,2112320,Spring Wheat,6,2.8404787153461596e-4
19099,Jasper,2112320,Winter Wheat,2,9.468262384487199e-5
19099,Jasper,2112320,Sweet Corn,1,4.734131192243599e-5
19099,Jasper,2112320,Dbl Crop WinWht/Corn,1,4.734131192243599e-5
19149,Plymouth,2489540,Corn,1068764,42.930179872586905
19149,Plymouth,2489540,Soybeans,857963,34.462711986953416
19149,Plymouth,2489540,Grassland/Pasture,260464,10.462334407159556
19149,Plymouth,2489540,Developed/Open Space,92834,3.728961976911397
19149,Plymouth,2489540,Deciduous Forest,65688,2.6385597339267495
19149,Plymouth,2489540,Herbaceous Wetlands,52006,2.0889802935482056
19149,Plymouth,2489540,Alfalfa,26715,1.0730898077556497
19149,Plymouth,2489540,Developed/Low Intensity,23226,0.932943435333435
19149,Plymouth,2489540,Open Water,10730,0.4310033178820184
19149,Plymouth,2489540,Developed/Med Intensity,8904,0.3576564345220402
19149,Plymouth,2489540,Woody Wetlands,6823,0.27406669505209796
19149,Plymouth,2489540,Barren,4188,0.16822384858246905
19149,Plymouth,2489540,Oats,3843,0.15436586678663528
19149,Plymouth,2489540,Mixed Forest,3194,0.12829679378519726
19149,Plymouth,2489540,Developed/High Intensity,1992,0.08001478184724889
19149,Plymouth,2489540,Other Hay/Non Alfalfa,1395,0.056034448130980026
19149,Plymouth,2489540,Fallow/Idle Cropland,269,0.010805208994432706
19149,Plymouth,2489540,Sorghum,162,0.006507226234565422
19149,Plymouth,2489540,Shrubland,154,0.006185881729154784
19149,Plymouth,2489540,Evergreen Forest,73,0.002932268611872073
19149,Plymouth,2489540,Millet,54,0.0021690754115218074
19149,Plymouth,2489540,Rye,31,0.0012452099584662226
19149,Plymouth,2489540,Switchgrass,23,9.238654530555845e-4
19149,Plymouth,2489540,Pop or Orn Corn,21,8.43529326702925e-4
19149,Plymouth,2489540,Winter Wheat,15,6.025209476449465e-4
19149,Plymouth,2489540,Spring Wheat,5,2.008403158816488e-4
19149,Plymouth,2489540,Barley,2,8.033612635265953e-5
19149,Plymouth,2489540,Canola,2,8.033612635265953e-5
19155,Pottawattamie,2764577,Corn,1136006,41.09149428646769
19155,Pottawattamie,2764577,Soybeans,889272,32.166656960540436
19155,Pottawattamie,2764577,Grassland/Pasture,273310,9.886141713542433
19155,Pottawattamie,2764577,Deciduous Forest,134702,4.872427138039562
19155,Pottawattamie,2764577,Developed/Open Space,93101,3.3676399680674476
19155,Pottawattamie,2764577,Developed/Low Intensity,85119,3.078915870312167
19155,Pottawattamie,2764577,Developed/Med Intensity,31264,1.1308782500903394
19155,Pottawattamie,2764577,Open Water,24699,0.8934097332069245
19155,Pottawattamie,2764577,Herbaceous Wetlands,23327,0.8437818877897053
19155,Pottawattamie,2764577,Woody Wetlands,20841,0.7538585468952393
19155,Pottawattamie,2764577,Alfalfa,17834,0.6450896466258672
19155,Pottawattamie,2764577,Developed/High Intensity,12264,0.4436121692396341
19155,Pottawattamie,2764577,Barren,8899,0.321893729131075
19155,Pottawattamie,2764577,Oats,3917,0.1416853283522217
19155,Pottawattamie,2764577,Other Hay/Non Alfalfa,3270,0.11828210970430558
19155,Pottawattamie,2764577,Evergreen Forest,2838,0.10265584933970007
19155,Pottawattamie,2764577,Fallow/Idle Cropland,1193,0.043153075497625856
19155,Pottawattamie,2764577,Rye,1124,0.04065721446716804
19155,Pottawattamie,2764577,Mixed Forest,972,0.035159085820362396
19155,Pottawattamie,2764577,Winter Wheat,312,0.011285632485548421
19155,Pottawattamie,2764577,Shrubland,118,0.0042682840810728
19155,Pottawattamie,2764577,Sorghum,88,0.0031831271113085292
19155,Pottawattamie,2764577,Barley,67,0.0024235172324735396
19155,Pottawattamie,2764577,Pop or Orn Corn,15,5.425784848821357e-4
19155,Pottawattamie,2764577,Spring Wheat,13,4.702346868978509e-4
19155,Pottawattamie,2764577,Clover/Wildflowers,6,2.1703139395285427e-4
19155,Pottawattamie,2764577,Sweet Corn,3,1.0851569697642713e-4
19155,Pottawattamie,2764577,Canola,1,3.617189899214238e-5
19155,Pottawattamie,2764577,Peas,1,3.617189899214238e-5
19155,Pottawattamie,2764577,Sod/Grass Seed,1,3.617189899214238e-5
19173,Taylor,1540894,Soybeans,407834,26.467362453225206
19173,Taylor,1540894,Grassland/Pasture,404879,26.27559066360178
19173,Taylor,1540894,Corn,382356,24.81390673206593
19173,Taylor,1540894,Deciduous Forest,193202,12.538305684881635
19173,Taylor,1540894,Developed/Open Space,44620,2.895721574618371
19173,Taylor,1540894,Alfalfa,33082,2.1469354803120786
19173,Taylor,1540894,Other Hay/Non Alfalfa,19919,1.2926911260605856
19173,Taylor,1540894,Developed/Low Intensity,18523,1.2020943685938164
19173,Taylor,1540894,Mixed Forest,9526,0.6182125441464501
19173,Taylor,1540894,Open Water,8512,0.5524065899406448
19173,Taylor,1540894,Woody Wetlands,6924,0.44934953345265805
19173,Taylor,1540894,Oats,5001,0.32455185106827594
19173,Taylor,1540894,Herbaceous Wetlands,2203,0.14296895179032432
19173,Taylor,1540894,Developed/Med Intensity,1258,0.08164091754526918
19173,Taylor,1540894,Evergreen Forest,1094,0.07099774546464585
19173,Taylor,1540894,Barren,613,0.039782100520866455
19173,Taylor,1540894,Rye,496,0.03218910580481201
19173,Taylor,1540894,Shrubland,317,0.020572472863156065
19173,Taylor,1540894,Developed/High Intensity,312,0.020247985909478523
19173,Taylor,1540894,Winter Wheat,90,0.005840765166195728
19173,Taylor,1540894,Clover/Wildflowers,41,0.0026607930201558317
19173,Taylor,1540894,Sweet Corn,36,0.0023363060664782914
19173,Taylor,1540894,Fallow/Idle Cropland,18,0.0011681530332391457
19173,Taylor,1540894,Barley,17,0.0011032556425036376
19173,Taylor,1540894,Sorghum,14,9.085634702971131e-4
19173,Taylor,1540894,Pop or Orn Corn,3,1.9469217220652424e-4
19173,Taylor,1540894,Triticale,2,1.2979478147101618e-4
19173,Taylor,1540894,Spring Wheat,1,6.489739073550809e-5
19173,Taylor,1540894,Peas,1,6.489739073550809e-5
19145,Page,1543332,Corn,551310,35.72206109897287
19145,Page,1543332,Soybeans,487640,31.59657157371194
19145,Page,1543332,Grassland/Pasture,255273,16.540381460372753
19145,Page,1543332,Deciduous Forest,122467,7.9352336373508745
19145,Page,1543332,Developed/Open Space,48389,3.135359080223828
19145,Page,1543332,Developed/Low Intensity,25117,1.6274528098944363
19145,Page,1543332,Alfalfa,15085,0.9774306500480778
19145,Page,1543332,Open Water,9646,0.6250113391026687
19145,Page,1543332,Woody Wetlands,7624,0.49399610712406666
19145,Page,1543332,Other Hay/Non Alfalfa,4531,0.2935855668125847
19145,Page,1543332,Herbaceous Wetlands,4056,0.26280800242592
19145,Page,1543332,Developed/Med Intensity,3234,0.20954661731889182
19145,Page,1543332,Mixed Forest,2929,0.18978418123903346
19145,Page,1543332,Oats,2304,0.14928738599342203
19145,Page,1543332,Barren,1301,0.08429812898326478
19145,Page,1543332,Developed/High Intensity,1069,0.06926571858809381
19145,Page,1543332,Rye,479,0.03103674387623661
19145,Page,1543332,Evergreen Forest,321,0.02079915403814604
19145,Page,1543332,Winter Wheat,170,0.011015128306806312
19145,Page,1543332,Shrubland,150,0.009719230858946748
19145,Page,1543332,Sorghum,92,0.005961128260154005
19145,Page,1543332,Clover/Wildflowers,43,0.002786179512898067
19145,Page,1543332,Barley,40,0.0025917948957191322
19145,Page,1543332,Sweet Corn,31,0.0020086410441823277
19145,Page,1543332,Fallow/Idle Cropland,21,0.0013606923202525445
19145,Page,1543332,Pop or Orn Corn,8,5.183589791438265e-4
19145,Page,1543332,Canola,1,6.479487239297831e-5
19145,Page,1543332,Dry Beans,1,6.479487239297831e-5
19035,Cherokee,1663122,Corn,687150,41.31687272491134
19035,Cherokee,1663122,Soybeans,592265,35.61163883347103
19035,Cherokee,1663122,Grassland/Pasture,181001,10.883206403378706
19035,Cherokee,1663122,Developed/Open Space,64756,3.8936409956695903
19035,Cherokee,1663122,Mixed Forest,39046,2.347753201508969
19035,Cherokee,1663122,Herbaceous Wetlands,29782,1.7907285214193547
19035,Cherokee,1663122,Alfalfa,14292,0.8593476606045739
19035,Cherokee,1663122,Developed/Low Intensity,12396,0.7453452001717252
19035,Cherokee,1663122,Deciduous Forest,12234,0.735604483615754
19035,Cherokee,1663122,Open Water,7229,0.4346644443402227
19035,Cherokee,1663122,Woody Wetlands,5915,0.3556564100529005
19035,Cherokee,1663122,Other Hay/Non Alfalfa,4765,0.2865093480814997
19035,Cherokee,1663122,Developed/Med Intensity,4191,0.2519959449757745
19035,Cherokee,1663122,Barren,2546,0.1530855824166838
19035,Cherokee,1663122,Oats,2084,0.12530650186817324
19035,Cherokee,1663122,Evergreen Forest,1768,0.1063060917960318
19035,Cherokee,1663122,Developed/High Intensity,850,0.05110869797886144
19035,Cherokee,1663122,Pop or Orn Corn,522,0.03138675334701844
19035,Cherokee,1663122,Shrubland,135,0.008117263796642701
19035,Cherokee,1663122,Rye,98,0.0058925322375628485
19035,Cherokee,1663122,Winter Wheat,28,0.001683580639303671
19035,Cherokee,1663122,Sod/Grass Seed,23,0.0013829412394280156
19035,Cherokee,1663122,Barley,12,7.215345597015733e-4
19035,Cherokee,1663122,Sorghum,11,6.614066797264422e-4
19035,Cherokee,1663122,Fallow/Idle Cropland,9,5.411509197761799e-4
19035,Cherokee,1663122,Peas,6,3.6076727985078665e-4
19035,Cherokee,1663122,Switchgrass,3,1.8038363992539333e-4
19035,Cherokee,1663122,Canola,2,1.2025575995026222e-4
19035,Cherokee,1663122,Spring Wheat,1,6.012787997513111e-5
19035,Cherokee,1663122,Dry Beans,1,6.012787997513111e-5
19035,Cherokee,1663122,Other Crops,1,6.012787997513111e-5
19057,Des Moines,1239743,Corn,334764,27.002693300143658
19057,Des Moines,1239743,Soybeans,286595,23.117291245040303
19057,Des Moines,1239743,Deciduous Forest,247003,19.9237261271086
19057,Des Moines,1239743,Grassland/Pasture,111390,8.98492671464973
19057,Des Moines,1239743,Developed/Open Space,60991,4.919648669119326
19057,Des Moines,1239743,Developed/Low Intensity,47844,3.8591869443908937
19057,Des Moines,1239743,Open Water,45166,3.6431744321202055
19057,Des Moines,1239743,Woody Wetlands,36664,2.957387135882195
19057,Des Moines,1239743,Mixed Forest,18130,1.4623998683598132
19057,Des Moines,1239743,Herbaceous Wetlands,12888,1.0395702980375772
19057,Des Moines,1239743,Developed/Med Intensity,11485,0.9264016816388557
19057,Des Moines,1239743,Alfalfa,10897,0.8789724967190781
19057,Des Moines,1239743,Oats,4158,0.33539209336128534
19057,Des Moines,1239743,Developed/High Intensity,3940,0.3178078037141569
19057,Des Moines,1239743,Barren,2646,0.21343133213899976
19057,Des Moines,1239743,Other Hay/Non Alfalfa,1851,0.14930513824236152
19057,Des Moines,1239743,Evergreen Forest,1666,0.1343826906060369
19057,Des Moines,1239743,Winter Wheat,717,0.05783456732564733
19057,Des Moines,1239743,Shrubland,377,0.030409528426456126
19057,Des Moines,1239743,Sod/Grass Seed,204,0.01645502333951472
19057,Des Moines,1239743,Sorghum,104,0.008388835427987898
19057,Des Moines,1239743,Dry Beans,98,0.007904864153296288
19057,Des Moines,1239743,Dbl Crop WinWht/Soybeans,49,0.003952432076648144
19057,Des Moines,1239743,Rye,46,0.0037104464393023394
19057,Des Moines,1239743,Triticale,21,0.0016938994614206333
19057,Des Moines,1239743,Fallow/Idle Cropland,20,0.0016132375823053647
19057,Des Moines,1239743,Potatoes,12,9.67942549383219e-4
19057,Des Moines,1239743,Flaxseed,7,5.646331538068776e-4
19057,Des Moines,1239743,Other Crops,3,2.4198563734580475e-4
19057,Des Moines,1239743,Switchgrass,3,2.4198563734580475e-4
19057,Des Moines,1239743,Millet,1,8.066187911526825e-5
19057,Des Moines,1239743,Peas,1,8.066187911526825e-5
19057,Des Moines,1239743,Clover/Wildflowers,1,8.066187911526825e-5
19057,Des Moines,1239743,Dbl Crop WinWht/Corn,1,8.066187911526825e-5
19163,Scott,1350944,Corn,516955,38.266204964824595
19163,Scott,1350944,Soybeans,283561,20.989841177724614
19163,Scott,1350944,Grassland/Pasture,101894,7.542429589975602
19163,Scott,1350944,Developed/Open Space,93265,6.9036910486297
19163,Scott,1350944,Developed/Low Intensity,81820,6.05650567307009
19163,Scott,1350944,Mixed Forest,59169,4.379826254826255
19163,Scott,1350944,Woody Wetlands,45085,3.3372959945045833
19163,Scott,1350944,Developed/Med Intensity,42449,3.1421731766823795
19163,Scott,1350944,Open Water,34449,2.5499946703934433
19163,Scott,1350944,Deciduous Forest,34192,2.530970935878911
19163,Scott,1350944,Herbaceous Wetlands,17878,1.3233709169291992
19163,Scott,1350944,Developed/High Intensity,17609,1.3034589146552338
19163,Scott,1350944,Alfalfa,10074,0.7457007840443423
19163,Scott,1350944,Oats,4050,0.2997903688087737
19163,Scott,1350944,Barren,3900,0.28868702181585615
19163,Scott,1350944,Sod/Grass Seed,1833,0.1356829002534524
19163,Scott,1350944,Other Hay/Non Alfalfa,1825,0.13509072174716347
19163,Scott,1350944,Evergreen Forest,502,0.037159201269630716
19163,Scott,1350944,Rye,186,0.013768150271217756
19163,Scott,1350944,Shrubland,64,0.004737428050311486
19163,Scott,1350944,Dbl Crop WinWht/Soybeans,58,0.004293294170594784
19163,Scott,1350944,Potatoes,40,0.0029608925314446788
19163,Scott,1350944,Winter Wheat,24,0.0017765355188668073
19163,Scott,1350944,Dry Beans,20,0.0014804462657223394
19163,Scott,1350944,Fallow/Idle Cropland,12,8.882677594334036e-4
19163,Scott,1350944,Clover/Wildflowers,11,8.142454461472867e-4
19163,Scott,1350944,Spring Wheat,9,6.662008195750527e-4
19163,Scott,1350944,Sorghum,5,3.7011156643058484e-4
19163,Scott,1350944,Switchgrass,3,2.220669398583509e-4
19163,Scott,1350944,Millet,1,7.402231328611697e-5
19163,Scott,1350944,Triticale,1,7.402231328611697e-5
19111,Lee,1554608,Deciduous Forest,439972,28.301153731358646
19111,Lee,1554608,Corn,347273,22.338300073073082
19111,Lee,1554608,Soybeans,307551,19.783186501034344
19111,Lee,1554608,Grassland/Pasture,202194,13.006108292251165
19111,Lee,1554608,Open Water,67629,4.350228482035343
19111,Lee,1554608,Developed/Low Intensity,43221,2.780186387822525
19111,Lee,1554608,Developed/Open Space,42287,2.7201069337093338
19111,Lee,1554608,Woody Wetlands,31831,2.0475258071488116
19111,Lee,1554608,Alfalfa,16195,1.041741712380227
19111,Lee,1554608,Developed/Med Intensity,13569,0.872824531972047
19111,Lee,1554608,Mixed Forest,11513,0.7405725430462213
19111,Lee,1554608,Herbaceous Wetlands,10469,0.6734173502259091
19111,Lee,1554608,Other Hay/Non Alfalfa,5501,0.35385126025338864
19111,Lee,1554608,Developed/High Intensity,4614,0.2967950763150582
19111,Lee,1554608,Evergreen Forest,3311,0.21297973508434281
19111,Lee,1554608,Barren,2740,0.17625021870465096
19111,Lee,1554608,Winter Wheat,1554,0.09996089046241882
19111,Lee,1554608,Oats,1537,0.09886736720768194
19111,Lee,1554608,Shrubland,822,0.05287506561139528
19111,Lee,1554608,Rye,334,0.021484515710712925
19111,Lee,1554608,Sorghum,139,0.008941160729907475
19111,Lee,1554608,Dry Beans,122,0.00784763747517059
19111,Lee,1554608,Dbl Crop WinWht/Soybeans,57,0.0036665191482354396
19111,Lee,1554608,Fallow/Idle Cropland,47,0.003023270174860801
19111,Lee,1554608,Clover/Wildflowers,35,0.0022513714068112347
19111,Lee,1554608,Switchgrass,28,0.0018010971254489878
19111,Lee,1554608,Other Crops,16,0.0010291983573994215
19111,Lee,1554608,Millet,15,9.648734600619578e-4
19111,Lee,1554608,Triticale,11,7.075738707121024e-4
19111,Lee,1554608,Dbl Crop WinWht/Corn,11,7.075738707121024e-4
19111,Lee,1554608,Potatoes,9,5.789240760371747e-4
19111,Lee,1554608,Sod/Grass Seed,1,6.432489733746385e-5
19071,Fremont,1489539,Corn,520739,34.95974257807281
19071,Fremont,1489539,Soybeans,492185,33.04277363667551
19071,Fremont,1489539,Grassland/Pasture,123478,8.28967888722618
19071,Fremont,1489539,Deciduous Forest,117396,7.8813646369782875
19071,Fremont,1489539,Herbaceous Wetlands,77524,5.204563291058509
19071,Fremont,1489539,Developed/Open Space,45391,3.047318667050678
19071,Fremont,1489539,Fallow/Idle Cropland,34183,2.294871097702041
19071,Fremont,1489539,Developed/Low Intensity,22051,1.4803909128931838
19071,Fremont,1489539,Open Water,21434,1.4389687010544874
19071,Fremont,1489539,Woody Wetlands,15089,1.012997981254603
19071,Fremont,1489539,Barren,6658,0.44698393261270764
19071,Fremont,1489539,Alfalfa,4134,0.2775355328057876
19071,Fremont,1489539,Developed/Med Intensity,2790,0.1873062739545591
19071,Fremont,1489539,Other Hay/Non Alfalfa,1381,0.09271324886424592
19071,Fremont,1489539,Evergreen Forest,1358,0.0911691469642621
19071,Fremont,1489539,Mixed Forest,1136,0.0762652068861574
19071,Fremont,1489539,Oats,899,0.060354243829802375
19071,Fremont,1489539,Developed/High Intensity,734,0.049276991069048884
19071,Fremont,1489539,Pop or Orn Corn,590,0.03960957047784583
19071,Fremont,1489539,Shrubland,122,0.008190453556435917
19071,Fremont,1489539,Rye,73,0.004900845160818213
19071,Fremont,1489539,Winter Wheat,64,0.004296631373868022
19071,Fremont,1489539,Spring Wheat,56,0.0037595524521345197
19071,Fremont,1489539,Sorghum,44,0.0029539340695342656
19071,Fremont,1489539,Barley,18,0.0012084275739003812
19071,Fremont,1489539,Sweet Corn,5,3.356743260834392e-4
19071,Fremont,1489539,Dry Beans,3,2.0140459565006353e-4
19071,Fremont,1489539,Canola,2,1.342697304333757e-4
19071,Fremont,1489539,Other Crops,1,6.713486521668784e-5
19071,Fremont,1489539,Peas,1,6.713486521668784e-5
19095,Iowa,1693361,Corn,599984,35.43154708299057
19095,Iowa,1693361,Soybeans,417797,24.672648065002086
19095,Iowa,1693361,Grassland/Pasture,324209,19.145887970728037
19095,Iowa,1693361,Deciduous Forest,111196,6.5665856246836904
19095,Iowa,1693361,Woody Wetlands,47831,2.8246192040563116
19095,Iowa,1693361,Developed/Open Space,43835,2.5886388076730245
19095,Iowa,1693361,Alfalfa,35535,2.0984893357057355
19095,Iowa,1693361,Herbaceous Wetlands,35076,2.071383479364412
19095,Iowa,1693361,Developed/Low Intensity,30762,1.81662386224792
19095,Iowa,1693361,Mixed Forest,14756,0.8714030853432907
19095,Iowa,1693361,Open Water,9819,0.5798527307526274
19095,Iowa,1693361,Developed/Med Intensity,7170,0.42341827879583854
19095,Iowa,1693361,Oats,5701,0.3366677276729534
19095,Iowa,1693361,Other Hay/Non Alfalfa,4138,0.2443660861446555
19095,Iowa,1693361,Developed/High Intensity,1891,0.11167140379399314
19095,Iowa,1693361,Barren,1472,0.0869277135826324
19095,Iowa,1693361,Fallow/Idle Cropland,778,0.045944131227777185
19095,Iowa,1693361,Rye,487,0.028759372632297546
19095,Iowa,1693361,Shrubland,296,0.017480029361724995
19095,Iowa,1693361,Evergreen Forest,237,0.01399583432002981
19095,Iowa,1693361,Winter Wheat,234,0.013818671860282598
19095,Iowa,1693361,Other Crops,57,0.003366086735197043
19095,Iowa,1693361,Clover/Wildflowers,22,0.0012991913714795603
19095,Iowa,1693361,Sod/Grass Seed,18,0.0010629747584832768
19095,Iowa,1693361,Switchgrass,16,9.448664519851348e-4
19095,Iowa,1693361,Spring Wheat,10,5.905415324907093e-4
19095,Iowa,1693361,Millet,9,5.314873792416384e-4
19095,Iowa,1693361,Triticale,9,5.314873792416384e-4
19095,Iowa,1693361,Sorghum,8,4.724332259925674e-4
19095,Iowa,1693361,Dbl Crop WinWht/Soybeans,6,3.543249194944256e-4
19095,Iowa,1693361,Potatoes,2,1.1810830649814185e-4
19023,Butler,1676812,Corn,830547,49.53131299155779
19023,Butler,1676812,Soybeans,433241,25.837183894199228
19023,Butler,1676812,Grassland/Pasture,160552,9.574836057948058
19023,Butler,1676812,Woody Wetlands,59474,3.5468496170113286
19023,Butler,1676812,Developed/Open Space,54756,3.2654823558037513
19023,Butler,1676812,Deciduous Forest,44884,2.6767461110726787
19023,Butler,1676812,Herbaceous Wetlands,25950,1.5475795736194635
19023,Butler,1676812,Developed/Low Intensity,25425,1.5162701602803415
19023,Butler,1676812,Alfalfa,15525,0.925864080171182
19023,Butler,1676812,Open Water,10419,0.6213576715815488
19023,Butler,1676812,Developed/Med Intensity,4082,0.2434381433338979
19023,Butler,1676812,Mixed Forest,3923,0.2339558638654781
19023,Butler,1676812,Oats,3354,0.2000224235036486
19023,Butler,1676812,Barren,2128,0.12690748873457489
19023,Butler,1676812,Other Hay/Non Alfalfa,1225,0.07305529779128489
19023,Butler,1676812,Developed/High Intensity,811,0.04836558898672004
19023,Butler,1676812,Rye,302,0.018010367292218804
19023,Butler,1676812,Evergreen Forest,155,0.00924373155726462
19023,Butler,1676812,Shrubland,35,0.0020872942226081398
19023,Butler,1676812,Millet,15,8.945546668320598e-4
19023,Butler,1676812,Sorghum,2,1.1927395557760798e-4
19023,Butler,1676812,Barley,2,1.1927395557760798e-4
19023,Butler,1676812,Sweet Corn,1,5.963697778880399e-5
19023,Butler,1676812,Clover/Wildflowers,1,5.963697778880399e-5
19023,Butler,1676812,Sod/Grass Seed,1,5.963697778880399e-5
19023,Butler,1676812,Fallow/Idle Cropland,1,5.963697778880399e-5
19023,Butler,1676812,Dbl Crop WinWht/Corn,1,5.963697778880399e-5
19063,Emmet,1160508,Corn,520768,44.87414132431659
19063,Emmet,1160508,Soybeans,384593,33.14005590655127
19063,Emmet,1160508,Grassland/Pasture,93216,8.032344456048559
19063,Emmet,1160508,Herbaceous Wetlands,49689,4.2816594112233615
19063,Emmet,1160508,Developed/Open Space,43279,3.729315093045459
19063,Emmet,1160508,Open Water,21034,1.8124821198992165
19063,Emmet,1160508,Mixed Forest,13358,1.1510476446521696
19063,Emmet,1160508,Woody Wetlands,8680,0.7479483122908244
19063,Emmet,1160508,Developed/Low Intensity,7860,0.677289600761046
19063,Emmet,1160508,Alfalfa,4257,0.36682211583203217
19063,Emmet,1160508,Developed/Med Intensity,2647,0.22808976758454058
19063,Emmet,1160508,Barren,2607,0.22464300116845382
19063,Emmet,1160508,Oats,2140,0.18440200326064102
19063,Emmet,1160508,Deciduous Forest,2016,0.1737170273707721
19063,Emmet,1160508,Other Hay/Non Alfalfa,2001,0.17242448996473958
19063,Emmet,1160508,Peas,1162,0.10012856438732004
19063,Emmet,1160508,Developed/High Intensity,611,0.05264935700572508
19063,Emmet,1160508,Fallow/Idle Cropland,285,0.02455821071461808
19063,Emmet,1160508,Evergreen Forest,147,0.0126668665791188
19063,Emmet,1160508,Rye,61,0.005256318784532291
19063,Emmet,1160508,Shrubland,38,0.0032744280952824107
19063,Emmet,1160508,Barley,22,0.0018957215288477115
19063,Emmet,1160508,Winter Wheat,9,7.755224436195184e-4
19063,Emmet,1160508,Dry Beans,9,7.755224436195184e-4
19063,Emmet,1160508,Sweet Corn,6,5.170149624130122e-4
19063,Emmet,1160508,Pop or Orn Corn,6,5.170149624130122e-4
19063,Emmet,1160508,Canola,3,2.585074812065061e-4
19063,Emmet,1160508,Other Crops,3,2.585074812065061e-4
19063,Emmet,1160508,Clover/Wildflowers,1,8.616916040216871e-5
19193,Woodbury,2530132,Corn,966660,38.20591178642063
19193,Woodbury,2530132,Soybeans,756580,29.90278768064275
19193,Woodbury,2530132,Grassland/Pasture,315534,12.471048941320058
19193,Woodbury,2530132,Deciduous Forest,122180,4.828997064184794
19193,Woodbury,2530132,Developed/Open Space,118004,4.6639463869869235
19193,Woodbury,2530132,Herbaceous Wetlands,63773,2.52054043030166
19193,Woodbury,2530132,Developed/Low Intensity,55634,2.1988576090101226
19193,Woodbury,2530132,Alfalfa,42281,1.6710985829988316
19193,Woodbury,2530132,Open Water,23705,0.9369076396014121
19193,Woodbury,2530132,Developed/Med Intensity,23440,0.9264338777581566
19193,Woodbury,2530132,Woody Wetlands,12045,0.47606211849816527
19193,Woodbury,2530132,Developed/High Intensity,11499,0.4544822167380991
19193,Woodbury,2530132,Barren,6539,0.2584450139360318
19193,Woodbury,2530132,Other Hay/Non Alfalfa,3633,0.1435893463265948
19193,Woodbury,2530132,Mixed Forest,2963,0.11710851449647686
19193,Woodbury,2530132,Oats,2955,0.11679232545969934
19193,Woodbury,2530132,Evergreen Forest,811,0.03205366360332188
19193,Woodbury,2530132,Spring Wheat,447,0.017667062429944366
19193,Woodbury,2530132,Rye,433,0.017113731615583695
19193,Woodbury,2530132,Sorghum,296,0.011698994360768529
19193,Woodbury,2530132,Shrubland,212,0.008379009474604487
19193,Woodbury,2530132,Canola,171,0.006758540661119658
19193,Woodbury,2530132,Pop or Orn Corn,159,0.006284257105953365
19193,Woodbury,2530132,Fallow/Idle Cropland,48,0.0018971342206651669
19193,Woodbury,2530132,Sod/Grass Seed,41,0.00162046881348483
19193,Woodbury,2530132,Millet,23,9.090434807353925e-4
19193,Woodbury,2530132,Dry Beans,23,9.090434807353925e-4
19193,Woodbury,2530132,Barley,22,8.695198511382016e-4
19193,Woodbury,2530132,Switchgrass,12,4.742835551662917e-4
19193,Woodbury,2530132,Winter Wheat,9,3.5571266637471875e-4
19041,Clay,1650438,Corn,691692,41.90960217833084
19041,Clay,1650438,Soybeans,553073,33.51068019519667
19041,Clay,1650438,Grassland/Pasture,145652,8.825051289415295
19041,Clay,1650438,Herbaceous Wetlands,89334,5.412744980423378
19041,Clay,1650438,Developed/Open Space,63493,3.8470393919674652
19041,Clay,1650438,Mixed Forest,31733,1.922701731297995
19041,Clay,1650438,Developed/Low Intensity,13698,0.8299615011287913
19041,Clay,1650438,Open Water,13394,0.8115421482055067
19041,Clay,1650438,Alfalfa,12147,0.735986447234007
19041,Clay,1650438,Other Hay/Non Alfalfa,8813,0.5339794648450896
19041,Clay,1650438,Woody Wetlands,6874,0.41649549998242885
19041,Clay,1650438,Developed/Med Intensity,6563,0.397652017222095
19041,Clay,1650438,Deciduous Forest,4390,0.26598999780664284
19041,Clay,1650438,Barren,3162,0.19158550639284844
19041,Clay,1650438,Oats,3089,0.1871624380921913
19041,Clay,1650438,Developed/High Intensity,1905,0.11542390565413546
19041,Clay,1650438,Evergreen Forest,416,0.02520543031607367
19041,Clay,1650438,Winter Wheat,241,0.014602184389840756
19041,Clay,1650438,Rye,232,0.014056874599348778
19041,Clay,1650438,Fallow/Idle Cropland,227,0.013753924715742124
19041,Clay,1650438,Barley,142,0.008603776694428994
19041,Clay,1650438,Peas,73,0.004423068300657159
19041,Clay,1650438,Shrubland,63,0.0038171685334438495
19041,Clay,1650438,Spring Wheat,14,8.482596740986333e-4
19041,Clay,1650438,Pop or Orn Corn,6,3.635398603279857e-4
19041,Clay,1650438,Canola,6,3.635398603279857e-4
19041,Clay,1650438,Dry Beans,4,2.423599068853238e-4
19041,Clay,1650438,Clover/Wildflowers,2,1.211799534426619e-4
19047,Crawford,2060563,Corn,962250,46.69840232984869
19047,Crawford,2060563,Soybeans,638168,30.970564840774102
19047,Crawford,2060563,Grassland/Pasture,218717,10.61442916329178
19047,Crawford,2060563,Developed/Open Space,74542,3.6175550080245062
19047,Crawford,2060563,Deciduous Forest,61336,2.976662203485164
19047,Crawford,2060563,Alfalfa,39776,1.9303462209114695
19047,Crawford,2060563,Developed/Low Intensity,19302,0.9367342808737223
19047,Crawford,2060563,Herbaceous Wetlands,13524,0.6563254799780449
19047,Crawford,2060563,Other Hay/Non Alfalfa,6746,0.3273862531744965
19047,Crawford,2060563,Open Water,6063,0.2942399722794207
19047,Crawford,2060563,Oats,5490,0.26643203823421074
19047,Crawford,2060563,Developed/Med Intensity,4654,0.22586060217523077
19047,Crawford,2060563,Rye,2631,0.1276835505636081
19047,Crawford,2060563,Barren,1997,0.09691526053801801
19047,Crawford,2060563,Woody Wetlands,1865,0.09050924431817906
19047,Crawford,2060563,Developed/High Intensity,1373,0.06663227477150661
19047,Crawford,2060563,Spring Wheat,684,0.03319481132098363
19047,Crawford,2060563,Mixed Forest,518,0.025138760620277083
19047,Crawford,2060563,Barley,327,0.015869449271873753
19047,Crawford,2060563,Pop or Orn Corn,288,0.013976762661466793
19047,Crawford,2060563,Evergreen Forest,152,0.007376624737996363
19047,Crawford,2060563,Shrubland,64,0.003105947258103732
19047,Crawford,2060563,Winter Wheat,40,0.0019412170363148325
19047,Crawford,2060563,Fallow/Idle Cropland,22,0.0010676693699731578
19047,Crawford,2060563,Sod/Grass Seed,21,0.001019138944065287
19047,Crawford,2060563,Canola,9,4.367738331708373e-4
19047,Crawford,2060563,Peas,2,9.706085181574162e-5
19047,Crawford,2060563,Sorghum,1,4.853042590787081e-5
19047,Crawford,2060563,Sweet Corn,1,4.853042590787081e-5
19019,Buchanan,1651932,Corn,945302,57.22402617056876
19019,Buchanan,1651932,Soybeans,332831,20.147984299595866
19019,Buchanan,1651932,Grassland/Pasture,133250,8.066312656937452
19019,Buchanan,1651932,Deciduous Forest,51437,3.113748023526392
19019,Buchanan,1651932,Developed/Open Space,45487,2.7535637060121116
19019,Buchanan,1651932,Woody Wetlands,41371,2.5044009075434097
19019,Buchanan,1651932,Developed/Low Intensity,38713,2.34349840066056
19019,Buchanan,1651932,Alfalfa,20727,1.2547126637173927
19019,Buchanan,1651932,Developed/Med Intensity,11093,0.6715167452413295
19019,Buchanan,1651932,Open Water,7731,0.4679974720509077
19019,Buchanan,1651932,Herbaceous Wetlands,6290,0.38076627851509626
19019,Buchanan,1651932,Mixed Forest,5323,0.32222876002159895
19019,Buchanan,1651932,Oats,4648,0.28136751391703774
19019,Buchanan,1651932,Barren,3091,0.18711423956918322
19019,Buchanan,1651932,Developed/High Intensity,1841,0.1114452653014773
19019,Buchanan,1651932,Other Hay/Non Alfalfa,1559,0.09437434470668285
19019,Buchanan,1651932,Evergreen Forest,786,0.047580651019533494
19019,Buchanan,1651932,Rye,181,0.01095686747396382
19019,Buchanan,1651932,Shrubland,82,0.004963884711961509
19019,Buchanan,1651932,Fallow/Idle Cropland,54,0.0032688996883648964
19019,Buchanan,1651932,Sod/Grass Seed,44,0.002663547894223249
19019,Buchanan,1651932,Sorghum,21,0.0012712387676974597
19019,Buchanan,1651932,Triticale,16,9.685628706266361e-4
19019,Buchanan,1651932,Millet,13,7.869573323841417e-4
19019,Buchanan,1651932,Switchgrass,12,7.26422152969977e-4
19019,Buchanan,1651932,Winter Wheat,10,6.053517941416475e-4
19019,Buchanan,1651932,Dry Beans,9,5.448166147274827e-4
19019,Buchanan,1651932,Spring Wheat,5,3.0267589707082374e-4
19019,Buchanan,1651932,Other Crops,4,2.4214071765665902e-4
19019,Buchanan,1651932,Clover/Wildflowers,1,6.0535179414164754e-5
19143,Osceola,1151448,Corn,560474,48.675580660177445
19143,Osceola,1151448,Soybeans,418720,36.36464694888523
19143,Osceola,1151448,Developed/Open Space,44580,3.871646830773079
19143,Osceola,1151448,Herbaceous Wetlands,44135,3.8329998402012073
19143,Osceola,1151448,Grassland/Pasture,36688,3.186248966518679
19143,Osceola,1151448,Developed/Low Intensity,9967,0.8656057416400914
19143,Osceola,1151448,Mixed Forest,7700,0.6687232076481092
19143,Osceola,1151448,Oats,7325,0.636155518963948
19143,Osceola,1151448,Alfalfa,6342,0.5507847510265336
19143,Osceola,1151448,Developed/Med Intensity,4571,0.3969784132674684
19143,Osceola,1151448,Open Water,4055,0.35216527363806266
19143,Osceola,1151448,Barren,3915,0.3400066698626425
19143,Osceola,1151448,Other Hay/Non Alfalfa,1303,0.11316186228123197
19143,Osceola,1151448,Deciduous Forest,643,0.05584273019710834
19143,Osceola,1151448,Developed/High Intensity,591,0.051326677366237985
19143,Osceola,1151448,Shrubland,199,0.017282586795061523
19143,Osceola,1151448,Woody Wetlands,130,0.01129013207717587
19143,Osceola,1151448,Switchgrass,39,0.003387039623152761
19143,Osceola,1151448,Spring Wheat,20,0.0017369433964885951
19143,Osceola,1151448,Winter Wheat,14,0.0012158603775420166
19143,Osceola,1151448,Evergreen Forest,13,0.001129013207717587
19143,Osceola,1151448,Rye,8,6.947773585954381e-4
19143,Osceola,1151448,Fallow/Idle Cropland,8,6.947773585954381e-4
19143,Osceola,1151448,Sorghum,6,5.210830189465786e-4
19143,Osceola,1151448,Millet,1,8.684716982442976e-5
19143,Osceola,1151448,Canola,1,8.684716982442976e-5
19033,Cerro Gordo,1657665,Corn,804795,48.54991810769968
19033,Cerro Gordo,1657665,Soybeans,454871,27.440465956631765
19033,Cerro Gordo,1657665,Grassland/Pasture,132009,7.963551139705549
19033,Cerro Gordo,1657665,Developed/Open Space,67317,4.060953208277909
19033,Cerro Gordo,1657665,Herbaceous Wetlands,44366,2.676415319138668
19033,Cerro Gordo,1657665,Developed/Low Intensity,40844,2.4639477819704223
19033,Cerro Gordo,1657665,Deciduous Forest,32053,1.933623500526343
19033,Cerro Gordo,1657665,Open Water,27446,1.655702448926653
19033,Cerro Gordo,1657665,Developed/Med Intensity,16891,1.0189634214391932
19033,Cerro Gordo,1657665,Woody Wetlands,9985,0.6023533102285443
19033,Cerro Gordo,1657665,Alfalfa,8442,0.5092705703504629
19033,Cerro Gordo,1657665,Barren,6798,0.4100949226773805
19033,Cerro Gordo,1657665,Developed/High Intensity,6445,0.38879990830475397
19033,Cerro Gordo,1657665,Mixed Forest,2176,0.13126898378140336
19033,Cerro Gordo,1657665,Oats,1744,0.10520822964833064
19033,Cerro Gordo,1657665,Other Hay/Non Alfalfa,1061,0.06400569475738464
19033,Cerro Gordo,1657665,Evergreen Forest,180,0.010858647555446969
19033,Cerro Gordo,1657665,Rye,74,0.004464110661683754
19033,Cerro Gordo,1657665,Shrubland,54,0.0032575942666340906
19033,Cerro Gordo,1657665,Sod/Grass Seed,51,0.0030766168073766416
19033,Cerro Gordo,1657665,Triticale,25,0.0015081454938120791
19033,Cerro Gordo,1657665,Fallow/Idle Cropland,12,7.239098370297979e-4
19033,Cerro Gordo,1657665,Sorghum,10,6.032581975248316e-4
19033,Cerro Gordo,1657665,Sweet Corn,8,4.8260655801986535e-4
19033,Cerro Gordo,1657665,Clover/Wildflowers,3,1.8097745925744948e-4
19033,Cerro Gordo,1657665,Winter Wheat,2,1.2065163950496634e-4
19033,Cerro Gordo,1657665,Canola,2,1.2065163950496634e-4
19033,Cerro Gordo,1657665,Dbl Crop WinWht/Soybeans,1,6.032581975248317e-5
19073,Greene,1646515,Corn,771421,46.85174444204881
19073,Greene,1646515,Soybeans,561807,34.12097672963805
19073,Greene,1646515,Grassland/Pasture,108208,6.5719413427754985
19073,Greene,1646515,Developed/Open Space,61677,3.7459118198133634
19073,Greene,1646515,Deciduous Forest,50226,3.0504429051663666
19073,Greene,1646515,Herbaceous Wetlands,21579,1.3105862989404895
19073,Greene,1646515,Woody Wetlands,20406,1.2393449194207158
19073,Greene,1646515,Alfalfa,11529,0.7002061930805368
19073,Greene,1646515,Developed/Low Intensity,11411,0.6930395410913354
19073,Greene,1646515,Open Water,8427,0.5118082738389872
19073,Greene,1646515,Other Hay/Non Alfalfa,5299,0.32183126178625765
19073,Greene,1646515,Oats,4000,0.24293735556615031
19073,Greene,1646515,Developed/Med Intensity,2769,0.16817338439066756
19073,Greene,1646515,Mixed Forest,2751,0.1670801662906199
19073,Greene,1646515,Barren,1877,0.11399835409941603
19073,Greene,1646515,Developed/High Intensity,853,0.05180639107448155
19073,Greene,1646515,Spring Wheat,650,0.03947732027949943
19073,Greene,1646515,Winter Wheat,494,0.030002763412419566
19073,Greene,1646515,Pop or Orn Corn,284,0.017248552245196672
19073,Greene,1646515,Rye,239,0.014515506995077483
19073,Greene,1646515,Barley,207,0.01257200815054828
19073,Greene,1646515,Evergreen Forest,168,0.010203368933778314
19073,Greene,1646515,Sweet Corn,132,0.00801693273368296
19073,Greene,1646515,Clover/Wildflowers,49,0.0029759826056853416
19073,Greene,1646515,Shrubland,24,0.0014576241333969018
19073,Greene,1646515,Sod/Grass Seed,16,9.717494222646014e-4
19073,Greene,1646515,Peas,7,4.251403722407631e-4
19073,Greene,1646515,Sorghum,2,1.2146867778307517e-4
19073,Greene,1646515,Fallow/Idle Cropland,2,1.2146867778307517e-4
19073,Greene,1646515,Canola,1,6.0734338891537586e-5
19179,Wapello,1257118,Deciduous Forest,303373,24.132420345584105
19179,Wapello,1257118,Grassland/Pasture,293594,23.354529964569753
19179,Wapello,1257118,Corn,250628,19.936712384994884
19179,Wapello,1257118,Soybeans,243055,19.334302746440667
19179,Wapello,1257118,Developed/Open Space,46747,3.7185848902012384
19179,Wapello,1257118,Developed/Low Intensity,34781,2.7667251602474865
19179,Wapello,1257118,Open Water,18090,1.4390057257950328
19179,Wapello,1257118,Woody Wetlands,15290,1.216274049055061
19179,Wapello,1257118,Alfalfa,13551,1.0779417683940569
19179,Wapello,1257118,Developed/Med Intensity,9067,0.7212528975004734
19179,Wapello,1257118,Other Hay/Non Alfalfa,8531,0.6786156908102501
19179,Wapello,1257118,Mixed Forest,8115,0.6455241274088829
19179,Wapello,1257118,Herbaceous Wetlands,4067,0.32351776046480923
19179,Wapello,1257118,Developed/High Intensity,3380,0.26886895263610894
19179,Wapello,1257118,Barren,1606,0.12775252601585532
19179,Wapello,1257118,Evergreen Forest,1421,0.11303632594553575
19179,Wapello,1257118,Oats,984,0.07827427496861869
19179,Wapello,1257118,Winter Wheat,343,0.027284630400646562
19179,Wapello,1257118,Shrubland,243,0.019329927659933275
19179,Wapello,1257118,Sorghum,159,0.01264797735773412
19179,Wapello,1257118,Fallow/Idle Cropland,40,0.003181881096285313
19179,Wapello,1257118,Clover/Wildflowers,20,0.0015909405481426566
19179,Wapello,1257118,Rye,12,9.54564328885594e-4
19179,Wapello,1257118,Other Crops,5,3.9773513703566415e-4
19179,Wapello,1257118,Dbl Crop WinWht/Corn,5,3.9773513703566415e-4
19179,Wapello,1257118,Millet,4,3.181881096285313e-4
19179,Wapello,1257118,Peas,2,1.5909405481426565e-4
19179,Wapello,1257118,Sod/Grass Seed,2,1.5909405481426565e-4
19179,Wapello,1257118,Sweet Corn,1,7.954702740713283e-5
19179,Wapello,1257118,Dbl Crop WinWht/Soybeans,1,7.954702740713283e-5
19179,Wapello,1257118,Triticale,1,7.954702740713283e-5
19087,Henry,1258530,Corn,361154,28.696495117319415
19087,Henry,1258530,Soybeans,309051,24.55650640032419
19087,Henry,1258530,Deciduous Forest,255289,20.2846972261289
19087,Henry,1258530,Grassland/Pasture,193120,15.344886494561116
19087,Henry,1258530,Developed/Open Space,44265,3.5171986365044936
19087,Henry,1258530,Developed/Low Intensity,28270,2.246271443668407
19087,Henry,1258530,Alfalfa,14984,1.1905953771463533
19087,Henry,1258530,Woody Wetlands,12385,0.9840846066442597
19087,Henry,1258530,Open Water,10156,0.8069732147823255
19087,Henry,1258530,Mixed Forest,6383,0.5071790104328064
19087,Henry,1258530,Developed/Med Intensity,5621,0.4466321819900996
19087,Henry,1258530,Other Hay/Non Alfalfa,4376,0.34770724575496814
19087,Henry,1258530,Herbaceous Wetlands,4362,0.34659483683344855
19087,Henry,1258530,Oats,2989,0.23749930474442404
19087,Henry,1258530,Barren,2007,0.15947176467783844
19087,Henry,1258530,Developed/High Intensity,1324,0.10520210086370607
19087,Henry,1258530,Evergreen Forest,1148,0.09121753156460315
19087,Henry,1258530,Shrubland,622,0.04942273922751146
19087,Henry,1258530,Winter Wheat,339,0.02693618745679483
19087,Henry,1258530,Sorghum,228,0.018116373864746967
19087,Henry,1258530,Millet,171,0.013587280398560227
19087,Henry,1258530,Rye,109,0.008660898031830786
19087,Henry,1258530,Triticale,42,0.003337226764558652
19087,Henry,1258530,Dbl Crop WinWht/Soybeans,39,0.0030988534242330336
19087,Henry,1258530,Fallow/Idle Cropland,28,0.0022248178430391012
19087,Henry,1258530,Clover/Wildflowers,24,0.001906986722604944
19087,Henry,1258530,Other Crops,19,0.0015096978220622472
19087,Henry,1258530,Dbl Crop WinWht/Corn,14,0.0011124089215195506
19087,Henry,1258530,Switchgrass,6,4.76746680651236e-4
19087,Henry,1258530,Peas,4,3.178311204341573e-4
19087,Henry,1258530,Sod/Grass Seed,1,7.945778010853933e-5
19119,Lyon,1694873,Corn,848815,50.081333527644844
19119,Lyon,1694873,Soybeans,517269,30.51963185442213
19119,Lyon,1694873,Grassland/Pasture,131610,7.7651835860268
19119,Lyon,1694873,Developed/Open Space,65091,3.840464742786038
19119,Lyon,1694873,Herbaceous Wetlands,40798,2.4071420100503107
19119,Lyon,1694873,Deciduous Forest,28034,1.6540472353975784
19119,Lyon,1694873,Alfalfa,26981,1.5919186865328554
19119,Lyon,1694873,Developed/Low Intensity,10660,0.628955679865099
19119,Lyon,1694873,Open Water,6438,0.3798514696971395
19119,Lyon,1694873,Barren,5418,0.3196699693723365
19119,Lyon,1694873,Developed/Med Intensity,3956,0.23340981890678536
19119,Lyon,1694873,Oats,3714,0.2191314629473713
19119,Lyon,1694873,Mixed Forest,2387,0.14083651105422057
19119,Lyon,1694873,Other Hay/Non Alfalfa,1210,0.07139177979707034
19119,Lyon,1694873,Developed/High Intensity,912,0.05380934146688277
19119,Lyon,1694873,Woody Wetlands,529,0.031211778109628274
19119,Lyon,1694873,Rye,477,0.028143701622481452
19119,Lyon,1694873,Sorghum,136,0.008024200043307079
19119,Lyon,1694873,Shrubland,120,0.007080176508800364
19119,Lyon,1694873,Switchgrass,88,0.005192129439786934
19119,Lyon,1694873,Evergreen Forest,66,0.0038940970798402004
19119,Lyon,1694873,Winter Wheat,61,0.003599089725306852
19119,Lyon,1694873,Millet,43,0.0025370632489867973
19119,Lyon,1694873,Fallow/Idle Cropland,20,0.0011800294181333942
19119,Lyon,1694873,Barley,18,0.0010620264763200548
19119,Lyon,1694873,Canola,15,8.850220636000455e-4
19119,Lyon,1694873,Clover/Wildflowers,3,1.770044127200091e-4
19119,Lyon,1694873,Peas,2,1.180029418133394e-4
19119,Lyon,1694873,Sugarbeets,1,5.90014709066697e-5
19119,Lyon,1694873,Sod/Grass Seed,1,5.90014709066697e-5
19003,Adams,1226690,Grassland/Pasture,343084,27.968272342645655
19003,Adams,1226690,Corn,331298,27.007475401283127
19003,Adams,1226690,Soybeans,329313,26.845657827160895
19003,Adams,1226690,Deciduous Forest,93625,7.632327645941517
19003,Adams,1226690,Developed/Open Space,30808,2.5114739665278107
19003,Adams,1226690,Alfalfa,25394,2.070123666125916
19003,Adams,1226690,Developed/Low Intensity,18281,1.4902705655055475
19003,Adams,1226690,Other Hay/Non Alfalfa,17381,1.4169023958783393
19003,Adams,1226690,Open Water,10825,0.8824560402383651
19003,Adams,1226690,Mixed Forest,8880,0.7238992736551206
19003,Adams,1226690,Woody Wetlands,6320,0.5152075911599507
19003,Adams,1226690,Oats,3415,0.2783914436410177
19003,Adams,1226690,Evergreen Forest,2365,0.19279524574260815
19003,Adams,1226690,Herbaceous Wetlands,1804,0.14706242000831507
19003,Adams,1226690,Developed/Med Intensity,1213,0.0988839886197817
19003,Adams,1226690,Barren,967,0.07883002225501146
19003,Adams,1226690,Rye,947,0.07719961848551794
19003,Adams,1226690,Shrubland,281,0.022907172961383886
19003,Adams,1226690,Developed/High Intensity,264,0.021521329757314397
19003,Adams,1226690,Clover/Wildflowers,99,0.008070498658992899
19003,Adams,1226690,Winter Wheat,70,0.005706413193227303
19003,Adams,1226690,Fallow/Idle Cropland,27,0.002201045088816245
19003,Adams,1226690,Barley,16,0.0013043230155948121
19003,Adams,1226690,Sweet Corn,6,4.891211308480545e-4
19003,Adams,1226690,Sorghum,3,2.4456056542402726e-4
19003,Adams,1226690,Pop or Orn Corn,1,8.152018847467576e-5
19003,Adams,1226690,Spring Wheat,1,8.152018847467576e-5
19003,Adams,1226690,Sod/Grass Seed,1,8.152018847467576e-5
19003,Adams,1226690,Triticale,1,8.152018847467576e-5
19133,Monona,2014649,Corn,790983,39.26157856778029
19133,Monona,2014649,Soybeans,606356,30.09735194567391
19133,Monona,2014649,Deciduous Forest,201249,9.989283493055117
19133,Monona,2014649,Grassland/Pasture,196058,9.731620743861585
19133,Monona,2014649,Developed/Open Space,73604,3.6534403759662353
19133,Monona,2014649,Herbaceous Wetlands,53195,2.6404103146503437
19133,Monona,2014649,Open Water,19781,0.9818583783080824
19133,Monona,2014649,Alfalfa,18530,0.9197631944820164
19133,Monona,2014649,Developed/Low Intensity,15983,0.7933391871239108
19133,Monona,2014649,Woody Wetlands,12403,0.6156407394042337
19133,Monona,2014649,Evergreen Forest,10821,0.5371158946297842
19133,Monona,2014649,Barren,4153,0.2061401266424077
19133,Monona,2014649,Developed/Med Intensity,3158,0.15675187092143594
19133,Monona,2014649,Mixed Forest,2161,0.10726434232464314
19133,Monona,2014649,Other Hay/Non Alfalfa,1815,0.09009013480760172
19133,Monona,2014649,Oats,1407,0.06983846814010779
19133,Monona,2014649,Rye,1229,0.06100318219203444
19133,Monona,2014649,Sorghum,634,0.03146950163527245
19133,Monona,2014649,Developed/High Intensity,551,0.027349677288698925
19133,Monona,2014649,Shrubland,292,0.014493839869873114
19133,Monona,2014649,Pop or Orn Corn,167,0.008289285131057568
19133,Monona,2014649,Fallow/Idle Cropland,81,0.004020551470752473
19133,Monona,2014649,Winter Wheat,14,6.949101307473411e-4
19133,Monona,2014649,Barley,11,5.46000817015768e-4
19133,Monona,2014649,Canola,4,1.9854575164209744e-4
19133,Monona,2014649,Switchgrass,4,1.9854575164209744e-4
19133,Monona,2014649,Millet,2,9.927287582104872e-5
19133,Monona,2014649,Clover/Wildflowers,2,9.927287582104872e-5
19133,Monona,2014649,Peas,1,4.963643791052436e-5
19091,Humboldt,1256040,Corn,646556,51.47574917996243
19091,Humboldt,1256040,Soybeans,430823,34.30010190758256
19091,Humboldt,1256040,Grassland/Pasture,47858,3.810228973599567
19091,Humboldt,1256040,Developed/Open Space,38971,3.102687812490048
19091,Humboldt,1256040,Woody Wetlands,24449,1.946514442215216
19091,Humboldt,1256040,Herbaceous Wetlands,17808,1.417789242380816
19091,Humboldt,1256040,Developed/Low Intensity,17734,1.4118977102640045
19091,Humboldt,1256040,Deciduous Forest,9026,0.7186076876532594
19091,Humboldt,1256040,Open Water,6192,0.4929779306391516
19091,Humboldt,1256040,Developed/Med Intensity,3799,0.30245852042928567
19091,Humboldt,1256040,Oats,3574,0.28454507818222347
19091,Humboldt,1256040,Alfalfa,3505,0.2790516225597911
19091,Humboldt,1256040,Barren,2475,0.19704786471768415
19091,Humboldt,1256040,Other Hay/Non Alfalfa,1755,0.13972484952708514
19091,Humboldt,1256040,Developed/High Intensity,888,0.0706983854017388
19091,Humboldt,1256040,Mixed Forest,336,0.026750740422279543
19091,Humboldt,1256040,Canola,129,0.010270373554982325
19091,Humboldt,1256040,Evergreen Forest,76,0.00605076271456323
19091,Humboldt,1256040,Rye,28,0.0022292283685232954
19091,Humboldt,1256040,Sweet Corn,11,8.757682876341517e-4
19091,Humboldt,1256040,Shrubland,11,8.757682876341517e-4
19091,Humboldt,1256040,Clover/Wildflowers,7,5.573070921308239e-4
19091,Humboldt,1256040,Winter Wheat,6,4.7769179325499184e-4
19091,Humboldt,1256040,Peas,6,4.7769179325499184e-4
19091,Humboldt,1256040,Barley,5,3.980764943791599e-4
19091,Humboldt,1256040,Pop or Orn Corn,4,3.184611955033279e-4
19091,Humboldt,1256040,Sorghum,2,1.5923059775166395e-4
19091,Humboldt,1256040,Dry Beans,2,1.5923059775166395e-4
19091,Humboldt,1256040,Sod/Grass Seed,2,1.5923059775166395e-4
19091,Humboldt,1256040,Fallow/Idle Cropland,2,1.5923059775166395e-4
19115,Louisa,1204583,Corn,365699,30.358970697743537
19115,Louisa,1204583,Soybeans,310330,25.762442272554072
19115,Louisa,1204583,Deciduous Forest,130624,10.843918600876817
19115,Louisa,1204583,Grassland/Pasture,125019,10.378612349667893
19115,Louisa,1204583,Woody Wetlands,85125,7.06676086247274
19115,Louisa,1204583,Open Water,55128,4.576521501631685
19115,Louisa,1204583,Herbaceous Wetlands,49563,4.11453590163567
19115,Louisa,1204583,Developed/Open Space,33444,2.776396479113519
19115,Louisa,1204583,Developed/Low Intensity,19136,1.5885995402558397
19115,Louisa,1204583,Mixed Forest,12706,1.0548048577806592
19115,Louisa,1204583,Alfalfa,6665,0.5533035083510227
19115,Louisa,1204583,Developed/Med Intensity,3386,0.2810931251727776
19115,Louisa,1204583,Oats,1665,0.13822210673735227
19115,Louisa,1204583,Barren,1502,0.1246904530447466
19115,Louisa,1204583,Other Hay/Non Alfalfa,1250,0.10377035040341762
19115,Louisa,1204583,Dry Beans,1233,0.10235907363793112
19115,Louisa,1204583,Developed/High Intensity,663,0.0550397938539727
19115,Louisa,1204583,Potatoes,508,0.042172270403948914
19115,Louisa,1204583,Evergreen Forest,231,0.019176760754551575
19115,Louisa,1204583,Dbl Crop WinWht/Soybeans,211,0.017516435148096893
19115,Louisa,1204583,Winter Wheat,199,0.016520239784224084
19115,Louisa,1204583,Switchgrass,112,0.009297823396146218
19115,Louisa,1204583,Shrubland,94,0.007803530350337004
19115,Louisa,1204583,Rye,34,0.002822553530972959
19115,Louisa,1204583,Fallow/Idle Cropland,31,0.002573504690004757
19115,Louisa,1204583,Sod/Grass Seed,10,8.301628032273409e-4
19115,Louisa,1204583,Sorghum,8,6.641302425818727e-4
19115,Louisa,1204583,Spring Wheat,2,1.660325606454682e-4
19115,Louisa,1204583,Clover/Wildflowers,2,1.660325606454682e-4
19115,Louisa,1204583,Millet,1,8.30162803227341e-5
19115,Louisa,1204583,Other Crops,1,8.30162803227341e-5
19115,Louisa,1204583,Peas,1,8.30162803227341e-5
19171,Tama,2080944,Corn,813183,39.0776013194012
19171,Tama,2080944,Soybeans,623891,29.981152784505493
19171,Tama,2080944,Grassland/Pasture,265099,12.739362520087038
19171,Tama,2080944,Deciduous Forest,110376,5.304131201992942
19171,Tama,2080944,Developed/Open Space,68294,3.281875917852667
19171,Tama,2080944,Woody Wetlands,55768,2.6799375667966077
19171,Tama,2080944,Herbaceous Wetlands,43964,2.112695007650374
19171,Tama,2080944,Developed/Low Intensity,26413,1.269279711515543
19171,Tama,2080944,Alfalfa,25103,1.2063275128979924
19171,Tama,2080944,Mixed Forest,19927,0.9575942456884953
19171,Tama,2080944,Open Water,10975,0.5274048700974173
19171,Tama,2080944,Oats,5240,0.251808794470202
19171,Tama,2080944,Developed/Med Intensity,4746,0.22806956842663714
19171,Tama,2080944,Other Hay/Non Alfalfa,3738,0.17963001407053722
19171,Tama,2080944,Barren,1842,0.08851751897215879
19171,Tama,2080944,Developed/High Intensity,1172,0.05632059296165586
19171,Tama,2080944,Shrubland,733,0.03522439815775917
19171,Tama,2080944,Evergreen Forest,306,0.01470486471524462
19171,Tama,2080944,Fallow/Idle Cropland,62,0.0029794170338077334
19171,Tama,2080944,Sod/Grass Seed,48,0.002306645445528568
19171,Tama,2080944,Rye,13,6.247164748306537e-4
19171,Tama,2080944,Millet,13,6.247164748306537e-4
19171,Tama,2080944,Clover/Wildflowers,13,6.247164748306537e-4
19171,Tama,2080944,Sorghum,11,5.2860624793363e-4
19171,Tama,2080944,Winter Wheat,9,4.324960210366064e-4
19171,Tama,2080944,Triticale,4,1.9222045379404731e-4
19171,Tama,2080944,Switchgrass,1,4.805511344851183e-5
19135,Monroe,1252130,Deciduous Forest,442517,35.34113869965579
19135,Monroe,1252130,Grassland/Pasture,428289,34.20483496122607
19135,Monroe,1252130,Soybeans,142362,11.369586225072476
19135,Monroe,1252130,Corn,107494,8.584891345147868
19135,Monroe,1252130,Developed/Open Space,32670,2.6091540015813055
19135,Monroe,1252130,Alfalfa,26660,2.12917189109757
19135,Monroe,1252130,Developed/Low Intensity,17840,1.424772188191322
19135,Monroe,1252130,Other Hay/Non Alfalfa,16280,1.3001844856364753
19135,Monroe,1252130,Mixed Forest,16144,1.2893229936188735
19135,Monroe,1252130,Woody Wetlands,8030,0.6413072125098831
19135,Monroe,1252130,Open Water,5564,0.44436280577895265
19135,Monroe,1252130,Developed/Med Intensity,2246,0.17937434611422137
19135,Monroe,1252130,Herbaceous Wetlands,1922,0.15349843866052246
19135,Monroe,1252130,Oats,1078,0.08609329702187472
19135,Monroe,1252130,Developed/High Intensity,1013,0.08090214274875612
19135,Monroe,1252130,Evergreen Forest,889,0.0709990176738837
19135,Monroe,1252130,Barren,818,0.06532867992940031
19135,Monroe,1252130,Shrubland,191,0.015254007171779289
19135,Monroe,1252130,Sorghum,44,0.0035140121233418254
19135,Monroe,1252130,Clover/Wildflowers,41,0.003274420387659428
19135,Monroe,1252130,Winter Wheat,19,0.0015174143259885154
19135,Monroe,1252130,Fallow/Idle Cropland,7,5.590473832589268e-4
19135,Monroe,1252130,Millet,4,3.1945564757652963e-4
19135,Monroe,1252130,Sod/Grass Seed,3,2.395917356823972e-4
19135,Monroe,1252130,Dbl Crop WinWht/Corn,3,2.395917356823972e-4
19135,Monroe,1252130,Rye,2,1.5972782378826481e-4
19139,Muscatine,1295157,Corn,433603,33.47879832329208
19139,Muscatine,1295157,Soybeans,317545,24.517876983253768
19139,Muscatine,1295157,Grassland/Pasture,147234,11.368042638846102
19139,Muscatine,1295157,Woody Wetlands,83126,6.418218022988718
19139,Muscatine,1295157,Deciduous Forest,81099,6.261711900564951
19139,Muscatine,1295157,Mixed Forest,49829,3.847332794402532
19139,Muscatine,1295157,Developed/Open Space,48711,3.761011213312363
19139,Muscatine,1295157,Developed/Low Intensity,36029,2.781824906169677
19139,Muscatine,1295157,Open Water,35052,2.7063900361114523
19139,Muscatine,1295157,Herbaceous Wetlands,23023,1.77762232686848
19139,Muscatine,1295157,Developed/Med Intensity,14156,1.0929949033206012
19139,Muscatine,1295157,Alfalfa,10465,0.8080101485765819
19139,Muscatine,1295157,Developed/High Intensity,5622,0.4340786483800806
19139,Muscatine,1295157,Oats,2608,0.2013655487327019
19139,Muscatine,1295157,Other Hay/Non Alfalfa,2435,0.18800809477152192
19139,Muscatine,1295157,Barren,1991,0.15372653662837787
19139,Muscatine,1295157,Dry Beans,1077,0.08315594171208587
19139,Muscatine,1295157,Potatoes,583,0.0450138477420112
19139,Muscatine,1295157,Evergreen Forest,354,0.027332593654668894
19139,Muscatine,1295157,Sorghum,163,0.012585346795793869
19139,Muscatine,1295157,Switchgrass,131,0.010114603866558262
19139,Muscatine,1295157,Rye,85,0.006562910905782079
19139,Muscatine,1295157,Fallow/Idle Cropland,70,0.005404750157702889
19139,Muscatine,1295157,Shrubland,68,0.005250328724625663
19139,Muscatine,1295157,Sod/Grass Seed,34,0.0026251643623128314
19139,Muscatine,1295157,Winter Wheat,20,0.001544214330772254
19139,Muscatine,1295157,Clover/Wildflowers,18,0.0013897928976950285
19139,Muscatine,1295157,Spring Wheat,14,0.0010809500315405779
19139,Muscatine,1295157,Triticale,6,4.632642992316762e-4
19139,Muscatine,1295157,Dbl Crop WinWht/Soybeans,4,3.0884286615445077e-4
19139,Muscatine,1295157,Millet,1,7.721071653861269e-5
19139,Muscatine,1295157,Other Crops,1,7.721071653861269e-5
19117,Lucas,1252644,Grassland/Pasture,446760,35.665360629197124
19117,Lucas,1252644,Deciduous Forest,334835,26.730260153722845
19117,Lucas,1252644,Soybeans,167570,13.377304325889877
19117,Lucas,1252644,Corn,132558,10.582256411238948
19117,Lucas,1252644,Developed/Open Space,37510,2.994466105294082
19117,Lucas,1252644,Mixed Forest,28826,2.301212475372093
19117,Lucas,1252644,Alfalfa,23349,1.8639773151829253
19117,Lucas,1252644,Other Hay/Non Alfalfa,18902,1.50896823039906
19117,Lucas,1252644,Woody Wetlands,18782,1.4993884934586361
19117,Lucas,1252644,Developed/Low Intensity,15992,1.2766596095937872
19117,Lucas,1252644,Open Water,12048,0.9618055888185311
19117,Lucas,1252644,Herbaceous Wetlands,7881,0.629149223562321
19117,Lucas,1252644,Evergreen Forest,2471,0.1972627498315563
19117,Lucas,1252644,Oats,2370,0.18919980457336644
19117,Lucas,1252644,Developed/Med Intensity,1581,0.12621303419008115
19117,Lucas,1252644,Developed/High Intensity,439,0.03504587097371639
19117,Lucas,1252644,Barren,358,0.028579548538930452
19117,Lucas,1252644,Shrubland,284,0.02267204409233589
19117,Lucas,1252644,Sorghum,50,0.00399155705850984
19117,Lucas,1252644,Sod/Grass Seed,29,0.0023151030939357075
19117,Lucas,1252644,Clover/Wildflowers,26,0.002075609670425117
19117,Lucas,1252644,Fallow/Idle Cropland,7,5.588179881913777e-4
19117,Lucas,1252644,Dbl Crop WinWht/Corn,7,5.588179881913777e-4
19117,Lucas,1252644,Rye,6,4.789868470211808e-4
19117,Lucas,1252644,Sweet Corn,1,7.98311411701968e-5
19117,Lucas,1252644,Winter Wheat,1,7.98311411701968e-5
19117,Lucas,1252644,Peas,1,7.98311411701968e-5
19079,Hamilton,1664621,Corn,892688,53.627101904878046
19079,Hamilton,1664621,Soybeans,504269,30.293322023451587
19079,Hamilton,1664621,Grassland/Pasture,78463,4.713565430209039
19079,Hamilton,1664621,Developed/Open Space,63873,3.8370896438288358
19079,Hamilton,1664621,Deciduous Forest,47478,2.852180766673014
19079,Hamilton,1664621,Developed/Low Intensity,18911,1.1360543931621674
19079,Hamilton,1664621,Woody Wetlands,14934,0.8971411510487973
19079,Hamilton,1664621,Herbaceous Wetlands,10378,0.6234452166589272
19079,Hamilton,1664621,Developed/Med Intensity,7768,0.4666527696094186
19079,Hamilton,1664621,Open Water,6701,0.40255409489607547
19079,Hamilton,1664621,Alfalfa,6585,0.39558554169387505
19079,Hamilton,1664621,Oats,3071,0.1844864386548049
19079,Hamilton,1664621,Barren,2607,0.15661222584600337
19079,Hamilton,1664621,Mixed Forest,2346,0.14093298114105254
19079,Hamilton,1664621,Other Hay/Non Alfalfa,2265,0.1360670086464126
19079,Hamilton,1664621,Developed/High Intensity,1559,0.09365495208819305
19079,Hamilton,1664621,Evergreen Forest,284,0.017060940598490587
19079,Hamilton,1664621,Peas,179,0.010753198475809208
19079,Hamilton,1664621,Rye,68,0.004085013946117465
19079,Hamilton,1664621,Sweet Corn,43,0.002583170583574279
19079,Hamilton,1664621,Shrubland,43,0.002583170583574279
19079,Hamilton,1664621,Triticale,28,0.0016820645660483677
19079,Hamilton,1664621,Sod/Grass Seed,17,0.0010212534865293662
19079,Hamilton,1664621,Winter Wheat,13,7.809585485224565e-4
19079,Hamilton,1664621,Barley,10,6.007373450172741e-4
19079,Hamilton,1664621,Canola,9,5.406636105155468e-4
19079,Hamilton,1664621,Dbl Crop WinWht/Soybeans,8,4.805898760138194e-4
19079,Hamilton,1664621,Sorghum,7,4.2051614151209193e-4
19079,Hamilton,1664621,Fallow/Idle Cropland,6,3.6044240701036453e-4
19079,Hamilton,1664621,Spring Wheat,5,3.0036867250863707e-4
19079,Hamilton,1664621,Clover/Wildflowers,5,3.0036867250863707e-4
19069,Franklin,1679013,Corn,965461,57.5016989147791
19069,Franklin,1679013,Soybeans,449681,26.782460886246863
19069,Franklin,1679013,Grassland/Pasture,89614,5.337302331786591
19069,Franklin,1679013,Developed/Open Space,59414,3.5386265621528836
19069,Franklin,1679013,Deciduous Forest,24223,1.4426928201270628
19069,Franklin,1679013,Herbaceous Wetlands,21333,1.2705678872051616
19069,Franklin,1679013,Woody Wetlands,20905,1.2450767206686308
19069,Franklin,1679013,Developed/Low Intensity,20030,1.1929627703895087
19069,Franklin,1679013,Alfalfa,8381,0.49916230547351326
19069,Franklin,1679013,Developed/Med Intensity,4968,0.29588811998477677
19069,Franklin,1679013,Open Water,4228,0.25181460774871905
19069,Franklin,1679013,Barren,2798,0.16664552329255342
19069,Franklin,1679013,Oats,2790,0.16616905289000145
19069,Franklin,1679013,Mixed Forest,2471,0.14716979558824145
19069,Franklin,1679013,Other Hay/Non Alfalfa,1182,0.07039850197705438
19069,Franklin,1679013,Developed/High Intensity,1070,0.06372791634132673
19069,Franklin,1679013,Evergreen Forest,133,0.007921320442426593
19069,Franklin,1679013,Rye,66,0.003930880821053797
19069,Franklin,1679013,Sod/Grass Seed,64,0.003811763220415804
19069,Franklin,1679013,Sorghum,49,0.00291838121563085
19069,Franklin,1679013,Shrubland,49,0.00291838121563085
19069,Franklin,1679013,Sweet Corn,29,0.0017272052092509112
19069,Franklin,1679013,Triticale,14,8.33823204465957e-4
19069,Franklin,1679013,Clover/Wildflowers,11,6.551468035089663e-4
19069,Franklin,1679013,Fallow/Idle Cropland,11,6.551468035089663e-4
19069,Franklin,1679013,Winter Wheat,10,5.955880031899693e-4
19069,Franklin,1679013,Peas,9,5.360292028709724e-4
19069,Franklin,1679013,Dbl Crop WinWht/Soybeans,8,4.764704025519755e-4
19069,Franklin,1679013,Canola,8,4.764704025519755e-4
19069,Franklin,1679013,Barley,2,1.1911760063799387e-4
19069,Franklin,1679013,Millet,1,5.9558800318996934e-5
19017,Bremer,1266837,Corn,606262,47.85635405344176
19017,Bremer,1266837,Soybeans,286205,22.592093536895433
19017,Bremer,1266837,Grassland/Pasture,114197,9.014340440009251
19017,Bremer,1266837,Woody Wetlands,70891,5.595905392722189
19017,Bremer,1266837,Deciduous Forest,50438,3.9814119732846454
19017,Bremer,1266837,Developed/Open Space,42480,3.353233288891941
19017,Bremer,1266837,Developed/Low Intensity,31969,2.523529072801
19017,Bremer,1266837,Herbaceous Wetlands,20722,1.6357274061303864
19017,Bremer,1266837,Alfalfa,13332,1.0523847977285161
19017,Bremer,1266837,Open Water,9913,0.7825000374949579
19017,Bremer,1266837,Developed/Med Intensity,7881,0.6221005543728199
19017,Bremer,1266837,Oats,4056,0.3201674722162362
19017,Bremer,1266837,Mixed Forest,2512,0.19828912480453287
19017,Bremer,1266837,Barren,2178,0.17192424913386647
19017,Bremer,1266837,Developed/High Intensity,1652,0.13040351679024217
19017,Bremer,1266837,Other Hay/Non Alfalfa,1443,0.1139057353076994
19017,Bremer,1266837,Evergreen Forest,399,0.03149576464849069
19017,Bremer,1266837,Rye,126,0.00994603094162864
19017,Bremer,1266837,Barley,95,0.007498991582973973
19017,Bremer,1266837,Shrubland,59,0.004657268456794363
19017,Bremer,1266837,Sweet Corn,7,5.525572745349244e-4
19017,Bremer,1266837,Triticale,7,5.525572745349244e-4
19017,Bremer,1266837,Winter Wheat,4,3.157470140199568e-4
19017,Bremer,1266837,Millet,4,3.157470140199568e-4
19017,Bremer,1266837,Sorghum,3,2.3681026051496762e-4
19017,Bremer,1266837,Sod/Grass Seed,1,7.89367535049892e-5
19017,Bremer,1266837,Fallow/Idle Cropland,1,7.89367535049892e-5
19141,O'Brien,1652020,Corn,793617,48.039188387549785
19141,O'Brien,1652020,Soybeans,608210,36.81614024043293
19141,O'Brien,1652020,Grassland/Pasture,79978,4.841224682509897
19141,O'Brien,1652020,Developed/Open Space,65324,3.9541894165930196
19141,O'Brien,1652020,Herbaceous Wetlands,35083,2.123642570913185
19141,O'Brien,1652020,Mixed Forest,22580,1.3668115398118665
19141,O'Brien,1652020,Developed/Low Intensity,14361,0.8692994031549255
19141,O'Brien,1652020,Developed/Med Intensity,7118,0.43086645440127846
19141,O'Brien,1652020,Alfalfa,6947,0.42051549012723816
19141,O'Brien,1652020,Other Hay/Non Alfalfa,4384,0.2653720899262721
19141,O'Brien,1652020,Open Water,3176,0.19224948850498177
19141,O'Brien,1652020,Barren,2957,0.17899299039963196
19141,O'Brien,1652020,Oats,2804,0.16973160131233278
19141,O'Brien,1652020,Deciduous Forest,2358,0.14273434946308156
19141,O'Brien,1652020,Developed/High Intensity,1234,0.07469643224658297
19141,O'Brien,1652020,Woody Wetlands,1103,0.06676674616530066
19141,O'Brien,1652020,Evergreen Forest,411,0.02487863343058801
19141,O'Brien,1652020,Canola,258,0.015617244343288822
19141,O'Brien,1652020,Rye,35,0.0021186184186632122
19141,O'Brien,1652020,Shrubland,29,0.0017554266897495188
19141,O'Brien,1652020,Sorghum,21,0.0012711710511979274
19141,O'Brien,1652020,Winter Wheat,16,9.685112771031828e-4
19141,O'Brien,1652020,Fallow/Idle Cropland,8,4.842556385515914e-4
19141,O'Brien,1652020,Switchgrass,5,3.026597740947446e-4
19141,O'Brien,1652020,Barley,2,1.2106390963789785e-4
19141,O'Brien,1652020,Sod/Grass Seed,1,6.053195481894892e-5
19077,Guthrie,1709441,Corn,519004,30.361036151584052
19077,Guthrie,1709441,Soybeans,426436,24.94593261773878
19077,Guthrie,1709441,Grassland/Pasture,364119,21.30047190865318
19077,Guthrie,1709441,Deciduous Forest,202097,11.822402762072514
19077,Guthrie,1709441,Developed/Open Space,60823,3.5580637179054437
19077,Guthrie,1709441,Alfalfa,37208,2.1766179704359496
19077,Guthrie,1709441,Mixed Forest,16381,0.9582664742450895
19077,Guthrie,1709441,Developed/Low Intensity,15571,0.9108825633642811
19077,Guthrie,1709441,Woody Wetlands,14965,0.8754323781867874
19077,Guthrie,1709441,Other Hay/Non Alfalfa,14317,0.8375252494821406
19077,Guthrie,1709441,Open Water,13631,0.7973951718719745
19077,Guthrie,1709441,Herbaceous Wetlands,9223,0.5395330988317234
19077,Guthrie,1709441,Oats,7215,0.4220677987716452
19077,Guthrie,1709441,Developed/Med Intensity,2250,0.13162197466891223
19077,Guthrie,1709441,Barren,1859,0.10874900040422572
19077,Guthrie,1709441,Rye,1228,0.07183634884152189
19077,Guthrie,1709441,Evergreen Forest,704,0.04118305340751743
19077,Guthrie,1709441,Developed/High Intensity,629,0.03679565425188702
19077,Guthrie,1709441,Barley,598,0.034982195934226454
19077,Guthrie,1709441,Spring Wheat,365,0.021352009224067985
19077,Guthrie,1709441,Winter Wheat,278,0.01626262620353671
19077,Guthrie,1709441,Clover/Wildflowers,268,0.01567763964945266
19077,Guthrie,1709441,Shrubland,159,0.009301286209936465
19077,Guthrie,1709441,Sorghum,49,0.0028664341150118665
19077,Guthrie,1709441,Fallow/Idle Cropland,24,0.0014039677298017304
19077,Guthrie,1709441,Sweet Corn,17,9.944771419428925e-4
19077,Guthrie,1709441,Pop or Orn Corn,15,8.774798311260816e-4
19077,Guthrie,1709441,Other Crops,5,2.924932770420272e-4
19077,Guthrie,1709441,Switchgrass,2,1.1699731081681088e-4
19077,Guthrie,1709441,Peas,1,5.849865540840544e-5
19183,Washington,1645661,Corn,547625,33.276902108028324
19183,Washington,1645661,Soybeans,419006,25.461258424426415
19183,Washington,1645661,Grassland/Pasture,289216,17.574457922986568
19183,Washington,1645661,Deciduous Forest,178518,10.847799151830175
19183,Washington,1645661,Developed/Open Space,47911,2.9113529457160374
19183,Washington,1645661,Woody Wetlands,45089,2.7398716989708087
19183,Washington,1645661,Developed/Low Intensity,32457,1.9722774009957094
19183,Washington,1645661,Alfalfa,20969,1.2741992427358977
19183,Washington,1645661,Mixed Forest,15522,0.943207622955153
19183,Washington,1645661,Herbaceous Wetlands,14228,0.864576604780693
19183,Washington,1645661,Open Water,10178,0.61847488638304
19183,Washington,1645661,Developed/Med Intensity,7720,0.46911241136540266
19183,Washington,1645661,Oats,6042,0.36714730433546156
19183,Washington,1645661,Other Hay/Non Alfalfa,4834,0.29374214981092706
19183,Washington,1645661,Barren,2749,0.1670453392284316
19183,Washington,1645661,Developed/High Intensity,1657,0.10068902404565704
19183,Washington,1645661,Winter Wheat,661,0.04016623107675275
19183,Washington,1645661,Rye,629,0.03822172367212932
19183,Washington,1645661,Evergreen Forest,284,0.01725750321603295
19183,Washington,1645661,Shrubland,198,0.012031639566107479
19183,Washington,1645661,Fallow/Idle Cropland,69,0.004192844091219273
19183,Washington,1645661,Switchgrass,25,0.0015191464098620554
19183,Washington,1645661,Sorghum,22,0.0013368488406786088
19183,Washington,1645661,Dbl Crop WinWht/Soybeans,21,0.0012760829842841264
19183,Washington,1645661,Spring Wheat,7,4.253609947613755e-4
19183,Washington,1645661,Millet,6,3.645951383668933e-4
19183,Washington,1645661,Clover/Wildflowers,5,3.0382928197241106e-4
19183,Washington,1645661,Sod/Grass Seed,5,3.0382928197241106e-4
19183,Washington,1645661,Dbl Crop WinWht/Corn,3,1.8229756918344665e-4
19183,Washington,1645661,Flaxseed,2,1.2153171278896445e-4
19183,Washington,1645661,Dry Beans,2,1.2153171278896445e-4
19183,Washington,1645661,Triticale,1,6.0765856394482224e-5
19167,Sioux,2216916,Corn,1171798,52.857122236476265
19167,Sioux,2216916,Soybeans,658088,29.684841464448812
19167,Sioux,2216916,Grassland/Pasture,98034,4.4220890642676585
19167,Sioux,2216916,Developed/Open Space,95178,4.2932614496895685
19167,Sioux,2216916,Herbaceous Wetlands,58719,2.648679516950575
19167,Sioux,2216916,Alfalfa,32697,1.4748867345447458
19167,Sioux,2216916,Developed/Low Intensity,27052,1.2202537218370024
19167,Sioux,2216916,Deciduous Forest,21278,0.9598018147733157
19167,Sioux,2216916,Developed/Med Intensity,14411,0.6500471826627621
19167,Sioux,2216916,Open Water,12961,0.5846410057936341
19167,Sioux,2216916,Barren,9129,0.41178826802639346
19167,Sioux,2216916,Oats,5037,0.22720752613089534
19167,Sioux,2216916,Mixed Forest,4014,0.18106234065702084
19167,Sioux,2216916,Woody Wetlands,3095,0.1396083568344493
19167,Sioux,2216916,Developed/High Intensity,2756,0.124316843759529
19167,Sioux,2216916,Other Hay/Non Alfalfa,1237,0.05579823502559412
19167,Sioux,2216916,Sorghum,444,0.02002782243440888
19167,Sioux,2216916,Rye,267,0.012043758085556692
19167,Sioux,2216916,Winter Wheat,205,0.009247080178049146
19167,Sioux,2216916,Fallow/Idle Cropland,171,0.007713418099738556
19167,Sioux,2216916,Shrubland,146,0.006585725395098416
19167,Sioux,2216916,Switchgrass,93,0.00419501686126132
19167,Sioux,2216916,Evergreen Forest,61,0.002751570199321941
19167,Sioux,2216916,Spring Wheat,22,9.92369580083323e-4
19167,Sioux,2216916,Canola,11,4.961847900416615e-4
19167,Sioux,2216916,Barley,7,3.157539572992391e-4
19167,Sioux,2216916,Millet,2,9.021541637121118e-5
19167,Sioux,2216916,Sweet Corn,1,4.510770818560559e-5
19167,Sioux,2216916,Pop or Orn Corn,1,4.510770818560559e-5
19167,Sioux,2216916,Dry Beans,1,4.510770818560559e-5
19005,Allamakee,1899021,Deciduous Forest,671481,35.35932462042284
19005,Allamakee,1899021,Grassland/Pasture,436909,23.007065219394626
19005,Allamakee,1899021,Corn,345238,18.17978842782676
19005,Allamakee,1899021,Soybeans,123987,6.5289957299050405
19005,Allamakee,1899021,Open Water,74674,3.9322366629963543
19005,Allamakee,1899021,Developed/Open Space,50021,2.634041435034157
19005,Allamakee,1899021,Woody Wetlands,43580,2.2948666707740464
19005,Allamakee,1899021,Alfalfa,42342,2.2296751852665135
19005,Allamakee,1899021,Mixed Forest,29450,1.5507990696258755
19005,Allamakee,1899021,Herbaceous Wetlands,27968,1.4727588583801865
19005,Allamakee,1899021,Developed/Low Intensity,23099,1.216363589449511
19005,Allamakee,1899021,Oats,12815,0.6748213948134328
19005,Allamakee,1899021,Evergreen Forest,6870,0.3617653517259683
19005,Allamakee,1899021,Other Hay/Non Alfalfa,3826,0.20147223227125977
19005,Allamakee,1899021,Developed/Med Intensity,3211,0.16908712436565998
19005,Allamakee,1899021,Barren,1970,0.10373766272200255
19005,Allamakee,1899021,Developed/High Intensity,735,0.03870415335059486
19005,Allamakee,1899021,Shrubland,353,0.018588525350693857
19005,Allamakee,1899021,Rye,235,0.01237479732978203
19005,Allamakee,1899021,Winter Wheat,52,0.0027382530261645345
19005,Allamakee,1899021,Triticale,36,0.0018957136334985236
19005,Allamakee,1899021,Fallow/Idle Cropland,34,0.0017903962094152723
19005,Allamakee,1899021,Barley,33,0.0017377374973736469
19005,Allamakee,1899021,Switchgrass,29,0.0015271026492071442
19005,Allamakee,1899021,Sorghum,27,0.0014217852251238927
19005,Allamakee,1899021,Dry Beans,12,6.31904544499508e-4
19005,Allamakee,1899021,Millet,10,5.265871204162566e-4
19005,Allamakee,1899021,Dbl Crop Oats/Corn,9,4.739284083746309e-4
19005,Allamakee,1899021,Other Crops,5,2.632935602081283e-4
19005,Allamakee,1899021,Sod/Grass Seed,4,2.1063484816650265e-4
19005,Allamakee,1899021,Dbl Crop Soybeans/Oats,2,1.0531742408325133e-4
19005,Allamakee,1899021,Spring Wheat,1,5.265871204162566e-5
19005,Allamakee,1899021,Flaxseed,1,5.265871204162566e-5
19005,Allamakee,1899021,Peas,1,5.265871204162566e-5
19005,Allamakee,1899021,Clover/Wildflowers,1,5.265871204162566e-5
19189,Winnebago,1158229,Corn,561404,48.47089824205749
19189,Winnebago,1158229,Soybeans,373691,32.26399960629547
19189,Winnebago,1158229,Grassland/Pasture,75086,6.482828525274363
19189,Winnebago,1158229,Herbaceous Wetlands,47582,4.108168591876045
19189,Winnebago,1158229,Developed/Open Space,44045,3.8027885677184736
19189,Winnebago,1158229,Deciduous Forest,16948,1.4632684900827038
19189,Winnebago,1158229,Developed/Low Intensity,12504,1.0795792541889384
19189,Winnebago,1158229,Alfalfa,6722,0.5803688217096964
19189,Winnebago,1158229,Open Water,5663,0.4889361257575143
19189,Winnebago,1158229,Woody Wetlands,4861,0.4196924787757861
19189,Winnebago,1158229,Developed/Med Intensity,3006,0.2595341681135596
19189,Winnebago,1158229,Barren,1833,0.15825885899938613
19189,Winnebago,1158229,Other Hay/Non Alfalfa,1446,0.12484577747578415
19189,Winnebago,1158229,Mixed Forest,1148,0.09911684131549114
19189,Winnebago,1158229,Oats,926,0.07994964726319234
19189,Winnebago,1158229,Developed/High Intensity,898,0.07753216332866816
19189,Winnebago,1158229,Rye,157,0.013555177775724833
19189,Winnebago,1158229,Evergreen Forest,116,0.010015290585885865
19189,Winnebago,1158229,Sod/Grass Seed,94,0.008115838923045442
19189,Winnebago,1158229,Shrubland,35,0.003021854918155218
19189,Winnebago,1158229,Sweet Corn,17,0.001467758103103963
19189,Winnebago,1158229,Winter Wheat,17,0.001467758103103963
19189,Winnebago,1158229,Peas,7,6.043709836310436e-4
19189,Winnebago,1158229,Fallow/Idle Cropland,6,5.180322716837516e-4
19189,Winnebago,1158229,Triticale,5,4.3169355973645974e-4
19189,Winnebago,1158229,Pop or Orn Corn,3,2.590161358418758e-4
19189,Winnebago,1158229,Clover/Wildflowers,3,2.590161358418758e-4
19189,Winnebago,1158229,Barley,2,1.726774238945839e-4
19189,Winnebago,1158229,Millet,2,1.726774238945839e-4
19189,Winnebago,1158229,Sorghum,1,8.633871194729195e-5
19189,Winnebago,1158229,Canola,1,8.633871194729195e-5
19093,Ida,1245825,Corn,579762,46.536391547769554
19093,Ida,1245825,Soybeans,448169,35.97367206469608
19093,Ida,1245825,Grassland/Pasture,105958,8.505046856500712
19093,Ida,1245825,Developed/Open Space,46135,3.7031685830674457
19093,Ida,1245825,Alfalfa,22407,1.798567214496418
19093,Ida,1245825,Herbaceous Wetlands,9803,0.786868139586218
19093,Ida,1245825,Developed/Low Intensity,9509,0.7632693195272209
19093,Ida,1245825,Deciduous Forest,7497,0.6017699115044248
19093,Ida,1245825,Oats,3236,0.2597475568398451
19093,Ida,1245825,Open Water,2997,0.24056348202998015
19093,Ida,1245825,Other Hay/Non Alfalfa,2614,0.20982080147693297
19093,Ida,1245825,Developed/Med Intensity,2307,0.18517849617723195
19093,Ida,1245825,Barren,1662,0.13340557461922822
19093,Ida,1245825,Mixed Forest,1096,0.08797383260088697
19093,Ida,1245825,Woody Wetlands,953,0.0764954949531435
19093,Ida,1245825,Developed/High Intensity,718,0.057632492525033614
19093,Ida,1245825,Rye,456,0.03660225152007706
19093,Ida,1245825,Barley,261,0.02094997290951779
19093,Ida,1245825,Pop or Orn Corn,83,0.006662251921417534
19093,Ida,1245825,Evergreen Forest,64,0.0051371581080809905
19093,Ida,1245825,Winter Wheat,47,0.003772600485621977
19093,Ida,1245825,Shrubland,37,0.0029699195312343227
19093,Ida,1245825,Peas,26,0.0020869704814079023
19093,Ida,1245825,Dry Beans,9,7.224128589488893e-4
19093,Ida,1245825,Spring Wheat,6,4.8160857263259283e-4
19093,Ida,1245825,Sod/Grass Seed,5,4.0134047719382734e-4
19093,Ida,1245825,Fallow/Idle Cropland,5,4.0134047719382734e-4
19093,Ida,1245825,Sorghum,1,8.026809543876548e-5
19093,Ida,1245825,Canola,1,8.026809543876548e-5
19093,Ida,1245825,Other Crops,1,8.026809543876548e-5
19029,Cass,1628307,Corn,610102,37.4684872078791
19029,Cass,1628307,Soybeans,552990,33.96104051631541
19029,Cass,1628307,Grassland/Pasture,273378,16.789094439807727
19029,Cass,1628307,Developed/Open Space,49552,3.0431607798775047
19029,Cass,1628307,Deciduous Forest,46818,2.8752563245137432
19029,Cass,1628307,Developed/Low Intensity,28432,1.746108074214506
19029,Cass,1628307,Alfalfa,20266,1.2446055934169662
19029,Cass,1628307,Other Hay/Non Alfalfa,11254,0.6911473082164481
19029,Cass,1628307,Woody Wetlands,8523,0.5234270932938322
19029,Cass,1628307,Open Water,8053,0.49456275751439993
19029,Cass,1628307,Developed/Med Intensity,4506,0.27672914260025905
19029,Cass,1628307,Herbaceous Wetlands,4396,0.26997365975826426
19029,Cass,1628307,Oats,3802,0.23349405241149243
19029,Cass,1628307,Mixed Forest,1878,0.11533451615696548
19029,Cass,1628307,Barren,1776,0.10907034115802487
19029,Cass,1628307,Developed/High Intensity,1167,0.07166953160552648
19029,Cass,1628307,Rye,460,0.02825020097561455
19029,Cass,1628307,Evergreen Forest,413,0.025363767397671322
19029,Cass,1628307,Sorghum,233,0.014309340928952587
19029,Cass,1628307,Barley,120,0.0073696176458124905
19029,Cass,1628307,Shrubland,85,0.005220145832450515
19029,Cass,1628307,Winter Wheat,35,0.0021494718133619763
19029,Cass,1628307,Clover/Wildflowers,33,0.002026644852598435
19029,Cass,1628307,Peas,11,6.755482841994783e-4
19029,Cass,1628307,Spring Wheat,8,4.91307843054166e-4
19029,Cass,1628307,Fallow/Idle Cropland,8,4.91307843054166e-4
19029,Cass,1628307,Pop or Orn Corn,5,3.070674019088538e-4
19029,Cass,1628307,Sod/Grass Seed,2,1.228269607635415e-4
19029,Cass,1628307,Sweet Corn,1,6.141348038177076e-5
