geoid,county,total_pixels,crop,frequency,percentage
19053,Decatur,1537765,Grassland/Pasture,755234,49.11244565977246
19053,Decatur,1537765,Deciduous Forest,325522,21.16851404473375
19053,Decatur,1537765,Corn,163812,10.652602965992854
19053,Decatur,1537765,Soybeans,141359,9.192496902972822
19053,Decatur,1537765,Developed/Low Intensity,38300,2.4906276316602343
19053,Decatur,1537765,Developed/Open Space,26490,1.7226299206965956
19053,Decatur,1537765,Mixed Forest,19787,1.2867375704350144
19053,Decatur,1537765,Other Hay/Non Alfalfa,16145,1.0499003423800124
19053,Decatur,1537765,Alfalfa,13312,0.865671932967651
19053,Decatur,1537765,Open Water,12162,0.7908880745757642
19053,Decatur,1537765,Woody Wetlands,10778,0.7008873267371802
19053,Decatur,1537765,Developed/Med Intensity,4477,0.2911368121917198
19053,Decatur,1537765,Evergreen Forest,4349,0.28281304360549236
19053,Decatur,1537765,Oats,1826,0.11874376123790047
19053,Decatur,1537765,Herbaceous Wetlands,1382,0.08987068895442413
19053,Decatur,1537765,Winter Wheat,1193,0.0775801244013227
19053,Decatur,1537765,Developed/High Intensity,618,0.04018819520537924
19053,Decatur,1537765,Barren,471,0.03062886721963369
19053,Decatur,1537765,Shrubland,309,0.02009409760268962
19053,Decatur,1537765,Clover/Wildflowers,71,0.0046170903876730195
19053,Decatur,1537765,Rye,50,0.003251472103995084
19053,Decatur,1537765,Spring Wheat,30,0.0019508832623970503
19053,Decatur,1537765,Potatoes,28,0.0018208243782372468
19053,Decatur,1537765,Sorghum,9,5.85264978719115e-4
19053,Decatur,1537765,Sweet Corn,9,5.85264978719115e-4
19053,Decatur,1537765,Sod/Grass Seed,8,5.202355366392134e-4
19053,Decatur,1537765,Switchgrass,8,5.202355366392134e-4
19053,Decatur,1537765,Dbl Crop WinWht/Soybeans,7,4.552060945593117e-4
19053,Decatur,1537765,Millet,7,4.552060945593117e-4
19053,Decatur,1537765,Other Crops,5,3.251472103995084e-4
19053,Decatur,1537765,Barley,3,1.9508832623970504e-4
19053,Decatur,1537765,Sunflower,2,1.3005888415980335e-4
19053,Decatur,1537765,Christmas Trees,1,6.502944207990167e-5
19053,Decatur,1537765,Dbl Crop WinWht/Sorghum,1,6.502944207990167e-5
19031,Cedar,1677355,Corn,689785,41.123375791051984
19031,Cedar,1677355,Soybeans,515645,30.741554411558674
19031,Cedar,1677355,Grassland/Pasture,213356,12.719787999558829
19031,Cedar,1677355,Deciduous Forest,101946,6.077783176489175
19031,Cedar,1677355,Developed/Open Space,40221,2.397882380295167
19031,Cedar,1677355,Developed/Low Intensity,37991,2.2649349720244074
19031,Cedar,1677355,Woody Wetlands,21220,1.2650869970876766
19031,Cedar,1677355,Developed/Med Intensity,15149,0.903148111163111
19031,Cedar,1677355,Alfalfa,13143,0.7835550613912976
19031,Cedar,1677355,Open Water,9764,0.5821069481415682
19031,Cedar,1677355,Mixed Forest,9234,0.5505095820503113
19031,Cedar,1677355,Herbaceous Wetlands,3889,0.23185312590358031
19031,Cedar,1677355,Developed/High Intensity,2549,0.15196544559738398
19031,Cedar,1677355,Other Hay/Non Alfalfa,1116,0.0665333218072501
19031,Cedar,1677355,Oats,1038,0.06188314340136703
19031,Cedar,1677355,Barren,1001,0.05967728954216609
19031,Cedar,1677355,Evergreen Forest,120,0.007154120624435495
19031,Cedar,1677355,Winter Wheat,85,0.005067502108975142
19031,Cedar,1677355,Sod/Grass Seed,37,0.002205853859200944
19031,Cedar,1677355,Shrubland,28,0.0016692948123682822
19031,Cedar,1677355,Rye,19,0.00113273576553562
19031,Cedar,1677355,Sweet Corn,6,3.577060312217748e-4
19031,Cedar,1677355,Clover/Wildflowers,5,2.98088359351479e-4
19031,Cedar,1677355,Switchgrass,5,2.98088359351479e-4
19031,Cedar,1677355,Other Crops,2,1.1923534374059159e-4
19031,Cedar,1677355,Pumpkins,1,5.9617671870295797e-5
19027,Carroll,1643635,Corn,778849,47.385763870932415
19027,Carroll,1643635,Soybeans,560373,34.0935183297995
19027,Carroll,1643635,Grassland/Pasture,150134,9.134266427765288
19027,Carroll,1643635,Developed/Open Space,48836,2.9712192792195347
19027,Carroll,1643635,Developed/Low Intensity,31391,1.9098522482181264
19027,Carroll,1643635,Developed/Med Intensity,17680,1.0756646092350186
19027,Carroll,1643635,Deciduous Forest,16942,1.0307641295056384
19027,Carroll,1643635,Alfalfa,11146,0.6781310935822126
19027,Carroll,1643635,Woody Wetlands,5685,0.3458797117364865
19027,Carroll,1643635,Herbaceous Wetlands,5338,0.324767968557496
19027,Carroll,1643635,Developed/High Intensity,4787,0.29124471065656304
19027,Carroll,1643635,Open Water,3990,0.24275462617916996
19027,Carroll,1643635,Pop or Orn Corn,2856,0.17376120610719534
19027,Carroll,1643635,Other Hay/Non Alfalfa,1859,0.1131029699416233
19027,Carroll,1643635,Barren,1747,0.10628880499624307
19027,Carroll,1643635,Oats,1064,0.06473456698111199
19027,Carroll,1643635,Mixed Forest,329,0.020016609527054363
19027,Carroll,1643635,Winter Wheat,149,0.009065273007693313
19027,Carroll,1643635,Rye,102,0.006205757360971262
19027,Carroll,1643635,Evergreen Forest,97,0.0059015535687667875
19027,Carroll,1643635,Barley,72,0.00438053460774442
19027,Carroll,1643635,Sorghum,54,0.0032854009558083153
19027,Carroll,1643635,Sweet Corn,51,0.003102878680485631
19027,Carroll,1643635,Shrubland,42,0.0025553118545175784
19027,Carroll,1643635,Sod/Grass Seed,37,0.0022511080623131047
19027,Carroll,1643635,Dbl Crop WinWht/Sorghum,14,8.517706181725261e-4
19027,Carroll,1643635,Clover/Wildflowers,6,3.6504455064536836e-4
19027,Carroll,1643635,Dry Beans,4,2.433630337635789e-4
19027,Carroll,1643635,Other Crops,1,6.0840758440894724e-5
19151,Pocahontas,1667845,Corn,798191,47.857624659365825
19151,Pocahontas,1667845,Soybeans,655989,39.33153260644724
19151,Pocahontas,1667845,Grassland/Pasture,84006,5.036798983118935
19151,Pocahontas,1667845,Developed/Low Intensity,43740,2.622545860076926
19151,Pocahontas,1667845,Developed/Open Space,23895,1.4326870902272093
19151,Pocahontas,1667845,Herbaceous Wetlands,16673,0.9996732310256649
19151,Pocahontas,1667845,Developed/Med Intensity,13626,0.8169823934478324
19151,Pocahontas,1667845,Woody Wetlands,8994,0.5392587440679439
19151,Pocahontas,1667845,Open Water,4239,0.2541603086617761
19151,Pocahontas,1667845,Alfalfa,4068,0.24390755735694863
19151,Pocahontas,1667845,Deciduous Forest,3941,0.2362929408907902
19151,Pocahontas,1667845,Barren,3424,0.20529485653642873
19151,Pocahontas,1667845,Oats,3006,0.18023257556907266
19151,Pocahontas,1667845,Developed/High Intensity,1885,0.11302009479298136
19151,Pocahontas,1667845,Dry Beans,797,0.047786215145891854
19151,Pocahontas,1667845,Other Hay/Non Alfalfa,591,0.03543494749212307
19151,Pocahontas,1667845,Mixed Forest,588,0.035255074662213816
19151,Pocahontas,1667845,Pop or Orn Corn,84,0.005036439237459117
19151,Pocahontas,1667845,Shrubland,53,0.003177753328396823
19151,Pocahontas,1667845,Rye,15,8.993641495462707e-4
19151,Pocahontas,1667845,Clover/Wildflowers,11,6.595337096672653e-4
19151,Pocahontas,1667845,Peas,9,5.396184897277625e-4
19151,Pocahontas,1667845,Evergreen Forest,8,4.7966087975801115e-4
19151,Pocahontas,1667845,Other Crops,6,3.5974565981850834e-4
19151,Pocahontas,1667845,Fallow/Idle Cropland,4,2.3983043987900557e-4
19151,Pocahontas,1667845,Sod/Grass Seed,2,1.1991521993950279e-4
19109,Kossuth,2807359,Corn,1325786,47.225381577489735
19109,Kossuth,2807359,Soybeans,1010905,36.00911034178386
19109,Kossuth,2807359,Grassland/Pasture,212589,7.572561970164841
19109,Kossuth,2807359,Developed/Open Space,82793,2.9491418803223954
19109,Kossuth,2807359,Herbaceous Wetlands,41575,1.4809292292150735
19109,Kossuth,2807359,Developed/Low Intensity,34713,1.2365002124772784
19109,Kossuth,2807359,Woody Wetlands,26730,0.9521404280678032
19109,Kossuth,2807359,Developed/Med Intensity,17192,0.6123905065223223
19109,Kossuth,2807359,Oats,12438,0.4430498557541091
19109,Kossuth,2807359,Deciduous Forest,12034,0.42865910629883813
19109,Kossuth,2807359,Alfalfa,10835,0.3859499266036157
19109,Kossuth,2807359,Open Water,6398,0.2279010272644147
19109,Kossuth,2807359,Other Hay/Non Alfalfa,3472,0.1236749557146058
19109,Kossuth,2807359,Developed/High Intensity,3363,0.11979230301504011
19109,Kossuth,2807359,Barren,3227,0.11494789230732513
19109,Kossuth,2807359,Sweet Corn,1098,0.03911149233140471
19109,Kossuth,2807359,Mixed Forest,712,0.025361914881566625
19109,Kossuth,2807359,Peas,706,0.02514819087975567
19109,Kossuth,2807359,Dbl Crop Soybeans/Oats,264,0.009403856079682006
19109,Kossuth,2807359,Winter Wheat,174,0.006197996052517686
19109,Kossuth,2807359,Rye,136,0.004844410707714973
19109,Kossuth,2807359,Shrubland,98,0.0034908253629122605
19109,Kossuth,2807359,Other Crops,78,0.002778412023542411
19109,Kossuth,2807359,Evergreen Forest,18,6.411720054328641e-4
19109,Kossuth,2807359,Barley,7,2.4934466877944716e-4
19109,Kossuth,2807359,Sod/Grass Seed,7,2.4934466877944716e-4
19109,Kossuth,2807359,Millet,4,1.4248266787396981e-4
19109,Kossuth,2807359,Switchgrass,4,1.4248266787396981e-4
19109,Kossuth,2807359,Clover/Wildflowers,2,7.124133393698491e-5
19109,Kossuth,2807359,Sorghum,1,3.5620666968492454e-5
19085,Harrison,2022580,Corn,775878,38.36080649467512
19085,Harrison,2022580,Soybeans,601169,29.72287869948284
19085,Harrison,2022580,Grassland/Pasture,246908,12.207576461746877
19085,Harrison,2022580,Deciduous Forest,192814,9.533071621394457
19085,Harrison,2022580,Developed/Open Space,49091,2.4271475046722504
19085,Harrison,2022580,Herbaceous Wetlands,40025,1.9789081272434217
19085,Harrison,2022580,Developed/Low Intensity,37800,1.868900117671489
19085,Harrison,2022580,Open Water,21275,1.0518743387158975
19085,Harrison,2022580,Woody Wetlands,15309,0.756904547656953
19085,Harrison,2022580,Developed/Med Intensity,13844,0.6844723076466691
19085,Harrison,2022580,Alfalfa,11605,0.5737721128459691
19085,Harrison,2022580,Evergreen Forest,5639,0.2788023217870245
19085,Harrison,2022580,Barren,3531,0.17457900305550336
19085,Harrison,2022580,Developed/High Intensity,2617,0.129389195977415
19085,Harrison,2022580,Other Hay/Non Alfalfa,1054,0.052111659365760565
19085,Harrison,2022580,Pop or Orn Corn,1053,0.052062217563705764
19085,Harrison,2022580,Mixed Forest,871,0.043063809589731925
19085,Harrison,2022580,Winter Wheat,861,0.04256939156918391
19085,Harrison,2022580,Shrubland,766,0.03787242037397779
19085,Harrison,2022580,Oats,386,0.0190845355931533
19085,Harrison,2022580,Fallow/Idle Cropland,27,0.001334928655479635
19085,Harrison,2022580,Rye,22,0.0010877196452056283
19085,Harrison,2022580,Sorghum,16,7.910688328768207e-4
19085,Harrison,2022580,Dry Beans,11,5.438598226028142e-4
19085,Harrison,2022580,Other Crops,8,3.9553441643841035e-4
19187,Webster,2070702,Corn,853306,41.208537008222336
19187,Webster,2070702,Soybeans,718034,34.67587320628463
19187,Webster,2070702,Grassland/Pasture,173242,8.366341462943485
19187,Webster,2070702,Deciduous Forest,133325,6.438637718029924
19187,Webster,2070702,Developed/Open Space,57314,2.7678536071341986
19187,Webster,2070702,Developed/Low Intensity,46285,2.2352323028615415
19187,Webster,2070702,Developed/Med Intensity,28295,1.3664448095380213
19187,Webster,2070702,Open Water,15593,0.7530296488823597
19187,Webster,2070702,Woody Wetlands,13033,0.6294000778479956
19187,Webster,2070702,Herbaceous Wetlands,9770,0.47182066758036645
19187,Webster,2070702,Developed/High Intensity,7105,0.3431203524215459
19187,Webster,2070702,Alfalfa,5905,0.2851689909991877
19187,Webster,2070702,Barren,4371,0.2110878339809398
19187,Webster,2070702,Other Hay/Non Alfalfa,1975,0.09537828234096456
19187,Webster,2070702,Mixed Forest,1566,0.07562652665617747
19187,Webster,2070702,Oats,979,0.04727865236040724
19187,Webster,2070702,Winter Wheat,181,0.00874099701453903
19187,Webster,2070702,Rye,120,0.005795136142235821
19187,Webster,2070702,Shrubland,96,0.0046361089137886575
19187,Webster,2070702,Sweet Corn,71,0.0034287888841561943
19187,Webster,2070702,Evergreen Forest,66,0.003187324878229702
19187,Webster,2070702,Other Crops,22,0.0010624416260765672
19187,Webster,2070702,Peas,20,9.658560237059702e-4
19187,Webster,2070702,Barley,12,5.795136142235822e-4
19187,Webster,2070702,Dbl Crop WinWht/Sorghum,6,2.897568071117911e-4
19187,Webster,2070702,Clover/Wildflowers,4,1.9317120474119403e-4
19187,Webster,2070702,Sorghum,2,9.658560237059702e-5
19187,Webster,2070702,Sod/Grass Seed,2,9.658560237059702e-5
19187,Webster,2070702,Switchgrass,2,9.658560237059702e-5
19101,Jefferson,1259601,Grassland/Pasture,350526,27.82833611596053
19101,Jefferson,1259601,Corn,303087,24.062143488295103
19101,Jefferson,1259601,Soybeans,278857,22.138518467355933
19101,Jefferson,1259601,Deciduous Forest,210038,16.674962944615
19101,Jefferson,1259601,Developed/Low Intensity,39516,3.137183917764435
19101,Jefferson,1259601,Developed/Open Space,22898,1.817877248430257
19101,Jefferson,1259601,Developed/Med Intensity,12578,0.9985701821449808
19101,Jefferson,1259601,Alfalfa,9708,0.7707202518892887
19101,Jefferson,1259601,Woody Wetlands,9697,0.7698469594736747
19101,Jefferson,1259601,Open Water,6377,0.5062714303974036
19101,Jefferson,1259601,Other Hay/Non Alfalfa,4347,0.3451092846067922
19101,Jefferson,1259601,Herbaceous Wetlands,2607,0.20697030250055376
19101,Jefferson,1259601,Mixed Forest,2401,0.19061591726268873
19101,Jefferson,1259601,Developed/High Intensity,1979,0.15711324459094586
19101,Jefferson,1259601,Oats,1899,0.15076202702284297
19101,Jefferson,1259601,Winter Wheat,824,0.06541754095146003
19101,Jefferson,1259601,Evergreen Forest,720,0.057160958112926236
19101,Jefferson,1259601,Barren,588,0.046681449125556426
19101,Jefferson,1259601,Rye,437,0.034693525965762174
19101,Jefferson,1259601,Shrubland,410,0.03254999003652744
19101,Jefferson,1259601,Sod/Grass Seed,32,0.002540487027241166
19101,Jefferson,1259601,Other Crops,24,0.0019053652704308745
19101,Jefferson,1259601,Clover/Wildflowers,23,0.001825975050829588
19101,Jefferson,1259601,Sorghum,10,7.939021960128644e-4
19101,Jefferson,1259601,Dbl Crop WinWht/Soybeans,9,7.14511976411578e-4
19101,Jefferson,1259601,Barley,3,2.3817065880385932e-4
19101,Jefferson,1259601,Switchgrass,2,1.5878043920257288e-4
19101,Jefferson,1259601,Fallow/Idle Cropland,2,1.5878043920257288e-4
19101,Jefferson,1259601,Triticale,1,7.939021960128644e-5
19101,Jefferson,1259601,Pumpkins,1,7.939021960128644e-5
19121,Madison,1620435,Grassland/Pasture,597710,36.88577449882285
19121,Madison,1620435,Soybeans,316734,19.54623295596553
19121,Madison,1620435,Corn,291440,17.985294072270715
19121,Madison,1620435,Deciduous Forest,241954,14.93142273525319
19121,Madison,1620435,Developed/Low Intensity,35603,2.197126080342624
19121,Madison,1620435,Developed/Open Space,34267,2.1146790830857145
19121,Madison,1620435,Alfalfa,26744,1.6504210289212464
19121,Madison,1620435,Mixed Forest,16968,1.0471262346221848
19121,Madison,1620435,Woody Wetlands,15840,0.9775152968184468
19121,Madison,1620435,Other Hay/Non Alfalfa,9858,0.6083551638911774
19121,Madison,1620435,Open Water,8993,0.5549744358767862
19121,Madison,1620435,Developed/Med Intensity,8959,0.552876233850787
19121,Madison,1620435,Herbaceous Wetlands,5592,0.3450925214525729
19121,Madison,1620435,Oats,3249,0.20050171713151096
19121,Madison,1620435,Barren,3085,0.19038097794727957
19121,Madison,1620435,Developed/High Intensity,1247,0.07695464489473505
19121,Madison,1620435,Evergreen Forest,929,0.0573302847692132
19121,Madison,1620435,Rye,376,0.023203645934579294
19121,Madison,1620435,Shrubland,275,0.016970751680875813
19121,Madison,1620435,Winter Wheat,186,0.01147839931870146
19121,Madison,1620435,Sweet Corn,105,0.006479741550879856
19121,Madison,1620435,Sorghum,82,0.005060369592115697
19121,Madison,1620435,Sod/Grass Seed,77,0.004751810470645228
19121,Madison,1620435,Spring Wheat,43,0.0026536084446460366
19121,Madison,1620435,Dbl Crop WinWht/Sorghum,33,0.0020364902017050977
19121,Madison,1620435,Clover/Wildflowers,29,0.0017896429045287222
19121,Madison,1620435,Other Crops,26,0.0016045074316464406
19121,Madison,1620435,Barley,7,4.319827700586571e-4
19121,Madison,1620435,Peas,7,4.319827700586571e-4
19121,Madison,1620435,Dbl Crop WinWht/Soybeans,6,3.7027094576456325e-4
19121,Madison,1620435,Millet,4,2.468472971763755e-4
19121,Madison,1620435,Christmas Trees,4,2.468472971763755e-4
19121,Madison,1620435,Switchgrass,2,1.2342364858818774e-4
19121,Madison,1620435,Fallow/Idle Cropland,1,6.171182429409387e-5
19089,Howard,1365357,Corn,593763,43.487747160632715
19089,Howard,1365357,Soybeans,384830,28.18530245203269
19089,Howard,1365357,Grassland/Pasture,213822,15.660519556423704
19089,Howard,1365357,Deciduous Forest,63468,4.6484545800109425
19089,Howard,1365357,Developed/Open Space,33032,2.4192940014955795
19089,Howard,1365357,Developed/Low Intensity,26218,1.9202303866314818
19089,Howard,1365357,Alfalfa,17812,1.3045672304020122
19089,Howard,1365357,Herbaceous Wetlands,8032,0.5882710529187605
19089,Howard,1365357,Developed/Med Intensity,7571,0.5545069897470039
19089,Howard,1365357,Woody Wetlands,4846,0.3549254883521306
19089,Howard,1365357,Oats,2641,0.19342926428765517
19089,Howard,1365357,Open Water,1907,0.13967043051743977
19089,Howard,1365357,Barren,1784,0.1306617976104418
19089,Howard,1365357,Developed/High Intensity,1782,0.13051531577455566
19089,Howard,1365357,Other Hay/Non Alfalfa,1509,0.1105205451760968
19089,Howard,1365357,Mixed Forest,1416,0.10370913980739103
19089,Howard,1365357,Evergreen Forest,593,0.04343186434024215
19089,Howard,1365357,Rye,188,0.013769292573297679
19089,Howard,1365357,Barley,40,0.0029296367177229104
19089,Howard,1365357,Triticale,35,0.0025634321280075464
19089,Howard,1365357,Winter Wheat,32,0.0023437093741783283
19089,Howard,1365357,Shrubland,22,0.0016113001947476008
19089,Howard,1365357,Sorghum,6,4.3944550765843656e-4
19089,Howard,1365357,Spring Wheat,4,2.9296367177229104e-4
19089,Howard,1365357,Other Crops,2,1.4648183588614552e-4
19089,Howard,1365357,Sweet Corn,1,7.324091794307276e-5
19089,Howard,1365357,Peas,1,7.324091794307276e-5
19147,Palo Alto,1641283,Corn,708759,43.183229217630355
19147,Palo Alto,1641283,Soybeans,578645,35.25565060991919
19147,Palo Alto,1641283,Grassland/Pasture,159303,9.706004388030584
19147,Palo Alto,1641283,Developed/Open Space,44883,2.734628945769864
19147,Palo Alto,1641283,Herbaceous Wetlands,41452,2.525585167213698
19147,Palo Alto,1641283,Oats,23774,1.4485009593104905
19147,Palo Alto,1641283,Developed/Low Intensity,22561,1.3745953622866989
19147,Palo Alto,1641283,Open Water,18056,1.1001149710318088
19147,Palo Alto,1641283,Woody Wetlands,14484,0.8824803522610055
19147,Palo Alto,1641283,Developed/Med Intensity,11352,0.6916540291954526
19147,Palo Alto,1641283,Alfalfa,5321,0.3241975941991722
19147,Palo Alto,1641283,Mixed Forest,2943,0.17931094150125237
19147,Palo Alto,1641283,Barren,2930,0.1785188782190518
19147,Palo Alto,1641283,Developed/High Intensity,2475,0.15079666334203182
19147,Palo Alto,1641283,Deciduous Forest,2068,0.12599898981467547
19147,Palo Alto,1641283,Other Hay/Non Alfalfa,1857,0.11314319346511234
19147,Palo Alto,1641283,Shrubland,150,0.009139191717698896
19147,Palo Alto,1641283,Peas,148,0.009017335828129578
19147,Palo Alto,1641283,Rye,54,0.0032901090183716035
19147,Palo Alto,1641283,Dry Beans,28,0.0017059824539704608
19147,Palo Alto,1641283,Pop or Orn Corn,10,6.092794478465931e-4
19147,Palo Alto,1641283,Evergreen Forest,7,4.264956134926152e-4
19147,Palo Alto,1641283,Other Crops,6,3.655676687079559e-4
19147,Palo Alto,1641283,Sweet Corn,5,3.046397239232966e-4
19147,Palo Alto,1641283,Dbl Crop Soybeans/Oats,5,3.046397239232966e-4
19147,Palo Alto,1641283,Sod/Grass Seed,3,1.8278383435397794e-4
19147,Palo Alto,1641283,Sorghum,1,6.0927944784659315e-5
19147,Palo Alto,1641283,Spring Wheat,1,6.0927944784659315e-5
19147,Palo Alto,1641283,Winter Wheat,1,6.0927944784659315e-5
19147,Palo Alto,1641283,Clover/Wildflowers,1,6.0927944784659315e-5
19159,Ringgold,1553302,Grassland/Pasture,768099,49.44943095418663
19159,Ringgold,1553302,Soybeans,238251,15.33835661062691
19159,Ringgold,1553302,Corn,214760,13.826029967128092
19159,Ringgold,1553302,Deciduous Forest,170110,10.951508463904638
19159,Ringgold,1553302,Developed/Open Space,32206,2.073389463220932
19159,Ringgold,1553302,Developed/Low Intensity,30315,1.9516488100832934
19159,Ringgold,1553302,Other Hay/Non Alfalfa,29677,1.9105750201828104
19159,Ringgold,1553302,Alfalfa,26504,1.706300513357995
19159,Ringgold,1553302,Woody Wetlands,11313,0.7283194124516674
19159,Ringgold,1553302,Mixed Forest,10463,0.6735972785717137
19159,Ringgold,1553302,Open Water,10209,0.6572450173887628
19159,Ringgold,1553302,Developed/Med Intensity,3935,0.25333129037366847
19159,Ringgold,1553302,Oats,2270,0.14614028694999426
19159,Ringgold,1553302,Evergreen Forest,1670,0.1075128983288504
19159,Ringgold,1553302,Herbaceous Wetlands,1361,0.08761979318896132
19159,Ringgold,1553302,Sorghum,497,0.031996353574514164
19159,Ringgold,1553302,Developed/High Intensity,434,0.02794047776929406
19159,Ringgold,1553302,Barren,426,0.02742544592101214
19159,Ringgold,1553302,Shrubland,377,0.02427087585028539
19159,Ringgold,1553302,Winter Wheat,137,0.008819920401827849
19159,Ringgold,1553302,Clover/Wildflowers,75,0.004828423577642983
19159,Ringgold,1553302,Spring Wheat,56,0.0036052229379734267
19159,Ringgold,1553302,Dbl Crop WinWht/Soybeans,53,0.0034120859948677078
19159,Ringgold,1553302,Dbl Crop WinWht/Sorghum,36,0.0023176433172686314
19159,Ringgold,1553302,Rye,26,0.001673853506916234
19159,Ringgold,1553302,Sod/Grass Seed,17,0.001094442677599076
19159,Ringgold,1553302,Peas,7,4.5065286724667834e-4
19159,Ringgold,1553302,Pop or Orn Corn,6,3.8627388621143856e-4
19159,Ringgold,1553302,Sunflower,3,1.9313694310571928e-4
19159,Ringgold,1553302,Sweet Corn,3,1.9313694310571928e-4
19159,Ringgold,1553302,Barley,2,1.2875796207047953e-4
19159,Ringgold,1553302,Other Crops,2,1.2875796207047953e-4
19159,Ringgold,1553302,Switchgrass,2,1.2875796207047953e-4
19045,Clinton,2047696,Corn,833838,40.72079058610262
19045,Clinton,2047696,Soybeans,530920,25.927676764519735
19045,Clinton,2047696,Grassland/Pasture,256908,12.546198263804783
19045,Clinton,2047696,Woody Wetlands,88080,4.301419741992952
19045,Clinton,2047696,Deciduous Forest,64020,3.1264406435330248
19045,Clinton,2047696,Developed/Low Intensity,59601,2.9106371258233645
19045,Clinton,2047696,Developed/Open Space,47828,2.3356982677116136
19045,Clinton,2047696,Open Water,47580,2.3235870949594077
19045,Clinton,2047696,Developed/Med Intensity,29625,1.4467479547745368
19045,Clinton,2047696,Mixed Forest,26279,1.2833447933677655
19045,Clinton,2047696,Herbaceous Wetlands,25113,1.2264027472827999
19045,Clinton,2047696,Alfalfa,21117,1.0312565927754902
19045,Clinton,2047696,Developed/High Intensity,9262,0.4523132339956712
19045,Clinton,2047696,Barren,2575,0.12575108805213273
19045,Clinton,2047696,Oats,1717,0.0838503371594221
19045,Clinton,2047696,Winter Wheat,1495,0.07300888413123824
19045,Clinton,2047696,Other Hay/Non Alfalfa,885,0.043219305990733
19045,Clinton,2047696,Evergreen Forest,487,0.023782827138403358
19045,Clinton,2047696,Sod/Grass Seed,102,0.004981208148084481
19045,Clinton,2047696,Fallow/Idle Cropland,91,0.004444019034075371
19045,Clinton,2047696,Dbl Crop Triticale/Corn,91,0.004444019034075371
19045,Clinton,2047696,Shrubland,43,0.0020999210820356147
19045,Clinton,2047696,Dbl Crop WinWht/Soybeans,29,0.0014162258460240192
19045,Clinton,2047696,Other Crops,5,2.4417687000414124e-4
19045,Clinton,2047696,Sorghum,3,1.4650612200248474e-4
19045,Clinton,2047696,Rye,2,9.76707480016565e-5
19025,Calhoun,1649104,Corn,747304,45.31575934568105
19025,Calhoun,1649104,Soybeans,644720,39.095169255547255
19025,Calhoun,1649104,Grassland/Pasture,123827,7.508744142273622
19025,Calhoun,1649104,Developed/Open Space,48825,2.9606986581804424
19025,Calhoun,1649104,Developed/Low Intensity,28459,1.7257249997574442
19025,Calhoun,1649104,Herbaceous Wetlands,11579,0.7021388584346409
19025,Calhoun,1649104,Developed/Med Intensity,11447,0.6941345118318797
19025,Calhoun,1649104,Open Water,7601,0.4609169585423357
19025,Calhoun,1649104,Deciduous Forest,6534,0.3962151568366822
19025,Calhoun,1649104,Pop or Orn Corn,6231,0.37784154304398027
19025,Calhoun,1649104,Alfalfa,3575,0.21678438715811735
19025,Calhoun,1649104,Woody Wetlands,3054,0.18519147367297636
19025,Calhoun,1649104,Developed/High Intensity,1751,0.10617887046541637
19025,Calhoun,1649104,Other Hay/Non Alfalfa,1374,0.0833179714560149
19025,Calhoun,1649104,Barren,1157,0.07015931075299071
19025,Calhoun,1649104,Oats,664,0.040264288971465716
19025,Calhoun,1649104,Rye,365,0.022133231136423175
19025,Calhoun,1649104,Mixed Forest,293,0.017767223898553397
19025,Calhoun,1649104,Sod/Grass Seed,140,0.00848945851808012
19025,Calhoun,1649104,Barley,55,0.0033351444178171905
19025,Calhoun,1649104,Shrubland,40,0.0024255595765943203
19025,Calhoun,1649104,Evergreen Forest,37,0.0022436426083497466
19025,Calhoun,1649104,Sweet Corn,23,0.0013946967565417342
19025,Calhoun,1649104,Sorghum,14,8.489458518080121e-4
19025,Calhoun,1649104,Winter Wheat,10,6.063898941485801e-4
19025,Calhoun,1649104,Dry Beans,9,5.457509047337221e-4
19025,Calhoun,1649104,Peas,5,3.0319494707429004e-4
19025,Calhoun,1649104,Clover/Wildflowers,4,2.4255595765943202e-4
19025,Calhoun,1649104,Dbl Crop WinWht/Sorghum,3,1.8191696824457402e-4
19025,Calhoun,1649104,Other Crops,2,1.2127797882971601e-4
19025,Calhoun,1649104,Switchgrass,2,1.2127797882971601e-4
19195,Worth,1158940,Corn,495378,42.74405922653459
19195,Worth,1158940,Soybeans,395594,34.13412256027059
19195,Worth,1158940,Grassland/Pasture,118606,10.234006937373808
19195,Worth,1158940,Herbaceous Wetlands,36950,3.188258235974252
19195,Worth,1158940,Developed/Open Space,30656,2.645175764060262
19195,Worth,1158940,Developed/Low Intensity,24146,2.083455571470482
19195,Worth,1158940,Deciduous Forest,21683,1.8709337843201546
19195,Worth,1158940,Alfalfa,8074,0.6966710960015187
19195,Worth,1158940,Developed/Med Intensity,7380,0.6367887897561565
19195,Worth,1158940,Open Water,6587,0.5683641948677239
19195,Worth,1158940,Woody Wetlands,5038,0.4347075776140266
19195,Worth,1158940,Barren,2632,0.22710407786425527
19195,Worth,1158940,Developed/High Intensity,1433,0.1236474709648472
19195,Worth,1158940,Other Hay/Non Alfalfa,1414,0.12200804183132863
19195,Worth,1158940,Peas,1222,0.10544117900840423
19195,Worth,1158940,Oats,1169,0.10086803458332615
19195,Worth,1158940,Mixed Forest,518,0.04469601532434811
19195,Worth,1158940,Rye,170,0.014668576457797643
19195,Worth,1158940,Other Crops,70,0.006040002070857853
19195,Worth,1158940,Shrubland,65,0.005608573351510863
19195,Worth,1158940,Sod/Grass Seed,39,0.003365144010906518
19195,Worth,1158940,Evergreen Forest,39,0.003365144010906518
19195,Worth,1158940,Winter Wheat,38,0.00327885826703712
19195,Worth,1158940,Sweet Corn,21,0.001812000621257356
19195,Worth,1158940,Sorghum,7,6.040002070857853e-4
19195,Worth,1158940,Millet,3,2.588572316081937e-4
19195,Worth,1158940,Clover/Wildflowers,2,1.725714877387958e-4
19195,Worth,1158940,Fallow/Idle Cropland,2,1.725714877387958e-4
19195,Worth,1158940,Sunflower,1,8.62857438693979e-5
19195,Worth,1158940,Barley,1,8.62857438693979e-5
19195,Worth,1158940,Dry Beans,1,8.62857438693979e-5
19195,Worth,1158940,Cabbage,1,8.62857438693979e-5
19013,Black Hawk,1650770,Corn,628956,38.10076509749996
19013,Black Hawk,1650770,Soybeans,425466,25.773790412958803
19013,Black Hawk,1650770,Grassland/Pasture,211080,12.786760118005535
19013,Black Hawk,1650770,Developed/Low Intensity,90067,5.456059899319712
19013,Black Hawk,1650770,Woody Wetlands,84182,5.099559599459646
19013,Black Hawk,1650770,Developed/Open Space,65648,3.976810821616579
19013,Black Hawk,1650770,Developed/Med Intensity,52340,3.1706415793841662
19013,Black Hawk,1650770,Deciduous Forest,22779,1.3799015005118824
19013,Black Hawk,1650770,Open Water,21806,1.3209593098978052
19013,Black Hawk,1650770,Developed/High Intensity,19586,1.186476613943796
19013,Black Hawk,1650770,Herbaceous Wetlands,10764,0.6520593420040345
19013,Black Hawk,1650770,Alfalfa,7790,0.4719009916584382
19013,Black Hawk,1650770,Oats,2969,0.17985546139074493
19013,Black Hawk,1650770,Barren,2937,0.17791697207969615
19013,Black Hawk,1650770,Mixed Forest,2019,0.12230655996898418
19013,Black Hawk,1650770,Other Hay/Non Alfalfa,952,0.0576700570037013
19013,Black Hawk,1650770,Winter Wheat,625,0.03786111935642155
19013,Black Hawk,1650770,Evergreen Forest,589,0.03568031888149167
19013,Black Hawk,1650770,Rye,90,0.005452001187324702
19013,Black Hawk,1650770,Shrubland,43,0.0026048450117218025
19013,Black Hawk,1650770,Barley,31,0.001877911520078509
19013,Black Hawk,1650770,Sweet Corn,14,8.480890735838428e-4
19013,Black Hawk,1650770,Sorghum,11,6.663557006730193e-4
19013,Black Hawk,1650770,Clover/Wildflowers,9,5.452001187324703e-4
19013,Black Hawk,1650770,Switchgrass,7,4.240445367919214e-4
19013,Black Hawk,1650770,Triticale,4,2.4231116388109792e-4
19013,Black Hawk,1650770,Other Crops,3,1.8173337291082343e-4
19013,Black Hawk,1650770,Spring Wheat,2,1.2115558194054896e-4
19013,Black Hawk,1650770,Sod/Grass Seed,1,6.057779097027448e-5
19039,Clarke,1244660,Grassland/Pasture,593749,47.703710250188806
19039,Clarke,1244660,Deciduous Forest,228195,18.333922516992594
19039,Clarke,1244660,Corn,152583,12.259010492825348
19039,Clarke,1244660,Soybeans,131924,10.599199781466424
19039,Clarke,1244660,Developed/Low Intensity,30204,2.426686806035383
19039,Clarke,1244660,Alfalfa,27868,2.239005029485964
19039,Clarke,1244660,Developed/Open Space,22072,1.7733356900679702
19039,Clarke,1244660,Mixed Forest,17325,1.3919463949994377
19039,Clarke,1244660,Other Hay/Non Alfalfa,17173,1.3797342246075233
19039,Clarke,1244660,Developed/Med Intensity,6742,0.5416740314624074
19039,Clarke,1244660,Open Water,5523,0.44373563864830556
19039,Clarke,1244660,Woody Wetlands,3477,0.27935339771503864
19039,Clarke,1244660,Evergreen Forest,2657,0.21347195217971174
19039,Clarke,1244660,Oats,2061,0.16558738932720582
19039,Clarke,1244660,Developed/High Intensity,1021,0.08203043401410827
19039,Clarke,1244660,Herbaceous Wetlands,709,0.05696334742017901
19039,Clarke,1244660,Barren,582,0.04675975768482959
19039,Clarke,1244660,Shrubland,341,0.027397040155544488
19039,Clarke,1244660,Winter Wheat,207,0.016631047836356917
19039,Clarke,1244660,Clover/Wildflowers,127,0.010203589735349412
19039,Clarke,1244660,Sorghum,57,0.004579563896967847
19039,Clarke,1244660,Rye,22,0.0017675509777770634
19039,Clarke,1244660,Spring Wheat,16,0.0012854916202015008
19039,Clarke,1244660,Sod/Grass Seed,8,6.427458101007504e-4
19039,Clarke,1244660,Sweet Corn,7,5.624025838381566e-4
19039,Clarke,1244660,Other Crops,3,2.410296787877814e-4
19039,Clarke,1244660,Dbl Crop WinWht/Sorghum,2,1.606864525251876e-4
19039,Clarke,1244660,Sunflower,1,8.03432262625938e-5
19039,Clarke,1244660,Barley,1,8.03432262625938e-5
19039,Clarke,1244660,Peas,1,8.03432262625938e-5
19039,Clarke,1244660,Switchgrass,1,8.03432262625938e-5
19039,Clarke,1244660,Christmas Trees,1,8.03432262625938e-5
19065,Fayette,2107699,Corn,822530,39.02502207383502
19065,Fayette,2107699,Soybeans,501080,23.773793127007224
19065,Fayette,2107699,Grassland/Pasture,373600,17.72549116358645
19065,Fayette,2107699,Deciduous Forest,215561,10.227314241739451
19065,Fayette,2107699,Developed/Low Intensity,54326,2.577502764863484
19065,Fayette,2107699,Developed/Open Space,45425,2.155193886793133
19065,Fayette,2107699,Alfalfa,36241,1.7194580440565754
19065,Fayette,2107699,Developed/Med Intensity,16218,0.7694647100938037
19065,Fayette,2107699,Woody Wetlands,11476,0.5444800230013868
19065,Fayette,2107699,Oats,5687,0.26982031115448646
19065,Fayette,2107699,Mixed Forest,5529,0.26232398459172773
19065,Fayette,2107699,Open Water,5527,0.2622290943820726
19065,Fayette,2107699,Herbaceous Wetlands,5422,0.257247358375176
19065,Fayette,2107699,Developed/High Intensity,2956,0.14024772987034675
19065,Fayette,2107699,Barren,2300,0.10912374110344977
19065,Fayette,2107699,Other Hay/Non Alfalfa,1773,0.0841201708593115
19065,Fayette,2107699,Evergreen Forest,727,0.03449259120965565
19065,Fayette,2107699,Dbl Crop WinWht/Soybeans,315,0.014945208020689861
19065,Fayette,2107699,Rye,286,0.013569299980689844
19065,Fayette,2107699,Barley,208,0.009868581804138066
19065,Fayette,2107699,Triticale,161,0.007638661877241484
19065,Fayette,2107699,Shrubland,150,0.007116765724138029
19065,Fayette,2107699,Spring Wheat,55,0.002609480765517277
19065,Fayette,2107699,Clover/Wildflowers,44,0.002087584612413822
19065,Fayette,2107699,Sorghum,38,0.0018029139834483008
19065,Fayette,2107699,Switchgrass,31,0.0014707982496551927
19065,Fayette,2107699,Winter Wheat,18,8.540118868965635e-4
19065,Fayette,2107699,Other Crops,12,5.693412579310423e-4
19065,Fayette,2107699,Sweet Corn,2,9.489020965517372e-5
19065,Fayette,2107699,Sod/Grass Seed,1,4.744510482758686e-5
19181,Warren,1651818,Grassland/Pasture,592183,35.85037818936469
19181,Warren,1651818,Soybeans,281159,17.021185142673104
19181,Warren,1651818,Corn,267955,16.221823469655856
19181,Warren,1651818,Deciduous Forest,265867,16.09541729173553
19181,Warren,1651818,Developed/Open Space,52815,3.19738615271174
19181,Warren,1651818,Developed/Low Intensity,45242,2.7389216003215853
19181,Warren,1651818,Woody Wetlands,33487,2.027281455947326
19181,Warren,1651818,Mixed Forest,22576,1.3667365290849234
19181,Warren,1651818,Alfalfa,22263,1.3477877102683227
19181,Warren,1651818,Open Water,19073,1.1546671606678218
19181,Warren,1651818,Developed/Med Intensity,18578,1.1247001788332611
19181,Warren,1651818,Herbaceous Wetlands,15810,0.9571272379886888
19181,Warren,1651818,Other Hay/Non Alfalfa,8077,0.48897638843988867
19181,Warren,1651818,Developed/High Intensity,2721,0.16472759105422025
19181,Warren,1651818,Oats,1291,0.07815631019882335
19181,Warren,1651818,Barren,858,0.05194276851323814
19181,Warren,1651818,Evergreen Forest,759,0.04594937214632605
19181,Warren,1651818,Shrubland,400,0.02421574289661452
19181,Warren,1651818,Winter Wheat,276,0.01670886259866402
19181,Warren,1651818,Rye,113,0.006840947368293601
19181,Warren,1651818,Sod/Grass Seed,79,0.004782609222081367
19181,Warren,1651818,Sweet Corn,73,0.004419373078632149
19181,Warren,1651818,Dbl Crop WinWht/Soybeans,62,0.003753440148975251
19181,Warren,1651818,Peas,27,0.00163456264552148
19181,Warren,1651818,Spring Wheat,18,0.0010897084303476533
19181,Warren,1651818,Clover/Wildflowers,17,0.001029169073106117
19181,Warren,1651818,Other Crops,15,9.080903586230443e-4
19181,Warren,1651818,Christmas Trees,7,4.237755006907541e-4
19181,Warren,1651818,Sorghum,5,3.026967862076815e-4
19181,Warren,1651818,Switchgrass,5,3.026967862076815e-4
19181,Warren,1651818,Sunflower,2,1.210787144830726e-4
19181,Warren,1651818,Barley,2,1.210787144830726e-4
19181,Warren,1651818,Fallow/Idle Cropland,2,1.210787144830726e-4
19181,Warren,1651818,Dbl Crop WinWht/Sorghum,1,6.05393572415363e-5
19001,Adair,1643663,Soybeans,484710,29.48962165602073
19001,Adair,1643663,Corn,480784,29.250764907404985
19001,Adair,1643663,Grassland/Pasture,463054,28.172076636147438
19001,Adair,1643663,Deciduous Forest,55379,3.3692429652550433
19001,Adair,1643663,Alfalfa,45398,2.762001699861833
19001,Adair,1643663,Developed/Open Space,38395,2.3359411266178043
19001,Adair,1643663,Developed/Low Intensity,32464,1.97510073536972
19001,Adair,1643663,Other Hay/Non Alfalfa,9924,0.603773401238575
19001,Adair,1643663,Developed/Med Intensity,8131,0.49468777967259714
19001,Adair,1643663,Open Water,7472,0.4545944028672544
19001,Adair,1643663,Woody Wetlands,4540,0.2762123379305855
19001,Adair,1643663,Oats,4447,0.2705542437835493
19001,Adair,1643663,Mixed Forest,2978,0.18118069214918142
19001,Adair,1643663,Winter Wheat,1716,0.10440096297111999
19001,Adair,1643663,Developed/High Intensity,1198,0.07288598696934834
19001,Adair,1643663,Herbaceous Wetlands,1189,0.07233842947124806
19001,Adair,1643663,Barren,1122,0.06826216809650153
19001,Adair,1643663,Evergreen Forest,491,0.029872303507470815
19001,Adair,1643663,Shrubland,109,0.006631529699214498
19001,Adair,1643663,Rye,51,0.003102825822568252
19001,Adair,1643663,Clover/Wildflowers,46,0.0027986272125125403
19001,Adair,1643663,Sorghum,25,0.0015209930502785548
19001,Adair,1643663,Sweet Corn,12,7.300766641337062e-4
19001,Adair,1643663,Millet,11,6.69236942122564e-4
19001,Adair,1643663,Other Crops,6,3.650383320668531e-4
19001,Adair,1643663,Dbl Crop WinWht/Sorghum,3,1.8251916603342656e-4
19001,Adair,1643663,Pop or Orn Corn,2,1.2167944402228437e-4
19001,Adair,1643663,Peas,2,1.2167944402228437e-4
19001,Adair,1643663,Barley,1,6.083972201114218e-5
19001,Adair,1643663,Dbl Crop WinWht/Soybeans,1,6.083972201114218e-5
19001,Adair,1643663,Sod/Grass Seed,1,6.083972201114218e-5
19001,Adair,1643663,Pumpkins,1,6.083972201114218e-5
19037,Chickasaw,1457655,Corn,652370,44.754760214179626
19037,Chickasaw,1457655,Soybeans,392115,26.900398242382455
19037,Chickasaw,1457655,Grassland/Pasture,203544,13.96379801804954
19037,Chickasaw,1457655,Deciduous Forest,59955,4.113113185218724
19037,Chickasaw,1457655,Developed/Open Space,39562,2.714085294531285
19037,Chickasaw,1457655,Woody Wetlands,33497,2.2980060439541594
19037,Chickasaw,1457655,Developed/Low Intensity,29270,2.0080197303202745
19037,Chickasaw,1457655,Alfalfa,14885,1.0211606998912637
19037,Chickasaw,1457655,Developed/Med Intensity,10597,0.7269895825829843
19037,Chickasaw,1457655,Herbaceous Wetlands,8552,0.5866957544823707
19037,Chickasaw,1457655,Open Water,4476,0.30706854502608644
19037,Chickasaw,1457655,Developed/High Intensity,2304,0.15806209288206058
19037,Chickasaw,1457655,Oats,2146,0.14722276533198872
19037,Chickasaw,1457655,Barren,1474,0.10112132157472103
19037,Chickasaw,1457655,Mixed Forest,992,0.06805451221310942
19037,Chickasaw,1457655,Other Hay/Non Alfalfa,875,0.06002792155894227
19037,Chickasaw,1457655,Rye,536,0.03677138966353492
19037,Chickasaw,1457655,Evergreen Forest,296,0.020306588321653614
19037,Chickasaw,1457655,Sweet Corn,94,0.0064487138589035126
19037,Chickasaw,1457655,Barley,51,0.0034987702851497784
19037,Chickasaw,1457655,Winter Wheat,27,0.0018522901509616472
19037,Chickasaw,1457655,Shrubland,20,0.001372066778490109
19037,Chickasaw,1457655,Clover/Wildflowers,9,6.174300503205491e-4
19037,Chickasaw,1457655,Triticale,3,2.0581001677351637e-4
19037,Chickasaw,1457655,Spring Wheat,2,1.372066778490109e-4
19037,Chickasaw,1457655,Other Crops,2,1.372066778490109e-4
19037,Chickasaw,1457655,Sorghum,1,6.860333892450545e-5
19081,Hancock,1651687,Corn,823095,49.83359437956465
19081,Hancock,1651687,Soybeans,544394,32.95987678052803
19081,Hancock,1651687,Grassland/Pasture,129407,7.834837956586206
19081,Hancock,1651687,Developed/Open Space,52273,3.164824812449332
19081,Hancock,1651687,Herbaceous Wetlands,26683,1.6154997890036067
19081,Hancock,1651687,Developed/Low Intensity,24234,1.4672271441259754
19081,Hancock,1651687,Deciduous Forest,11175,0.6765809744824534
19081,Hancock,1651687,Developed/Med Intensity,10990,0.6653803051062338
19081,Hancock,1651687,Alfalfa,8351,0.5056042700584312
19081,Hancock,1651687,Open Water,5981,0.3621146137252397
19081,Hancock,1651687,Woody Wetlands,4688,0.2838310164092834
19081,Hancock,1651687,Developed/High Intensity,2934,0.1776365618909636
19081,Hancock,1651687,Oats,2914,0.17642567871515608
19081,Hancock,1651687,Barren,1724,0.10437812975460847
19081,Hancock,1651687,Other Hay/Non Alfalfa,1482,0.08972644332733745
19081,Hancock,1651687,Millet,854,0.05170471160698123
19081,Hancock,1651687,Mixed Forest,283,0.01713399693767645
19081,Hancock,1651687,Rye,80,0.004843532703230091
19081,Hancock,1651687,Peas,44,0.00266394298677655
19081,Hancock,1651687,Shrubland,38,0.002300678034034293
19081,Hancock,1651687,Sweet Corn,19,0.0011503390170171466
19081,Hancock,1651687,Winter Wheat,16,9.687065406460182e-4
19081,Hancock,1651687,Sod/Grass Seed,9,5.448974291133853e-4
19081,Hancock,1651687,Sorghum,5,3.0272079395188067e-4
19081,Hancock,1651687,Evergreen Forest,5,3.0272079395188067e-4
19081,Hancock,1651687,Barley,3,1.8163247637112843e-4
19081,Hancock,1651687,Other Crops,3,1.8163247637112843e-4
19081,Hancock,1651687,Pumpkins,2,1.2108831758075228e-4
19081,Hancock,1651687,Switchgrass,1,6.054415879037614e-5
19061,Dubuque,1777397,Corn,599190,33.71165811577267
19061,Dubuque,1777397,Grassland/Pasture,392511,22.083473754034692
19061,Dubuque,1777397,Deciduous Forest,286360,16.111200817825168
19061,Dubuque,1777397,Soybeans,176840,9.949381033050017
19061,Dubuque,1777397,Developed/Low Intensity,64997,3.656864504666093
19061,Dubuque,1777397,Developed/Open Space,58759,3.305901832848823
19061,Dubuque,1777397,Alfalfa,58266,3.278164641889235
19061,Dubuque,1777397,Developed/Med Intensity,41816,2.3526539090591467
19061,Dubuque,1777397,Mixed Forest,33323,1.874820313075807
19061,Dubuque,1777397,Open Water,25414,1.429843754659201
19061,Dubuque,1777397,Developed/High Intensity,13633,0.7670205362110997
19061,Dubuque,1777397,Woody Wetlands,7879,0.4432886968977668
19061,Dubuque,1777397,Oats,5201,0.29261892531606615
19061,Dubuque,1777397,Barren,4141,0.2329811516504191
19061,Dubuque,1777397,Herbaceous Wetlands,3142,0.17677536307307823
19061,Dubuque,1777397,Evergreen Forest,2273,0.12788364107737324
19061,Dubuque,1777397,Other Hay/Non Alfalfa,1549,0.0871499164227238
19061,Dubuque,1777397,Winter Wheat,1088,0.06121311108323014
19061,Dubuque,1777397,Rye,500,0.028131025313984436
19061,Dubuque,1777397,Shrubland,430,0.024192681770026616
19061,Dubuque,1777397,Other Crops,27,0.0015190753669551598
19061,Dubuque,1777397,Clover/Wildflowers,22,0.0012377651138153153
19061,Dubuque,1777397,Spring Wheat,17,9.564548606754709e-4
19061,Dubuque,1777397,Switchgrass,6,3.3757230376781327e-4
19061,Dubuque,1777397,Sorghum,5,2.8131025313984443e-4
19061,Dubuque,1777397,Sod/Grass Seed,3,1.6878615188390664e-4
19061,Dubuque,1777397,Fallow/Idle Cropland,3,1.6878615188390664e-4
19061,Dubuque,1777397,Barley,1,5.6262050627968876e-5
19061,Dubuque,1777397,Triticale,1,5.6262050627968876e-5
19157,Poweshiek,1689258,Corn,614559,36.38041080758534
19157,Poweshiek,1689258,Soybeans,547234,32.39493316000279
19157,Poweshiek,1689258,Grassland/Pasture,318730,18.86804739122147
19157,Poweshiek,1689258,Deciduous Forest,54412,3.221059186932961
19157,Poweshiek,1689258,Developed/Open Space,46958,2.7798003620524514
19157,Poweshiek,1689258,Developed/Low Intensity,36608,2.167105320797652
19157,Poweshiek,1689258,Alfalfa,26080,1.5438731087850406
19157,Poweshiek,1689258,Developed/Med Intensity,12761,0.7554204271934779
19157,Poweshiek,1689258,Woody Wetlands,7911,0.4683121228373641
19157,Poweshiek,1689258,Mixed Forest,6186,0.36619628262823084
19157,Poweshiek,1689258,Open Water,4927,0.29166651867269533
19157,Poweshiek,1689258,Oats,3659,0.21660397642041654
19157,Poweshiek,1689258,Herbaceous Wetlands,3150,0.18647240386015634
19157,Poweshiek,1689258,Developed/High Intensity,2530,0.14976989897339543
19157,Poweshiek,1689258,Other Hay/Non Alfalfa,2346,0.1388775426844212
19157,Poweshiek,1689258,Barren,436,0.02581014859778672
19157,Poweshiek,1689258,Rye,314,0.0185880427974886
19157,Poweshiek,1689258,Winter Wheat,170,0.01006359004959574
19157,Poweshiek,1689258,Evergreen Forest,119,0.007044513034717017
19157,Poweshiek,1689258,Shrubland,77,0.0045582143165816
19157,Poweshiek,1689258,Barley,40,0.0023679035410813505
19157,Poweshiek,1689258,Clover/Wildflowers,12,7.103710623244052e-4
19157,Poweshiek,1689258,Sorghum,11,6.511734737973715e-4
19157,Poweshiek,1689258,Sod/Grass Seed,10,5.919758852703376e-4
19157,Poweshiek,1689258,Dbl Crop WinWht/Soybeans,7,4.143831196892364e-4
19157,Poweshiek,1689258,Switchgrass,5,2.959879426351688e-4
19157,Poweshiek,1689258,Sweet Corn,4,2.3679035410813505e-4
19157,Poweshiek,1689258,Other Crops,1,5.9197588527033764e-5
19157,Poweshiek,1689258,Triticale,1,5.9197588527033764e-5
19165,Shelby,1704324,Corn,769469,45.14804696759536
19165,Shelby,1704324,Soybeans,631769,37.068597285492665
19165,Shelby,1704324,Grassland/Pasture,168710,9.898939403540641
19165,Shelby,1704324,Developed/Open Space,39300,2.305899582473755
19165,Shelby,1704324,Developed/Low Intensity,33330,1.9556140733804135
19165,Shelby,1704324,Deciduous Forest,19215,1.1274264752476642
19165,Shelby,1704324,Alfalfa,13081,0.7675183826549412
19165,Shelby,1704324,Developed/Med Intensity,10401,0.610271286445535
19165,Shelby,1704324,Open Water,4193,0.24602129642016424
19165,Shelby,1704324,Woody Wetlands,3879,0.22759756947622634
19165,Shelby,1704324,Herbaceous Wetlands,3835,0.22501590073248984
19165,Shelby,1704324,Developed/High Intensity,2775,0.16282115372429187
19165,Shelby,1704324,Other Hay/Non Alfalfa,1401,0.082202679772156
19165,Shelby,1704324,Oats,823,0.04828894036579899
19165,Shelby,1704324,Barren,795,0.04664606025614848
19165,Shelby,1704324,Winter Wheat,533,0.03127339637299011
19165,Shelby,1704324,Mixed Forest,260,0.015255315303897614
19165,Shelby,1704324,Evergreen Forest,114,0.006688869017862801
19165,Shelby,1704324,Dbl Crop WinWht/Sorghum,105,0.006160800411189421
19165,Shelby,1704324,Barley,104,0.006102126121559046
19165,Shelby,1704324,Shrubland,90,0.00528068606673379
19165,Shelby,1704324,Rye,78,0.004576594591169284
19165,Shelby,1704324,Pop or Orn Corn,35,0.002053600137063141
19165,Shelby,1704324,Other Crops,11,6.454171859341299e-4
19165,Shelby,1704324,Sorghum,5,2.933714481518772e-4
19165,Shelby,1704324,Sweet Corn,5,2.933714481518772e-4
19165,Shelby,1704324,Peas,5,2.933714481518772e-4
19165,Shelby,1704324,Fallow/Idle Cropland,3,1.7602286889112636e-4
19011,Benton,2070316,Corn,850569,41.08401809192413
19011,Benton,2070316,Soybeans,678065,32.751763498905476
19011,Benton,2070316,Grassland/Pasture,260512,12.583199859345143
19011,Benton,2070316,Deciduous Forest,67074,3.2397952776291157
19011,Benton,2070316,Developed/Low Intensity,57723,2.788125097811155
19011,Benton,2070316,Developed/Open Space,43585,2.105234176811656
19011,Benton,2070316,Woody Wetlands,36737,1.7744634152467547
19011,Benton,2070316,Developed/Med Intensity,21290,1.0283454313254594
19011,Benton,2070316,Alfalfa,17986,0.8687562671592163
19011,Benton,2070316,Open Water,11822,0.5710239403066971
19011,Benton,2070316,Herbaceous Wetlands,10953,0.5290496716443287
19011,Benton,2070316,Mixed Forest,4040,0.19513929274564848
19011,Benton,2070316,Developed/High Intensity,3343,0.16147293456651063
19011,Benton,2070316,Oats,3188,0.1539861547705761
19011,Benton,2070316,Other Hay/Non Alfalfa,1444,0.06974780661502882
19011,Benton,2070316,Barren,1154,0.05574028312586098
19011,Benton,2070316,Winter Wheat,230,0.011109415181064147
19011,Benton,2070316,Shrubland,176,0.008501117703770825
19011,Benton,2070316,Evergreen Forest,133,0.00642414008296318
19011,Benton,2070316,Rye,83,0.004009049826210105
19011,Benton,2070316,Barley,77,0.0037192389953997363
19011,Benton,2070316,Sorghum,62,0.0029947119183738134
19011,Benton,2070316,Sod/Grass Seed,52,0.0025116938670231986
19011,Benton,2070316,Switchgrass,8,3.864144410804921e-4
19011,Benton,2070316,Clover/Wildflowers,6,2.89810830810369e-4
19011,Benton,2070316,Other Crops,2,9.660361027012302e-5
19011,Benton,2070316,Triticale,2,9.660361027012302e-5
19185,Wayne,1519450,Grassland/Pasture,663174,43.64566125900819
19185,Wayne,1519450,Corn,273651,18.009871993155418
19185,Wayne,1519450,Soybeans,264719,17.422027707394122
19185,Wayne,1519450,Deciduous Forest,190633,12.54618447464543
19185,Wayne,1519450,Developed/Low Intensity,32824,2.1602553555562864
19185,Wayne,1519450,Developed/Open Space,28833,1.897594524334463
19185,Wayne,1519450,Other Hay/Non Alfalfa,18581,1.2228766988054889
19185,Wayne,1519450,Alfalfa,15098,0.993649017736681
19185,Wayne,1519450,Open Water,8644,0.5688900589028925
19185,Wayne,1519450,Mixed Forest,5886,0.3873770114186054
19185,Wayne,1519450,Woody Wetlands,5672,0.37329296785020893
19185,Wayne,1519450,Herbaceous Wetlands,3442,0.22652933627299354
19185,Wayne,1519450,Developed/Med Intensity,3428,0.2256079502451545
19185,Wayne,1519450,Winter Wheat,1627,0.10707821909243477
19185,Wayne,1519450,Evergreen Forest,1344,0.08845305867254599
19185,Wayne,1519450,Oats,732,0.048175326598440225
19185,Wayne,1519450,Developed/High Intensity,578,0.038040080292210995
19185,Wayne,1519450,Shrubland,304,0.020007239461647307
19185,Wayne,1519450,Barren,111,0.007305274935009378
19185,Wayne,1519450,Rye,84,0.0055283161670341245
19185,Wayne,1519450,Clover/Wildflowers,52,0.0034222909605449337
19185,Wayne,1519450,Spring Wheat,14,9.213860278390206e-4
19185,Wayne,1519450,Sorghum,8,5.265063016222976e-4
19185,Wayne,1519450,Barley,6,3.9487972621672315e-4
19185,Wayne,1519450,Sweet Corn,2,1.316265754055744e-4
19185,Wayne,1519450,Fallow/Idle Cropland,2,1.316265754055744e-4
19185,Wayne,1519450,Other Crops,1,6.58132877027872e-5
19097,Jackson,1872888,Grassland/Pasture,507898,27.118439543635287
19097,Jackson,1872888,Corn,473939,25.3052505008308
19097,Jackson,1872888,Deciduous Forest,340887,18.201141766085318
19097,Jackson,1872888,Soybeans,223904,11.955012793076788
19097,Jackson,1872888,Mixed Forest,78147,4.172539948998552
19097,Jackson,1872888,Open Water,47069,2.513177509813721
19097,Jackson,1872888,Alfalfa,41746,2.228964038426217
19097,Jackson,1872888,Developed/Open Space,41289,2.2045632200110203
19097,Jackson,1872888,Developed/Low Intensity,38125,2.0356262627557014
19097,Jackson,1872888,Woody Wetlands,32088,1.713289849686687
19097,Jackson,1872888,Herbaceous Wetlands,19834,1.0590061979146643
19097,Jackson,1872888,Developed/Med Intensity,14366,0.7670506725442205
19097,Jackson,1872888,Evergreen Forest,4208,0.22467974593248502
19097,Jackson,1872888,Developed/High Intensity,2849,0.15211801239582934
19097,Jackson,1872888,Oats,2342,0.12504752019341253
19097,Jackson,1872888,Barren,1728,0.09226392608634366
19097,Jackson,1872888,Other Hay/Non Alfalfa,1723,0.09199695870762159
19097,Jackson,1872888,Shrubland,317,0.01692573181097855
19097,Jackson,1872888,Winter Wheat,253,0.013508549363336196
19097,Jackson,1872888,Rye,101,0.005392741050185596
19097,Jackson,1872888,Sod/Grass Seed,31,0.0016551977480767672
19097,Jackson,1872888,Other Crops,14,7.475086604217658e-4
19097,Jackson,1872888,Fallow/Idle Cropland,13,6.94115184677354e-4
19097,Jackson,1872888,Clover/Wildflowers,8,4.271478059552947e-4
19097,Jackson,1872888,Dry Beans,6,3.20360854466471e-4
19097,Jackson,1872888,Sorghum,3,1.601804272332355e-4
19113,Linn,2088446,Corn,656530,31.436292822510136
19113,Linn,2088446,Soybeans,446850,21.396291788248295
19113,Linn,2088446,Grassland/Pasture,322122,15.424004259626537
19113,Linn,2088446,Deciduous Forest,187535,8.979643237124638
19113,Linn,2088446,Developed/Low Intensity,117178,5.610774709999684
19113,Linn,2088446,Developed/Open Space,97439,4.66562218989622
19113,Linn,2088446,Developed/Med Intensity,84717,4.056461119894888
19113,Linn,2088446,Woody Wetlands,62963,3.0148253773379827
19113,Linn,2088446,Developed/High Intensity,30770,1.473344295231957
19113,Linn,2088446,Open Water,24007,1.149514998233136
19113,Linn,2088446,Alfalfa,21110,1.0107994173658308
19113,Linn,2088446,Mixed Forest,14674,0.702627695425211
19113,Linn,2088446,Herbaceous Wetlands,9359,0.44813224761377596
19113,Linn,2088446,Barren,5070,0.24276423714091724
19113,Linn,2088446,Oats,3746,0.17936781702758892
19113,Linn,2088446,Other Hay/Non Alfalfa,2247,0.10759196072103372
19113,Linn,2088446,Winter Wheat,709,0.03394868720570223
19113,Linn,2088446,Evergreen Forest,542,0.025952310952737107
19113,Linn,2088446,Rye,283,0.013550745386761256
19113,Linn,2088446,Sod/Grass Seed,215,0.010294735894535938
19113,Linn,2088446,Shrubland,179,0.008570966163357827
19113,Linn,2088446,Sorghum,35,0.0016758872386453852
19113,Linn,2088446,Barley,34,0.0016280047461126599
19113,Linn,2088446,Spring Wheat,29,0.0013885922834490335
19113,Linn,2088446,Pumpkins,29,0.0013885922834490335
19113,Linn,2088446,Dbl Crop WinWht/Soybeans,28,0.0013407097909163082
19113,Linn,2088446,Fallow/Idle Cropland,22,0.0010534148357199563
19113,Linn,2088446,Switchgrass,9,4.3094243279452756e-4
19113,Linn,2088446,Other Crops,6,2.872949551963517e-4
19113,Linn,2088446,Clover/Wildflowers,6,2.872949551963517e-4
19113,Linn,2088446,Peas,1,4.78824925327253e-5
19113,Linn,2088446,Triticale,1,4.78824925327253e-5
19113,Linn,2088446,Dbl Crop Triticale/Corn,1,4.78824925327253e-5
19059,Dickinson,1164736,Corn,414061,35.549772652343535
19059,Dickinson,1164736,Soybeans,364038,31.254979669212595
19059,Dickinson,1164736,Grassland/Pasture,139831,12.005381477004232
19059,Dickinson,1164736,Open Water,69020,5.925806362986977
19059,Dickinson,1164736,Herbaceous Wetlands,62214,5.34146793779878
19059,Dickinson,1164736,Developed/Open Space,41114,3.529898620803341
19059,Dickinson,1164736,Developed/Low Intensity,20294,1.7423690862135282
19059,Dickinson,1164736,Mixed Forest,18743,1.6092058629595032
19059,Dickinson,1164736,Developed/Med Intensity,13996,1.2016456948183964
19059,Dickinson,1164736,Oats,7621,0.6543113632617177
19059,Dickinson,1164736,Alfalfa,4242,0.36420270344524425
19059,Dickinson,1164736,Developed/High Intensity,4015,0.34471330842353975
19059,Dickinson,1164736,Barren,2861,0.24563506236606408
19059,Dickinson,1164736,Other Hay/Non Alfalfa,1422,0.1220877520742898
19059,Dickinson,1164736,Deciduous Forest,460,0.039493928237815265
19059,Dickinson,1164736,Woody Wetlands,360,0.030908291664377165
19059,Dickinson,1164736,Shrubland,329,0.028246744326611353
19059,Dickinson,1164736,Rye,42,0.0036059673608440025
19059,Dickinson,1164736,Evergreen Forest,29,0.0024898346062970493
19059,Dickinson,1164736,Apples,17,0.0014595582174844772
19059,Dickinson,1164736,Other Crops,9,7.727072916094291e-4
19059,Dickinson,1164736,Sweet Corn,6,5.15138194406286e-4
19059,Dickinson,1164736,Peas,4,3.43425462937524e-4
19059,Dickinson,1164736,Dbl Crop Soybeans/Oats,3,2.57569097203143e-4
19059,Dickinson,1164736,Pop or Orn Corn,2,1.71712731468762e-4
19059,Dickinson,1164736,Sorghum,1,8.5856365734381e-5
19059,Dickinson,1164736,Barley,1,8.5856365734381e-5
19059,Dickinson,1164736,Winter Wheat,1,8.5856365734381e-5
19043,Clayton,2284725,Deciduous Forest,617301,27.018612743327974
19043,Clayton,2284725,Corn,578105,25.30304522426113
19043,Clayton,2284725,Grassland/Pasture,533685,23.358828743065356
19043,Clayton,2284725,Soybeans,272738,11.937454179387016
19043,Clayton,2284725,Alfalfa,56612,2.4778474433465734
19043,Clayton,2284725,Developed/Low Intensity,52011,2.276466533171388
19043,Clayton,2284725,Open Water,48720,2.1324229393034173
19043,Clayton,2284725,Developed/Open Space,44150,1.932398866384357
19043,Clayton,2284725,Woody Wetlands,24283,1.0628412609832694
19043,Clayton,2284725,Herbaceous Wetlands,14109,0.6175360273118209
19043,Clayton,2284725,Developed/Med Intensity,14030,0.6140782807558897
19043,Clayton,2284725,Mixed Forest,11238,0.49187538981715523
19043,Clayton,2284725,Oats,5034,0.22033286281718806
19043,Clayton,2284725,Other Hay/Non Alfalfa,3824,0.16737244088457034
19043,Clayton,2284725,Barren,3163,0.13844116906848747
19043,Clayton,2284725,Developed/High Intensity,1701,0.07445097331188655
19043,Clayton,2284725,Evergreen Forest,1474,0.06451542308155249
19043,Clayton,2284725,Rye,1343,0.058781691450831064
19043,Clayton,2284725,Shrubland,369,0.016150740242261104
19043,Clayton,2284725,Clover/Wildflowers,182,0.00796594776176564
19043,Clayton,2284725,Sorghum,134,0.005865038461959317
19043,Clayton,2284725,Spring Wheat,119,0.005208504305769841
19043,Clayton,2284725,Winter Wheat,119,0.005208504305769841
19043,Clayton,2284725,Switchgrass,91,0.00398297388088282
19043,Clayton,2284725,Triticale,79,0.0034577465559312392
19043,Clayton,2284725,Barley,72,0.0031513639497094833
19043,Clayton,2284725,Other Crops,34,0.0014881440873628117
19043,Clayton,2284725,Sod/Grass Seed,5,2.1884471872982524e-4
19021,Buena Vista,1672443,Corn,721806,43.1587802992389
19021,Buena Vista,1672443,Soybeans,649571,38.839649542615206
19021,Buena Vista,1672443,Grassland/Pasture,131460,7.860357572724451
19021,Buena Vista,1672443,Developed/Open Space,45727,2.734144003711935
19021,Buena Vista,1672443,Developed/Low Intensity,33317,1.9921157253191886
19021,Buena Vista,1672443,Open Water,18678,1.1168093621127895
19021,Buena Vista,1672443,Herbaceous Wetlands,16753,1.001708279445099
19021,Buena Vista,1672443,Developed/Med Intensity,14496,0.8667559970653709
19021,Buena Vista,1672443,Deciduous Forest,13564,0.8110291352231437
19021,Buena Vista,1672443,Alfalfa,6252,0.37382439939657136
19021,Buena Vista,1672443,Mixed Forest,6226,0.3722697873709298
19021,Buena Vista,1672443,Woody Wetlands,4823,0.2883805307565041
19021,Buena Vista,1672443,Developed/High Intensity,3957,0.23659999174859772
19021,Buena Vista,1672443,Barren,2404,0.1437418196016247
19021,Buena Vista,1672443,Oats,1274,0.07617598925643504
19021,Buena Vista,1672443,Other Hay/Non Alfalfa,1246,0.07450179169035956
19021,Buena Vista,1672443,Rye,265,0.015845084107500226
19021,Buena Vista,1672443,Sweet Corn,191,0.011420419111443559
19021,Buena Vista,1672443,Shrubland,185,0.011061662490141667
19021,Buena Vista,1672443,Evergreen Forest,157,0.00938746492406617
19021,Buena Vista,1672443,Pop or Orn Corn,53,0.0031690168215000453
19021,Buena Vista,1672443,Peas,18,0.0010762698639056757
19021,Buena Vista,1672443,Other Crops,13,7.773060128207658e-4
19021,Buena Vista,1672443,Dry Beans,4,2.3917108086792796e-4
19021,Buena Vista,1672443,Sorghum,1,5.979277021698199e-5
19021,Buena Vista,1672443,Barley,1,5.979277021698199e-5
19021,Buena Vista,1672443,Dbl Crop Soybeans/Oats,1,5.979277021698199e-5
19129,Mills,1270413,Corn,443601,34.91785742116934
19129,Mills,1270413,Soybeans,423608,33.34411722801955
19129,Mills,1270413,Grassland/Pasture,181568,14.292045185305883
19129,Mills,1270413,Deciduous Forest,98487,7.752360846433404
19129,Mills,1270413,Developed/Low Intensity,40061,3.153383978281079
19129,Mills,1270413,Developed/Open Space,21663,1.7051935079379699
19129,Mills,1270413,Open Water,17263,1.3588494450229964
19129,Mills,1270413,Developed/Med Intensity,10418,0.8200482835109527
19129,Mills,1270413,Herbaceous Wetlands,10368,0.8161125555232827
19129,Mills,1270413,Woody Wetlands,8259,0.6501035490033555
19129,Mills,1270413,Other Hay/Non Alfalfa,2586,0.2035558515223002
19129,Mills,1270413,Alfalfa,2576,0.2027687059247662
19129,Mills,1270413,Evergreen Forest,2366,0.18623864837655157
19129,Mills,1270413,Barren,2097,0.16506443180288613
19129,Mills,1270413,Developed/High Intensity,1868,0.14703879761935684
19129,Mills,1270413,Winter Wheat,1643,0.12932802167484117
19129,Mills,1270413,Mixed Forest,1015,0.07989527814970407
19129,Mills,1270413,Fallow/Idle Cropland,423,0.03329625877568948
19129,Mills,1270413,Shrubland,267,0.02101678745415861
19129,Mills,1270413,Oats,207,0.016293913868954426
19129,Mills,1270413,Pop or Orn Corn,28,0.002204007673095285
19129,Mills,1270413,Other Crops,17,0.0013381475158078515
19129,Mills,1270413,Rye,8,6.297164780272242e-4
19129,Mills,1270413,Clover/Wildflowers,6,4.7228735852041816e-4
19129,Mills,1270413,Sorghum,4,3.148582390136121e-4
19129,Mills,1270413,Dbl Crop WinWht/Sorghum,3,2.3614367926020908e-4
19129,Mills,1270413,Peas,2,1.5742911950680606e-4
19129,Mills,1270413,Dry Beans,1,7.871455975340303e-5
19049,Dallas,1705221,Corn,541763,31.77083791485092
19049,Dallas,1705221,Soybeans,483269,28.34054940679243
19049,Dallas,1705221,Grassland/Pasture,275512,16.15696733737152
19049,Dallas,1705221,Deciduous Forest,140005,8.210372731745622
19049,Dallas,1705221,Developed/Low Intensity,57999,3.401260012631794
19049,Dallas,1705221,Developed/Open Space,56693,3.324671699445409
19049,Dallas,1705221,Developed/Med Intensity,41744,2.4480111375592957
19049,Dallas,1705221,Woody Wetlands,34140,2.002086533065216
19049,Dallas,1705221,Open Water,20333,1.1923967626483605
19049,Dallas,1705221,Alfalfa,11943,0.7003784260221989
19049,Dallas,1705221,Herbaceous Wetlands,10979,0.6438461642215291
19049,Dallas,1705221,Mixed Forest,10090,0.5917121593036914
19049,Dallas,1705221,Developed/High Intensity,7470,0.43806638553008675
19049,Dallas,1705221,Barren,4182,0.24524680378672326
19049,Dallas,1705221,Other Hay/Non Alfalfa,2908,0.17053508020368036
19049,Dallas,1705221,Oats,2005,0.1175800673343807
19049,Dallas,1705221,Rye,972,0.05700140920150526
19049,Dallas,1705221,Sod/Grass Seed,803,0.04709067035885671
19049,Dallas,1705221,Winter Wheat,624,0.03659349726516387
19049,Dallas,1705221,Peas,600,0.03518605506265757
19049,Dallas,1705221,Sweet Corn,578,0.033895899710360125
19049,Dallas,1705221,Evergreen Forest,285,0.016713376154762344
19049,Dallas,1705221,Shrubland,121,0.007095854437635943
19049,Dallas,1705221,Barley,64,0.003753179206683474
19049,Dallas,1705221,Clover/Wildflowers,34,0.0019938764535505954
19049,Dallas,1705221,Dbl Crop WinWht/Soybeans,33,0.0019352330284461664
19049,Dallas,1705221,Other Crops,23,0.0013487987774018734
19049,Dallas,1705221,Sorghum,16,9.382948016708685e-4
19049,Dallas,1705221,Sunflower,11,6.450776761487221e-4
19049,Dallas,1705221,Millet,5,2.932171255221464e-4
19049,Dallas,1705221,Dbl Crop WinWht/Sorghum,5,2.932171255221464e-4
19049,Dallas,1705221,Christmas Trees,4,2.3457370041771712e-4
19049,Dallas,1705221,Spring Wheat,3,1.7593027531328785e-4
19049,Dallas,1705221,Switchgrass,3,1.7593027531328785e-4
19049,Dallas,1705221,Buckwheat,1,5.864342510442928e-5
19049,Dallas,1705221,Pumpkins,1,5.864342510442928e-5
19125,Marion,1644398,Grassland/Pasture,433601,26.36837310675396
19125,Marion,1644398,Corn,316616,19.254219477279833
19125,Marion,1644398,Soybeans,308719,18.773982940869548
19125,Marion,1644398,Deciduous Forest,266902,16.230985442696962
19125,Marion,1644398,Open Water,113707,6.914810161530238
19125,Marion,1644398,Developed/Open Space,48200,2.9311638666551527
19125,Marion,1644398,Developed/Low Intensity,40482,2.4618127728202053
19125,Marion,1644398,Herbaceous Wetlands,27521,1.6736215928260676
19125,Marion,1644398,Alfalfa,24004,1.4597439306056077
19125,Marion,1644398,Mixed Forest,19263,1.1714317336800457
19125,Marion,1644398,Developed/Med Intensity,16792,1.0211639761177038
19125,Marion,1644398,Woody Wetlands,16420,0.9985417155700749
19125,Marion,1644398,Other Hay/Non Alfalfa,4335,0.2636223104139022
19125,Marion,1644398,Developed/High Intensity,4035,0.24537855190774985
19125,Marion,1644398,Barren,1520,0.09243504309783884
19125,Marion,1644398,Oats,1169,0.07108984564564053
19125,Marion,1644398,Evergreen Forest,633,0.03849433044798157
19125,Marion,1644398,Winter Wheat,200,0.012162505670768268
19125,Marion,1644398,Rye,160,0.009730004536614614
19125,Marion,1644398,Shrubland,52,0.0031622514743997496
19125,Marion,1644398,Fallow/Idle Cropland,19,0.0011554380387229855
19125,Marion,1644398,Barley,14,8.513753969537789e-4
19125,Marion,1644398,Spring Wheat,14,8.513753969537789e-4
19125,Marion,1644398,Sorghum,7,4.2568769847688945e-4
19125,Marion,1644398,Triticale,6,3.648751701230481e-4
19125,Marion,1644398,Clover/Wildflowers,4,2.432501134153654e-4
19125,Marion,1644398,Other Crops,3,1.8243758506152405e-4
19123,Mahaska,1652740,Corn,549670,33.25810472306594
19123,Mahaska,1652740,Soybeans,469054,28.380386509674842
19123,Mahaska,1652740,Grassland/Pasture,332134,20.095961857279427
19123,Mahaska,1652740,Deciduous Forest,118343,7.160412406065079
19123,Mahaska,1652740,Developed/Low Intensity,49533,2.9970231252344592
19123,Mahaska,1652740,Developed/Open Space,32311,1.9549959461258273
19123,Mahaska,1652740,Woody Wetlands,31045,1.8783958759393493
19123,Mahaska,1652740,Developed/Med Intensity,19033,1.1516027929377881
19123,Mahaska,1652740,Open Water,15261,0.9233757275796556
19123,Mahaska,1652740,Alfalfa,12845,0.7771942350278931
19123,Mahaska,1652740,Herbaceous Wetlands,11933,0.7220131418129893
19123,Mahaska,1652740,Mixed Forest,4599,0.2782651838764718
19123,Mahaska,1652740,Developed/High Intensity,3405,0.20602151578590702
19123,Mahaska,1652740,Other Hay/Non Alfalfa,1546,0.09354163389280831
19123,Mahaska,1652740,Oats,850,0.05142974696564493
19123,Mahaska,1652740,Barren,727,0.04398756005179278
19123,Mahaska,1652740,Evergreen Forest,152,0.009196848869150624
19123,Mahaska,1652740,Shrubland,147,0.008894320945823299
19123,Mahaska,1652740,Rye,72,0.004356402095913452
19123,Mahaska,1652740,Dbl Crop WinWht/Soybeans,23,0.0013916284473056862
19123,Mahaska,1652740,Winter Wheat,22,0.0013311228626402217
19123,Mahaska,1652740,Sorghum,11,6.655614313201109e-4
19123,Mahaska,1652740,Clover/Wildflowers,10,6.050558466546462e-4
19123,Mahaska,1652740,Switchgrass,6,3.630335079927877e-4
19123,Mahaska,1652740,Other Crops,4,2.4202233866185848e-4
19123,Mahaska,1652740,Triticale,2,1.2101116933092924e-4
19123,Mahaska,1652740,Barley,1,6.050558466546462e-5
19123,Mahaska,1652740,Sod/Grass Seed,1,6.050558466546462e-5
19007,Appanoose,1488181,Grassland/Pasture,639956,43.002564876181054
19007,Appanoose,1488181,Deciduous Forest,334761,22.4946427887468
19007,Appanoose,1488181,Soybeans,157464,10.580970997479474
19007,Appanoose,1488181,Corn,152234,10.229535251424391
19007,Appanoose,1488181,Open Water,60409,4.059250857254595
19007,Appanoose,1488181,Developed/Low Intensity,36824,2.4744301936390802
19007,Appanoose,1488181,Developed/Open Space,32159,2.1609602595383226
19007,Appanoose,1488181,Woody Wetlands,16278,1.0938185610486897
19007,Appanoose,1488181,Alfalfa,14493,0.9738734737239624
19007,Appanoose,1488181,Other Hay/Non Alfalfa,12292,0.8259747974204751
19007,Appanoose,1488181,Herbaceous Wetlands,11774,0.7911672034517307
19007,Appanoose,1488181,Mixed Forest,7273,0.48871743423683006
19007,Appanoose,1488181,Developed/Med Intensity,5630,0.3783141969961987
19007,Appanoose,1488181,Winter Wheat,1903,0.12787423035235634
19007,Appanoose,1488181,Evergreen Forest,1632,0.10966407983975068
19007,Appanoose,1488181,Developed/High Intensity,1063,0.07142948337601408
19007,Appanoose,1488181,Oats,849,0.057049512122517354
19007,Appanoose,1488181,Barren,564,0.03789861582697266
19007,Appanoose,1488181,Shrubland,273,0.018344542767311234
19007,Appanoose,1488181,Rye,144,0.00967624233880153
19007,Appanoose,1488181,Sorghum,112,0.007525966263512301
19007,Appanoose,1488181,Clover/Wildflowers,73,0.004905317296753553
19007,Appanoose,1488181,Triticale,14,9.407457829390376e-4
19007,Appanoose,1488181,Other Crops,3,2.0158838205836522e-4
19007,Appanoose,1488181,Barley,2,1.343922547055768e-4
19007,Appanoose,1488181,Spring Wheat,1,6.71961273527884e-5
19007,Appanoose,1488181,Dbl Crop WinWht/Soybeans,1,6.71961273527884e-5
19177,Van Buren,1414229,Grassland/Pasture,440705,31.16220923202678
19177,Van Buren,1414229,Deciduous Forest,417318,29.508516654657768
19177,Van Buren,1414229,Soybeans,210928,14.914699104600457
19177,Van Buren,1414229,Corn,209231,14.794704393701444
19177,Van Buren,1414229,Developed/Low Intensity,31138,2.201765060679706
19177,Van Buren,1414229,Developed/Open Space,26141,1.8484276591697668
19177,Van Buren,1414229,Open Water,25300,1.7889606280171035
19177,Van Buren,1414229,Alfalfa,13125,0.928067519475276
19177,Van Buren,1414229,Woody Wetlands,9607,0.6793100693027792
19177,Van Buren,1414229,Other Hay/Non Alfalfa,6539,0.4623720769408632
19177,Van Buren,1414229,Mixed Forest,6390,0.4518363009102486
19177,Van Buren,1414229,Developed/Med Intensity,6102,0.4314718479114768
19177,Van Buren,1414229,Evergreen Forest,3761,0.2659399573902105
19177,Van Buren,1414229,Herbaceous Wetlands,2892,0.2044930488626665
19177,Van Buren,1414229,Oats,1447,0.102317234337579
19177,Van Buren,1414229,Winter Wheat,1387,0.09807463996283486
19177,Van Buren,1414229,Barren,804,0.05685076462157119
19177,Van Buren,1414229,Developed/High Intensity,733,0.05183036127812398
19177,Van Buren,1414229,Shrubland,423,0.029910290341946037
19177,Van Buren,1414229,Rye,145,0.01025293640563162
19177,Van Buren,1414229,Sorghum,63,0.004454724093481324
19177,Van Buren,1414229,Clover/Wildflowers,22,0.0015556179374061768
19177,Van Buren,1414229,Other Crops,17,0.0012020684061775002
19177,Van Buren,1414229,Dbl Crop WinWht/Soybeans,6,4.2425943747441186e-4
19177,Van Buren,1414229,Sod/Grass Seed,3,2.1212971873720593e-4
19177,Van Buren,1414229,Barley,1,7.07099062457353e-5
19177,Van Buren,1414229,Switchgrass,1,7.07099062457353e-5
19103,Johnson,1796177,Corn,488789,27.212741283292235
19103,Johnson,1796177,Soybeans,406792,22.647656661899134
19103,Johnson,1796177,Grassland/Pasture,348889,19.423976590280358
19103,Johnson,1796177,Deciduous Forest,158356,8.816280355443812
19103,Johnson,1796177,Developed/Low Intensity,81857,4.557290289320039
19103,Johnson,1796177,Developed/Open Space,56452,3.14289738706152
19103,Johnson,1796177,Woody Wetlands,50404,2.8061822415051525
19103,Johnson,1796177,Developed/Med Intensity,50010,2.784246764099529
19103,Johnson,1796177,Herbaceous Wetlands,42645,2.374209223255837
19103,Johnson,1796177,Open Water,37983,2.1146579652228037
19103,Johnson,1796177,Alfalfa,28276,1.5742323835568544
19103,Johnson,1796177,Mixed Forest,15704,0.874301363395701
19103,Johnson,1796177,Developed/High Intensity,14856,0.8270899805531414
19103,Johnson,1796177,Oats,4036,0.22469945890633272
19103,Johnson,1796177,Barren,3402,0.18940226937545687
19103,Johnson,1796177,Other Hay/Non Alfalfa,3346,0.18628453654623126
19103,Johnson,1796177,Winter Wheat,2124,0.1182511523084863
19103,Johnson,1796177,Sod/Grass Seed,1027,0.05717699313597714
19103,Johnson,1796177,Evergreen Forest,726,0.04041917917888939
19103,Johnson,1796177,Rye,247,0.013751428728905894
19103,Johnson,1796177,Shrubland,121,0.0067365298631482315
19103,Johnson,1796177,Switchgrass,97,0.005400358650622962
19103,Johnson,1796177,Clover/Wildflowers,10,5.567380052188621e-4
19103,Johnson,1796177,Barley,7,3.8971660365320345e-4
19103,Johnson,1796177,Sorghum,6,3.340428031313172e-4
19103,Johnson,1796177,Other Crops,5,2.7836900260943105e-4
19103,Johnson,1796177,Dbl Crop WinWht/Soybeans,4,2.2269520208754485e-4
19103,Johnson,1796177,Pumpkins,3,1.670214015656586e-4
19103,Johnson,1796177,Peas,1,5.5673800521886213e-5
19103,Johnson,1796177,Fallow/Idle Cropland,1,5.5673800521886213e-5
19103,Johnson,1796177,Triticale,1,5.5673800521886213e-5
19197,Wright,1678122,Corn,754364,44.95286993436711
19197,Wright,1678122,Soybeans,627414,37.38786572132419
19197,Wright,1678122,Grassland/Pasture,131416,7.83113504262503
19197,Wright,1678122,Developed/Open Space,45728,2.724950867696151
19197,Wright,1678122,Developed/Low Intensity,27820,1.6578055707511135
19197,Wright,1678122,Woody Wetlands,26067,1.553343559049938
19197,Wright,1678122,Herbaceous Wetlands,19120,1.139368889746991
19197,Wright,1678122,Developed/Med Intensity,12270,0.7311744914851245
19197,Wright,1678122,Deciduous Forest,10617,0.6326715220943412
19197,Wright,1678122,Open Water,7719,0.45997847593917485
19197,Wright,1678122,Alfalfa,5015,0.29884597186616946
19197,Wright,1678122,Developed/High Intensity,3722,0.22179555479279814
19197,Wright,1678122,Sweet Corn,2150,0.12811940967343258
19197,Wright,1678122,Barren,1590,0.09474877273523617
19197,Wright,1678122,Oats,1517,0.09039867184864986
19197,Wright,1678122,Other Hay/Non Alfalfa,942,0.05613417856389464
19197,Wright,1678122,Mixed Forest,299,0.017817536508072714
19197,Wright,1678122,Rye,214,0.012752350544239333
19197,Wright,1678122,Shrubland,52,0.0030987020014039504
19197,Wright,1678122,Barley,19,0.0011322180389745204
19197,Wright,1678122,Winter Wheat,19,0.0011322180389745204
19197,Wright,1678122,Evergreen Forest,19,0.0011322180389745204
19197,Wright,1678122,Sod/Grass Seed,12,7.150850772470655e-4
19197,Wright,1678122,Millet,10,5.959042310392212e-4
19197,Wright,1678122,Peas,3,1.7877126931176637e-4
19197,Wright,1678122,Sorghum,2,1.1918084620784424e-4
19197,Wright,1678122,Sunflower,1,5.959042310392212e-5
19197,Wright,1678122,Triticale,1,5.959042310392212e-5
19137,Montgomery,1225124,Corn,434573,35.47175632833901
19137,Montgomery,1225124,Soybeans,390288,31.857020187344304
19137,Montgomery,1225124,Grassland/Pasture,246985,20.160000130599027
19137,Montgomery,1225124,Deciduous Forest,53496,4.366578403492218
19137,Montgomery,1225124,Developed/Low Intensity,33388,2.725275155820962
19137,Montgomery,1225124,Developed/Open Space,25025,2.0426503766149384
19137,Montgomery,1225124,Woody Wetlands,9507,0.7760030821369919
19137,Montgomery,1225124,Open Water,8343,0.6809922913925448
19137,Montgomery,1225124,Developed/Med Intensity,6589,0.5378231101504827
19137,Montgomery,1225124,Alfalfa,5782,0.4719522268766264
19137,Montgomery,1225124,Other Hay/Non Alfalfa,4850,0.3958782947685296
19137,Montgomery,1225124,Herbaceous Wetlands,2118,0.17288045944737024
19137,Montgomery,1225124,Developed/High Intensity,1511,0.12333445430829859
19137,Montgomery,1225124,Mixed Forest,1422,0.11606988353831937
19137,Montgomery,1225124,Barren,481,0.03926133191415726
19137,Montgomery,1225124,Evergreen Forest,313,0.02554843428093809
19137,Montgomery,1225124,Oats,196,0.015998380572089032
19137,Montgomery,1225124,Shrubland,155,0.012651780554458163
19137,Montgomery,1225124,Fallow/Idle Cropland,45,0.0036730975803265626
19137,Montgomery,1225124,Winter Wheat,18,0.001469239032130625
19137,Montgomery,1225124,Rye,12,9.794926880870834e-4
19137,Montgomery,1225124,Sorghum,9,7.346195160653125e-4
19137,Montgomery,1225124,Pop or Orn Corn,7,5.713707347174653e-4
19137,Montgomery,1225124,Other Crops,4,3.264975626956945e-4
19137,Montgomery,1225124,Clover/Wildflowers,4,3.264975626956945e-4
19137,Montgomery,1225124,Dry Beans,2,1.6324878134784724e-4
19137,Montgomery,1225124,Sod/Grass Seed,1,8.162439067392362e-5
19175,Union,1227531,Grassland/Pasture,489140,39.84746617397035
19175,Union,1227531,Corn,249332,20.311666263418196
19175,Union,1227531,Soybeans,226141,18.422426806329128
19175,Union,1227531,Deciduous Forest,112752,9.185267011586673
19175,Union,1227531,Developed/Low Intensity,31214,2.5428278389710726
19175,Union,1227531,Developed/Open Space,26033,2.1207611050148634
19175,Union,1227531,Alfalfa,24464,1.992943559062867
19175,Union,1227531,Open Water,16534,1.34693136059293
19175,Union,1227531,Mixed Forest,13272,1.0811946908061791
19175,Union,1227531,Other Hay/Non Alfalfa,11984,0.9762686237659172
19175,Union,1227531,Developed/Med Intensity,7664,0.6243426846246652
19175,Union,1227531,Woody Wetlands,5696,0.46402086790476166
19175,Union,1227531,Oats,4505,0.36699684162762486
19175,Union,1227531,Evergreen Forest,3656,0.2978336188658372
19175,Union,1227531,Developed/High Intensity,1415,0.1152720379363128
19175,Union,1227531,Herbaceous Wetlands,1201,0.09783866965477857
19175,Union,1227531,Winter Wheat,959,0.07812429991584734
19175,Union,1227531,Barren,596,0.04855274530745048
19175,Union,1227531,Rye,429,0.03494820090083264
19175,Union,1227531,Shrubland,265,0.021588049507507347
19175,Union,1227531,Sorghum,128,0.010427435233814869
19175,Union,1227531,Clover/Wildflowers,76,0.006191289670077578
19175,Union,1227531,Spring Wheat,25,0.0020366084441044664
19175,Union,1227531,Peas,9,7.33179039877608e-4
19175,Union,1227531,Christmas Trees,9,7.33179039877608e-4
19175,Union,1227531,Sweet Corn,7,5.702503643492507e-4
19175,Union,1227531,Other Crops,6,4.88786026585072e-4
19175,Union,1227531,Dbl Crop WinWht/Sorghum,6,4.88786026585072e-4
19175,Union,1227531,Sunflower,5,4.073216888208933e-4
19175,Union,1227531,Sod/Grass Seed,4,3.2585735105671466e-4
19175,Union,1227531,Dbl Crop WinWht/Soybeans,2,1.6292867552835733e-4
19175,Union,1227531,Pop or Orn Corn,1,8.146433776417866e-5
19175,Union,1227531,Millet,1,8.146433776417866e-5
19107,Keokuk,1671595,Corn,512260,30.644982785902087
19107,Keokuk,1671595,Soybeans,448513,26.831439433594863
19107,Keokuk,1671595,Grassland/Pasture,397748,23.79451960552646
19107,Keokuk,1671595,Deciduous Forest,136040,8.138334943571857
19107,Keokuk,1671595,Developed/Low Intensity,48997,2.9311525818155717
19107,Keokuk,1671595,Woody Wetlands,44545,2.6648201268848015
19107,Keokuk,1671595,Developed/Open Space,22563,1.3497886748883552
19107,Keokuk,1671595,Herbaceous Wetlands,15430,0.9230704805888987
19107,Keokuk,1671595,Alfalfa,13096,0.7834433579904223
19107,Keokuk,1671595,Developed/Med Intensity,12483,0.7467717957998199
19107,Keokuk,1671595,Open Water,6707,0.4012335523855958
19107,Keokuk,1671595,Other Hay/Non Alfalfa,3657,0.21877308797884654
19107,Keokuk,1671595,Mixed Forest,2566,0.15350608251400608
19107,Keokuk,1671595,Oats,1864,0.11151026414891166
19107,Keokuk,1671595,Developed/High Intensity,1489,0.08907660049234414
19107,Keokuk,1671595,Barren,1438,0.08602562223505095
19107,Keokuk,1671595,Winter Wheat,890,0.053242561744920265
19107,Keokuk,1671595,Dbl Crop WinWht/Soybeans,673,0.040260948375653194
19107,Keokuk,1671595,Shrubland,231,0.013819136812445598
19107,Keokuk,1671595,Evergreen Forest,229,0.013699490606277237
19107,Keokuk,1671595,Sorghum,101,0.006042133411502188
19107,Keokuk,1671595,Rye,29,0.0017348699894412223
19107,Keokuk,1671595,Switchgrass,12,7.17877237010161e-4
19107,Keokuk,1671595,Sod/Grass Seed,11,6.580541339259809e-4
19107,Keokuk,1671595,Clover/Wildflowers,10,5.982310308418009e-4
19107,Keokuk,1671595,Spring Wheat,7,4.187617215892606e-4
19107,Keokuk,1671595,Other Crops,4,2.3929241233672032e-4
19107,Keokuk,1671595,Triticale,2,1.1964620616836016e-4
19169,Story,1653472,Corn,673359,40.72394331443169
19169,Story,1653472,Soybeans,535759,32.402060633624274
19169,Story,1653472,Grassland/Pasture,180829,10.936320663428228
19169,Story,1653472,Developed/Open Space,65792,3.979021114358151
19169,Story,1653472,Deciduous Forest,53168,3.215536761432912
19169,Story,1653472,Developed/Low Intensity,51893,3.138426293278628
19169,Story,1653472,Developed/Med Intensity,34783,2.103634050047415
19169,Story,1653472,Woody Wetlands,15623,0.9448602697838246
19169,Story,1653472,Developed/High Intensity,9231,0.558279789437015
19169,Story,1653472,Alfalfa,8921,0.5395313618857773
19169,Story,1653472,Open Water,6053,0.36607816763755296
19169,Story,1653472,Herbaceous Wetlands,5598,0.33856031429622035
19169,Story,1653472,Mixed Forest,4940,0.2987652648487546
19169,Story,1653472,Other Hay/Non Alfalfa,2161,0.13069468367169207
19169,Story,1653472,Barren,1662,0.1005157631940547
19169,Story,1653472,Winter Wheat,1620,0.09797565365485476
19169,Story,1653472,Oats,490,0.029634611290665944
19169,Story,1653472,Sod/Grass Seed,460,0.02782024733409456
19169,Story,1653472,Rye,400,0.024191519420951792
19169,Story,1653472,Sweet Corn,396,0.023949604226742274
19169,Story,1653472,Sorghum,85,0.005140697876952256
19169,Story,1653472,Shrubland,79,0.004777825085637979
19169,Story,1653472,Evergreen Forest,63,0.003810164308799907
19169,Story,1653472,Peas,35,0.0021167579493332816
19169,Story,1653472,Other Crops,27,0.0016329275609142458
19169,Story,1653472,Barley,21,0.001270054769599969
19169,Story,1653472,Sunflower,7,4.233515898666563e-4
19169,Story,1653472,Apples,7,4.233515898666563e-4
19169,Story,1653472,Switchgrass,3,1.8143639565713844e-4
19169,Story,1653472,Dbl Crop WinWht/Soybeans,2,1.2095759710475895e-4
19169,Story,1653472,Fallow/Idle Cropland,2,1.2095759710475895e-4
19169,Story,1653472,Pop or Orn Corn,1,6.0478798552379474e-5
19169,Story,1653472,Millet,1,6.0478798552379474e-5
19169,Story,1653472,Clover/Wildflowers,1,6.0478798552379474e-5
19131,Mitchell,1354057,Corn,667365,49.28632989600881
19131,Mitchell,1354057,Soybeans,380191,28.077916956228577
19131,Mitchell,1354057,Grassland/Pasture,130633,9.647525916560381
19131,Mitchell,1354057,Deciduous Forest,46942,3.466766908630878
19131,Mitchell,1354057,Developed/Low Intensity,34568,2.552920593446214
19131,Mitchell,1354057,Developed/Open Space,29675,2.1915620981982293
19131,Mitchell,1354057,Woody Wetlands,15604,1.1523887103718675
19131,Mitchell,1354057,Alfalfa,13300,0.982233391947311
19131,Mitchell,1354057,Developed/Med Intensity,10275,0.7588306843803474
19131,Mitchell,1354057,Herbaceous Wetlands,7049,0.5205836977320748
19131,Mitchell,1354057,Open Water,3949,0.2916420800601452
19131,Mitchell,1354057,Oats,3473,0.2564884639272941
19131,Mitchell,1354057,Barren,3240,0.2392809165345329
19131,Mitchell,1354057,Peas,1880,0.1388420132978154
19131,Mitchell,1354057,Developed/High Intensity,1778,0.13130909555506157
19131,Mitchell,1354057,Rye,1564,0.11550473872222514
19131,Mitchell,1354057,Mixed Forest,1117,0.08249283449662755
19131,Mitchell,1354057,Other Hay/Non Alfalfa,1093,0.0807203832630384
19131,Mitchell,1354057,Evergreen Forest,161,0.011890193691993763
19131,Mitchell,1354057,Shrubland,41,0.0030279375240481014
19131,Mitchell,1354057,Barley,29,0.002141711907253535
19131,Mitchell,1354057,Triticale,27,0.0019940076377877743
19131,Mitchell,1354057,Winter Wheat,26,0.0019201555030548933
19131,Mitchell,1354057,Other Crops,22,0.0016247469641233715
19131,Mitchell,1354057,Cabbage,19,0.00140319055992473
19131,Mitchell,1354057,Sorghum,16,0.0011816341557260883
19131,Mitchell,1354057,Sod/Grass Seed,11,8.123734820616857e-4
19131,Mitchell,1354057,Sweet Corn,6,4.431128083972831e-4
19131,Mitchell,1354057,Clover/Wildflowers,2,1.4770426946576103e-4
19131,Mitchell,1354057,Fallow/Idle Cropland,1,7.385213473288052e-5
19075,Grundy,1447051,Corn,703509,48.61673845635019
19075,Grundy,1447051,Soybeans,547082,37.806684076787896
19075,Grundy,1447051,Grassland/Pasture,97173,6.715243623065116
19075,Grundy,1447051,Developed/Open Space,39490,2.728998494178851
19075,Grundy,1447051,Developed/Low Intensity,27256,1.883554898894372
19075,Grundy,1447051,Developed/Med Intensity,10388,0.7178737998868042
19075,Grundy,1447051,Woody Wetlands,5631,0.38913625020818204
19075,Grundy,1447051,Deciduous Forest,4849,0.3350953076291022
19075,Grundy,1447051,Alfalfa,4403,0.3042740027822102
19075,Grundy,1447051,Herbaceous Wetlands,2336,0.1614317670904481
19075,Grundy,1447051,Developed/High Intensity,1486,0.10269161211318743
19075,Grundy,1447051,Open Water,876,0.060536912658918036
19075,Grundy,1447051,Mixed Forest,765,0.052866139479534585
19075,Grundy,1447051,Oats,708,0.048927093792824165
19075,Grundy,1447051,Barren,632,0.04367503287721027
19075,Grundy,1447051,Other Hay/Non Alfalfa,301,0.020800925468418184
19075,Grundy,1447051,Rye,99,0.006841500403233888
19075,Grundy,1447051,Evergreen Forest,33,0.002280500134411296
19075,Grundy,1447051,Barley,13,8.983788408286924e-4
19075,Grundy,1447051,Winter Wheat,8,5.528485174330414e-4
19075,Grundy,1447051,Shrubland,6,4.146363880747811e-4
19075,Grundy,1447051,Clover/Wildflowers,3,2.0731819403739055e-4
19075,Grundy,1447051,Sorghum,1,6.910606467913017e-5
19075,Grundy,1447051,Sweet Corn,1,6.910606467913017e-5
19075,Grundy,1447051,Spring Wheat,1,6.910606467913017e-5
19075,Grundy,1447051,Switchgrass,1,6.910606467913017e-5
19191,Winneshiek,1988969,Corn,677199,34.047740311689125
19191,Winneshiek,1988969,Grassland/Pasture,513149,25.799748512923028
19191,Winneshiek,1988969,Soybeans,293694,14.76614265984035
19191,Winneshiek,1988969,Deciduous Forest,289399,14.55020163712959
19191,Winneshiek,1988969,Alfalfa,69393,3.488892989282387
19191,Winneshiek,1988969,Developed/Low Intensity,63990,3.2172447132157416
19191,Winneshiek,1988969,Developed/Open Space,25007,1.2572845529518057
19191,Winneshiek,1988969,Developed/Med Intensity,18531,0.9316887291858243
19191,Winneshiek,1988969,Oats,8612,0.4329881461199244
19191,Winneshiek,1988969,Mixed Forest,6252,0.31433370756406964
19191,Winneshiek,1988969,Herbaceous Wetlands,4089,0.20558389798936033
19191,Winneshiek,1988969,Open Water,3783,0.19019904282067743
19191,Winneshiek,1988969,Other Hay/Non Alfalfa,3487,0.17531696069672278
19191,Winneshiek,1988969,Woody Wetlands,2866,0.14409475461910165
19191,Winneshiek,1988969,Evergreen Forest,2565,0.12896128597278286
19191,Winneshiek,1988969,Barren,2494,0.12539159735521266
19191,Winneshiek,1988969,Developed/High Intensity,2368,0.11905665699163738
19191,Winneshiek,1988969,Winter Wheat,864,0.04343959106451634
19191,Winneshiek,1988969,Rye,379,0.019055098395198717
19191,Winneshiek,1988969,Barley,316,0.015887628213411067
19191,Winneshiek,1988969,Dry Beans,147,0.007390763757504516
19191,Winneshiek,1988969,Shrubland,110,0.005530503492010183
19191,Winneshiek,1988969,Peas,103,0.005178562360700444
19191,Winneshiek,1988969,Triticale,57,0.0028658063549507305
19191,Winneshiek,1988969,Clover/Wildflowers,35,0.0017597056565486942
19191,Winneshiek,1988969,Sorghum,29,0.0014580418297117752
19191,Winneshiek,1988969,Dbl Crop WinWht/Soybeans,26,0.0013072099162933157
19191,Winneshiek,1988969,Spring Wheat,19,9.55268784983577e-4
19191,Winneshiek,1988969,Sweet Corn,2,1.0055460894563968e-4
19191,Winneshiek,1988969,Other Crops,2,1.0055460894563968e-4
19191,Winneshiek,1988969,Switchgrass,2,1.0055460894563968e-4
19153,Polk,1706280,Corn,334586,19.609091122207374
19153,Polk,1706280,Soybeans,287058,16.823616288065267
19153,Polk,1706280,Grassland/Pasture,283065,16.589598424643086
19153,Polk,1706280,Developed/Low Intensity,198088,11.609348993131256
19153,Polk,1706280,Developed/Med Intensity,145753,8.542150174648944
19153,Polk,1706280,Developed/Open Space,140754,8.249173640903017
19153,Polk,1706280,Deciduous Forest,101910,5.972642239257332
19153,Polk,1706280,Open Water,59197,3.4693602456806616
19153,Polk,1706280,Developed/High Intensity,53585,3.140457603675833
19153,Polk,1706280,Woody Wetlands,44800,2.625594861335771
19153,Polk,1706280,Herbaceous Wetlands,22222,1.3023653796563284
19153,Polk,1706280,Mixed Forest,10756,0.6303771948332043
19153,Polk,1706280,Alfalfa,9236,0.5412945120378836
19153,Polk,1706280,Barren,4658,0.2729915371451344
19153,Polk,1706280,Other Hay/Non Alfalfa,4035,0.23647935860468386
19153,Polk,1706280,Oats,1782,0.1044377241718827
19153,Polk,1706280,Sod/Grass Seed,1761,0.10320697658063155
19153,Polk,1706280,Winter Wheat,1389,0.08140516210703988
19153,Polk,1706280,Rye,520,0.03047565464050449
19153,Polk,1706280,Sweet Corn,393,0.023032562064842815
19153,Polk,1706280,Peas,273,0.015999718686264857
19153,Polk,1706280,Evergreen Forest,202,0.011838619687272898
19153,Polk,1706280,Shrubland,112,0.006563987153339428
19153,Polk,1706280,Other Crops,41,0.0024028881543474694
19153,Polk,1706280,Dbl Crop WinWht/Soybeans,19,0.0011135335349415102
19153,Polk,1706280,Sunflower,17,9.963194786318777e-4
19153,Polk,1706280,Barley,16,9.377124504770612e-4
19153,Polk,1706280,Clover/Wildflowers,14,8.204983941674285e-4
19153,Polk,1706280,Sorghum,11,6.446773097029796e-4
19153,Polk,1706280,Switchgrass,11,6.446773097029796e-4
19153,Polk,1706280,Christmas Trees,7,4.1024919708371427e-4
19153,Polk,1706280,Fallow/Idle Cropland,4,2.344281126192653e-4
19153,Polk,1706280,Millet,2,1.1721405630963265e-4
19153,Polk,1706280,Dbl Crop WinWht/Sorghum,2,1.1721405630963265e-4
19153,Polk,1706280,Dbl Crop Soybeans/Oats,1,5.8607028154816325e-5
19161,Sac,1667070,Corn,737569,44.243433089192415
19161,Sac,1667070,Soybeans,626051,37.553971938790816
19161,Sac,1667070,Grassland/Pasture,142330,8.537733868403846
19161,Sac,1667070,Developed/Open Space,50084,3.004312956264584
19161,Sac,1667070,Developed/Low Intensity,27630,1.6573989094639097
19161,Sac,1667070,Herbaceous Wetlands,16944,1.0163940326441
19161,Sac,1667070,Developed/Med Intensity,13671,0.8200615451060843
19161,Sac,1667070,Deciduous Forest,13310,0.798406785557895
19161,Sac,1667070,Alfalfa,10157,0.609272556041438
19161,Sac,1667070,Open Water,9257,0.5552856208797471
19161,Sac,1667070,Woody Wetlands,5693,0.3414973576394512
19161,Sac,1667070,Pop or Orn Corn,4651,0.27899248381891584
19161,Sac,1667070,Developed/High Intensity,2747,0.16478012321018315
19161,Sac,1667070,Barren,2048,0.12285027023460322
19161,Sac,1667070,Oats,1811,0.10863371064202462
19161,Sac,1667070,Other Hay/Non Alfalfa,1393,0.08355977853359488
19161,Sac,1667070,Mixed Forest,615,0.03689107236048876
19161,Sac,1667070,Barley,538,0.03227219012998854
19161,Sac,1667070,Rye,193,0.011577198318007043
19161,Sac,1667070,Evergreen Forest,97,0.005818591900760017
19161,Sac,1667070,Shrubland,92,0.005518664483195067
19161,Sac,1667070,Winter Wheat,85,0.005098766098604138
19161,Sac,1667070,Sorghum,41,0.0024594048240325845
19161,Sac,1667070,Sweet Corn,22,0.0013196806372857768
19161,Sac,1667070,Sod/Grass Seed,9,5.398693516169087e-4
19161,Sac,1667070,Dry Beans,8,4.7988386810391884e-4
19161,Sac,1667070,Other Crops,8,4.7988386810391884e-4
19161,Sac,1667070,Dbl Crop WinWht/Sorghum,8,4.7988386810391884e-4
19161,Sac,1667070,Peas,5,2.9992741756494927e-4
19161,Sac,1667070,Clover/Wildflowers,2,1.1997096702597971e-4
19161,Sac,1667070,Fallow/Idle Cropland,1,5.9985483512989855e-5
19127,Marshall,1652200,Corn,649563,39.31503449945527
19127,Marshall,1652200,Soybeans,541051,32.7473066214744
19127,Marshall,1652200,Grassland/Pasture,226645,13.717770245732963
19127,Marshall,1652200,Developed/Open Space,58554,3.544001936811524
19127,Marshall,1652200,Deciduous Forest,42870,2.594722188597022
19127,Marshall,1652200,Developed/Low Intensity,38221,2.3133397893717467
19127,Marshall,1652200,Woody Wetlands,27444,1.6610579832950005
19127,Marshall,1652200,Alfalfa,21133,1.2790824355404915
19127,Marshall,1652200,Developed/Med Intensity,15674,0.9486744946132429
19127,Marshall,1652200,Open Water,7877,0.47675826171165714
19127,Marshall,1652200,Mixed Forest,7172,0.43408788282290284
19127,Marshall,1652200,Herbaceous Wetlands,6675,0.40400677884033415
19127,Marshall,1652200,Developed/High Intensity,4557,0.27581406609369324
19127,Marshall,1652200,Rye,1534,0.09284590243311948
19127,Marshall,1652200,Other Hay/Non Alfalfa,1288,0.07795666384214986
19127,Marshall,1652200,Barren,1082,0.06548843965621595
19127,Marshall,1652200,Oats,543,0.03286527054835976
19127,Marshall,1652200,Sweet Corn,127,0.007686720735988379
19127,Marshall,1652200,Evergreen Forest,127,0.007686720735988379
19127,Marshall,1652200,Sorghum,18,0.0010894564822660695
19127,Marshall,1652200,Shrubland,15,9.078804018883913e-4
19127,Marshall,1652200,Barley,14,8.473550417624985e-4
19127,Marshall,1652200,Clover/Wildflowers,7,4.2367752088124923e-4
19127,Marshall,1652200,Winter Wheat,6,3.631521607553565e-4
19127,Marshall,1652200,Switchgrass,3,1.8157608037767825e-4
19055,Delaware,1668693,Corn,831274,49.81587386056033
19055,Delaware,1668693,Soybeans,288187,17.27022286304311
19055,Delaware,1668693,Grassland/Pasture,241822,14.491700989936435
19055,Delaware,1668693,Deciduous Forest,140034,8.391837204326979
19055,Delaware,1668693,Developed/Open Space,39591,2.3725754228009586
19055,Delaware,1668693,Developed/Low Intensity,39175,2.347645732318647
19055,Delaware,1668693,Alfalfa,36132,2.165287443526161
19055,Delaware,1668693,Developed/Med Intensity,15922,0.9541599323542437
19055,Delaware,1668693,Mixed Forest,7256,0.43483133206647356
19055,Delaware,1668693,Woody Wetlands,6490,0.388927142380294
19055,Delaware,1668693,Open Water,5494,0.32923971036014416
19055,Delaware,1668693,Oats,4792,0.28717085767124334
19055,Delaware,1668693,Barren,3478,0.2084265949458648
19055,Delaware,1668693,Developed/High Intensity,2476,0.14837960008222004
19055,Delaware,1668693,Herbaceous Wetlands,2425,0.14532331591251357
19055,Delaware,1668693,Evergreen Forest,1610,0.09648269633779251
19055,Delaware,1668693,Other Hay/Non Alfalfa,1393,0.08347850683139439
19055,Delaware,1668693,Rye,544,0.03260036447686902
19055,Delaware,1668693,Winter Wheat,358,0.021453916328527778
19055,Delaware,1668693,Shrubland,95,0.005693078355335583
19055,Delaware,1668693,Clover/Wildflowers,56,0.0033559198726188697
19055,Delaware,1668693,Switchgrass,41,0.0024570127638816725
19055,Delaware,1668693,Other Crops,15,8.989071087371973e-4
19055,Delaware,1668693,Barley,11,6.59198546407278e-4
19055,Delaware,1668693,Sorghum,7,4.194899840773587e-4
19055,Delaware,1668693,Triticale,7,4.194899840773587e-4
19055,Delaware,1668693,Sod/Grass Seed,3,1.7978142174743944e-4
19055,Delaware,1668693,Dbl Crop WinWht/Soybeans,2,1.1985428116495964e-4
19055,Delaware,1668693,Sweet Corn,1,5.992714058247982e-5
19055,Delaware,1668693,Spring Wheat,1,5.992714058247982e-5
19055,Delaware,1668693,Millet,1,5.992714058247982e-5
19051,Davis,1455348,Grassland/Pasture,624273,42.89510137781479
19051,Davis,1455348,Deciduous Forest,309337,21.255191198256362
19051,Davis,1455348,Corn,199691,13.721185585853005
19051,Davis,1455348,Soybeans,187046,12.852321231760378
19051,Davis,1455348,Developed/Open Space,30186,2.074143091549238
19051,Davis,1455348,Developed/Low Intensity,28702,1.9721743528008422
19051,Davis,1455348,Alfalfa,17938,1.2325574364344474
19051,Davis,1455348,Woody Wetlands,12508,0.8594507980221912
19051,Davis,1455348,Other Hay/Non Alfalfa,9119,0.6265855314330319
19051,Davis,1455348,Open Water,8634,0.5932601687019188
19051,Davis,1455348,Mixed Forest,6128,0.4210676759098168
19051,Davis,1455348,Developed/Med Intensity,5742,0.394544809901137
19051,Davis,1455348,Winter Wheat,5646,0.3879484494430198
19051,Davis,1455348,Evergreen Forest,3343,0.2297045105363116
19051,Davis,1455348,Herbaceous Wetlands,1921,0.13199592125045007
19051,Davis,1455348,Oats,1514,0.1040301013915572
19051,Davis,1455348,Rye,1038,0.07132314745339259
19051,Davis,1455348,Developed/High Intensity,703,0.04830459793808766
19051,Davis,1455348,Barren,582,0.03999043527733573
19051,Davis,1455348,Shrubland,564,0.03875361769143875
19051,Davis,1455348,Dbl Crop WinWht/Soybeans,440,0.030233318766370657
19051,Davis,1455348,Clover/Wildflowers,182,0.01250560003518059
19051,Davis,1455348,Sorghum,50,0.003435604405269393
19051,Davis,1455348,Sod/Grass Seed,29,0.001992650555056248
19051,Davis,1455348,Other Crops,19,0.001305529674002369
19051,Davis,1455348,Spring Wheat,8,5.496967048431028e-4
19051,Davis,1455348,Barley,3,2.0613626431616354e-4
19051,Davis,1455348,Switchgrass,1,6.871208810538786e-5
19051,Davis,1455348,Dbl Crop WinWht/Corn,1,6.871208810538786e-5
19067,Floyd,1445241,Corn,623256,43.12471068839038
19067,Floyd,1445241,Soybeans,427381,29.571607780294084
19067,Floyd,1445241,Grassland/Pasture,200249,13.85575139371219
19067,Floyd,1445241,Deciduous Forest,55322,3.8278736902703425
19067,Floyd,1445241,Developed/Low Intensity,37386,2.5868349984535453
19067,Floyd,1445241,Developed/Open Space,35790,2.4764035894359484
19067,Floyd,1445241,Woody Wetlands,16104,1.1142778263279272
19067,Floyd,1445241,Developed/Med Intensity,13954,0.9655137101701378
19067,Floyd,1445241,Alfalfa,11367,0.7865124224956253
19067,Floyd,1445241,Open Water,8387,0.5803184382397123
19067,Floyd,1445241,Herbaceous Wetlands,6758,0.4676036730206242
19067,Floyd,1445241,Developed/High Intensity,2718,0.1880655198683126
19067,Floyd,1445241,Barren,2481,0.17166687078487256
19067,Floyd,1445241,Oats,1679,0.11617439582740871
19067,Floyd,1445241,Mixed Forest,1126,0.0779108812993819
19067,Floyd,1445241,Other Hay/Non Alfalfa,665,0.04601308709066516
19067,Floyd,1445241,Rye,261,0.018059271775433993
19067,Floyd,1445241,Evergreen Forest,213,0.014738026391446132
19067,Floyd,1445241,Barley,72,0.004981868075981792
19067,Floyd,1445241,Sod/Grass Seed,34,0.0023525488136580683
19067,Floyd,1445241,Shrubland,18,0.001245467018995448
19067,Floyd,1445241,Sweet Corn,7,4.8434828516489637e-4
19067,Floyd,1445241,Sorghum,5,3.4596306083206884e-4
19067,Floyd,1445241,Winter Wheat,3,2.075778364992413e-4
19067,Floyd,1445241,Spring Wheat,2,1.3838522433282753e-4
19067,Floyd,1445241,Peas,2,1.3838522433282753e-4
19067,Floyd,1445241,Fallow/Idle Cropland,1,6.919261216641376e-5
19009,Audubon,1278458,Corn,494622,38.688951846677796
19009,Audubon,1278458,Soybeans,459010,35.903408637593095
19009,Audubon,1278458,Grassland/Pasture,221016,17.287701277632898
19009,Audubon,1278458,Developed/Open Space,30029,2.348845249511521
19009,Audubon,1278458,Developed/Low Intensity,23273,1.8203961334670362
19009,Audubon,1278458,Deciduous Forest,18774,1.4684878189193544
19009,Audubon,1278458,Alfalfa,8934,0.6988105983927513
19009,Audubon,1278458,Developed/Med Intensity,6350,0.49669210877478964
19009,Audubon,1278458,Open Water,4029,0.3151452765753744
19009,Audubon,1278458,Other Hay/Non Alfalfa,2524,0.1974253358342628
19009,Audubon,1278458,Oats,1829,0.14306297117308509
19009,Audubon,1278458,Herbaceous Wetlands,1710,0.13375488283541578
19009,Audubon,1278458,Developed/High Intensity,1343,0.1050484255251248
19009,Audubon,1278458,Woody Wetlands,1016,0.07947073740396633
19009,Audubon,1278458,Barley,1009,0.07892320279586815
19009,Audubon,1278458,Pop or Orn Corn,821,0.06421798760694525
19009,Audubon,1278458,Barren,801,0.062653603012378975
19009,Audubon,1278458,Mixed Forest,578,0.0452107147829651
19009,Audubon,1278458,Winter Wheat,405,0.0316787880399669
19009,Audubon,1278458,Shrubland,135,0.010559596013322299
19009,Audubon,1278458,Evergreen Forest,110,0.008604115270114466
19009,Audubon,1278458,Rye,53,0.004145619175600607
19009,Audubon,1278458,Dbl Crop WinWht/Sorghum,36,0.00281589227021928
19009,Audubon,1278458,Sod/Grass Seed,17,0.0013297269053813266
19009,Audubon,1278458,Clover/Wildflowers,12,9.386307567397599e-4
19009,Audubon,1278458,Sorghum,6,4.6931537836987996e-4
19009,Audubon,1278458,Sweet Corn,6,4.6931537836987996e-4
19009,Audubon,1278458,Millet,4,3.128769189132533e-4
19009,Audubon,1278458,Peas,3,2.3465768918493998e-4
19009,Audubon,1278458,Dry Beans,2,1.5643845945662664e-4
19009,Audubon,1278458,Other Crops,1,7.821922972831332e-5
19105,Jones,1663389,Corn,641253,38.55099438555864
19105,Jones,1663389,Soybeans,344892,20.734296066644664
19105,Jones,1663389,Grassland/Pasture,293632,17.652635673315142
19105,Jones,1663389,Deciduous Forest,199112,11.970260714721572
19105,Jones,1663389,Developed/Open Space,42481,2.553882465256173
19105,Jones,1663389,Developed/Low Intensity,34157,2.0534583311540477
19105,Jones,1663389,Alfalfa,27022,1.6245147707481533
19105,Jones,1663389,Woody Wetlands,19597,1.1781369240748856
19105,Jones,1663389,Mixed Forest,16480,0.9907484058148756
19105,Jones,1663389,Developed/Med Intensity,14978,0.9004508265955828
19105,Jones,1663389,Open Water,10901,0.655348808967716
19105,Jones,1663389,Herbaceous Wetlands,4711,0.28321697450205574
19105,Jones,1663389,Oats,3543,0.21299888360449662
19105,Jones,1663389,Winter Wheat,3069,0.1845028432916173
19105,Jones,1663389,Other Hay/Non Alfalfa,2103,0.12642863455271136
19105,Jones,1663389,Barren,2100,0.1262482798671868
19105,Jones,1663389,Developed/High Intensity,2009,0.12077752107294205
19105,Jones,1663389,Evergreen Forest,986,0.05927657330906962
19105,Jones,1663389,Rye,169,0.010159980617883129
19105,Jones,1663389,Shrubland,140,0.008416551991145787
19105,Jones,1663389,Sod/Grass Seed,16,9.618916561309472e-4
19105,Jones,1663389,Other Crops,14,8.416551991145787e-4
19105,Jones,1663389,Dbl Crop WinWht/Soybeans,8,4.809458280654736e-4
19105,Jones,1663389,Clover/Wildflowers,6,3.6070937104910514e-4
19105,Jones,1663389,Switchgrass,5,3.0059114254092097e-4
19105,Jones,1663389,Sorghum,4,2.404729140327368e-4
19105,Jones,1663389,Pumpkins,1,6.01182285081842e-5
19083,Hardin,1643022,Corn,788670,48.00118318561773
19083,Hardin,1643022,Soybeans,464599,28.27710158476271
19083,Hardin,1643022,Grassland/Pasture,175106,10.657556624317872
19083,Hardin,1643022,Deciduous Forest,62637,3.812304400062811
19083,Hardin,1643022,Developed/Open Space,50489,3.0729351159022826
19083,Hardin,1643022,Developed/Low Intensity,34059,2.072948505862977
19083,Hardin,1643022,Developed/Med Intensity,14096,0.8579312997634847
19083,Hardin,1643022,Woody Wetlands,13786,0.8390636278759505
19083,Hardin,1643022,Alfalfa,10194,0.6204420878113622
19083,Hardin,1643022,Herbaceous Wetlands,7206,0.43858207619861445
19083,Hardin,1643022,Open Water,6944,0.4226358502807631
19083,Hardin,1643022,Mixed Forest,4359,0.26530381212180965
19083,Hardin,1643022,Developed/High Intensity,3004,0.1828338269359753
19083,Hardin,1643022,Barren,2989,0.18192087507044946
19083,Hardin,1643022,Other Hay/Non Alfalfa,1624,0.09884225530759783
19083,Hardin,1643022,Sweet Corn,1495,0.0909908692640756
19083,Hardin,1643022,Oats,665,0.04047419937164566
19083,Hardin,1643022,Peas,232,0.014120322186799688
19083,Hardin,1643022,Evergreen Forest,220,0.013389960694379015
19083,Hardin,1643022,Rye,219,0.013329097236677292
19083,Hardin,1643022,Shrubland,175,0.01065110509780149
19083,Hardin,1643022,Winter Wheat,139,0.00846002062053947
19083,Hardin,1643022,Sod/Grass Seed,72,0.004382168954524042
19083,Hardin,1643022,Barley,13,7.912249501223965e-4
19083,Hardin,1643022,Clover/Wildflowers,13,7.912249501223965e-4
19083,Hardin,1643022,Sorghum,9,5.477711193155052e-4
19083,Hardin,1643022,Other Crops,5,3.04317288508614e-4
19083,Hardin,1643022,Dbl Crop WinWht/Sorghum,2,1.217269154034456e-4
19083,Hardin,1643022,Millet,1,6.08634577017228e-5
19015,Boone,1653391,Corn,664849,40.211238599944
19015,Boone,1653391,Soybeans,509593,30.82108224854254
19015,Boone,1653391,Grassland/Pasture,170272,10.298350480920726
19015,Boone,1653391,Deciduous Forest,148748,8.99654104806425
19015,Boone,1653391,Developed/Open Space,57794,3.4954829196481656
19015,Boone,1653391,Developed/Low Intensity,33491,2.025594671798746
19015,Boone,1653391,Woody Wetlands,12635,0.7641870555724568
19015,Boone,1653391,Developed/Med Intensity,12226,0.7394500151506812
19015,Boone,1653391,Herbaceous Wetlands,11769,0.7118098501806288
19015,Boone,1653391,Open Water,10939,0.6616099882000084
19015,Boone,1653391,Alfalfa,7937,0.48004374040986075
19015,Boone,1653391,Mixed Forest,5593,0.3382744916356748
19015,Boone,1653391,Developed/High Intensity,2973,0.17981227670889705
19015,Boone,1653391,Other Hay/Non Alfalfa,1485,0.08981541571231488
19015,Boone,1653391,Oats,1422,0.08600506474270152
19015,Boone,1653391,Barren,963,0.058243936249804194
19015,Boone,1653391,Sweet Corn,290,0.017539710812505934
19015,Boone,1653391,Evergreen Forest,131,0.007923110746338889
19015,Boone,1653391,Winter Wheat,79,0.004778059152372306
19015,Boone,1653391,Sod/Grass Seed,54,0.00326601511681145
19015,Boone,1653391,Shrubland,54,0.00326601511681145
19015,Boone,1653391,Rye,35,0.002116861649785199
19015,Boone,1653391,Barley,19,0.001149153467026251
19015,Boone,1653391,Peas,11,6.652993756467769e-4
19015,Boone,1653391,Clover/Wildflowers,11,6.652993756467769e-4
19015,Boone,1653391,Other Crops,6,3.6289056853460556e-4
19015,Boone,1653391,Switchgrass,4,2.4192704568973703e-4
19015,Boone,1653391,Sorghum,3,1.8144528426730278e-4
19015,Boone,1653391,Millet,2,1.2096352284486852e-4
19015,Boone,1653391,Dbl Crop WinWht/Sorghum,2,1.2096352284486852e-4
19015,Boone,1653391,Pop or Orn Corn,1,6.048176142243426e-5
19099,Jasper,2112320,Corn,747721,35.398093091955765
19099,Jasper,2112320,Soybeans,647040,30.631722466292988
19099,Jasper,2112320,Grassland/Pasture,395418,18.719606877745797
19099,Jasper,2112320,Deciduous Forest,93066,4.405866535373428
19099,Jasper,2112320,Developed/Open Space,74511,3.527448492652628
19099,Jasper,2112320,Developed/Low Intensity,41542,1.9666527798818363
19099,Jasper,2112320,Woody Wetlands,27776,1.3149522799575823
19099,Jasper,2112320,Alfalfa,26383,1.249005832449629
19099,Jasper,2112320,Developed/Med Intensity,17339,0.8208510074231177
19099,Jasper,2112320,Mixed Forest,14768,0.6991364944705347
19099,Jasper,2112320,Open Water,11335,0.5366137706408121
19099,Jasper,2112320,Herbaceous Wetlands,5925,0.28049727314043327
19099,Jasper,2112320,Developed/High Intensity,3887,0.1840156794425087
19099,Jasper,2112320,Other Hay/Non Alfalfa,2044,0.09676564156945917
19099,Jasper,2112320,Oats,1575,0.0745625662778367
19099,Jasper,2112320,Barren,803,0.038015073473716104
19099,Jasper,2112320,Evergreen Forest,662,0.03133994849265263
19099,Jasper,2112320,Rye,256,0.012119375852143614
19099,Jasper,2112320,Winter Wheat,79,0.0037399636418724434
19099,Jasper,2112320,Shrubland,67,0.0031718678988032116
19099,Jasper,2112320,Sorghum,60,0.00284047871534616
19099,Jasper,2112320,Barley,50,0.0023670655961217997
19099,Jasper,2112320,Other Crops,3,1.4202393576730798e-4
19099,Jasper,2112320,Fallow/Idle Cropland,3,1.4202393576730798e-4
19099,Jasper,2112320,Clover/Wildflowers,2,9.468262384487199e-5
19099,Jasper,2112320,Switchgrass,2,9.468262384487199e-5
19099,Jasper,2112320,Sweet Corn,1,4.734131192243599e-5
19099,Jasper,2112320,Spring Wheat,1,4.734131192243599e-5
19099,Jasper,2112320,Triticale,1,4.734131192243599e-5
19149,Plymouth,2489540,Corn,1040549,41.79683797006676
19149,Plymouth,2489540,Soybeans,883955,35.50676028503258
19149,Plymouth,2489540,Grassland/Pasture,269683,10.832643781582139
19149,Plymouth,2489540,Developed/Open Space,76709,3.08125195819308
19149,Plymouth,2489540,Deciduous Forest,61924,2.4873671441310443
19149,Plymouth,2489540,Herbaceous Wetlands,43006,1.7274677249612378
19149,Plymouth,2489540,Developed/Low Intensity,31002,1.2452902945925752
19149,Plymouth,2489540,Developed/Med Intensity,22827,0.9169163781260795
19149,Plymouth,2489540,Alfalfa,22122,0.8885978935867671
19149,Plymouth,2489540,Open Water,10955,0.44004113209669254
19149,Plymouth,2489540,Developed/High Intensity,7313,0.2937490460084996
19149,Plymouth,2489540,Woody Wetlands,6390,0.2566739236967472
19149,Plymouth,2489540,Barren,4601,0.18481325867429324
19149,Plymouth,2489540,Oats,2572,0.10331225848952015
19149,Plymouth,2489540,Mixed Forest,2468,0.09913477991918185
19149,Plymouth,2489540,Other Hay/Non Alfalfa,2017,0.08101898342665713
19149,Plymouth,2489540,Sorghum,699,0.028077476160254505
19149,Plymouth,2489540,Switchgrass,246,0.009881343541377121
19149,Plymouth,2489540,Shrubland,189,0.007591763940326326
19149,Plymouth,2489540,Rye,138,0.005543192718333507
19149,Plymouth,2489540,Evergreen Forest,95,0.003815966001751328
19149,Plymouth,2489540,Fallow/Idle Cropland,68,0.0027314282959904237
19149,Plymouth,2489540,Pop or Orn Corn,6,2.4100837905797858e-4
19149,Plymouth,2489540,Peas,3,1.2050418952898929e-4
19149,Plymouth,2489540,Dry Beans,2,8.033612635265953e-5
19149,Plymouth,2489540,Triticale,1,4.016806317632977e-5
19155,Pottawattamie,2764592,Corn,1080052,39.067319879389075
19155,Pottawattamie,2764592,Soybeans,907087,32.81088131630273
19155,Pottawattamie,2764592,Grassland/Pasture,328061,11.86652497004983
19155,Pottawattamie,2764592,Deciduous Forest,120148,4.345957739876264
19155,Pottawattamie,2764592,Developed/Low Intensity,101829,3.683328317523888
19155,Pottawattamie,2764592,Developed/Open Space,65431,2.3667506814748793
19155,Pottawattamie,2764592,Developed/Med Intensity,53430,1.9326540769849583
19155,Pottawattamie,2764592,Open Water,24375,0.8816852540989774
19155,Pottawattamie,2764592,Woody Wetlands,19493,0.705095001360056
19155,Pottawattamie,2764592,Developed/High Intensity,18309,0.6622677053250534
19155,Pottawattamie,2764592,Herbaceous Wetlands,17620,0.6373454021425223
19155,Pottawattamie,2764592,Alfalfa,14113,0.5104912406604664
19155,Pottawattamie,2764592,Barren,4436,0.1604576733203308
19155,Pottawattamie,2764592,Evergreen Forest,3271,0.11831763963724123
19155,Pottawattamie,2764592,Other Hay/Non Alfalfa,2966,0.10728527030390018
19155,Pottawattamie,2764592,Winter Wheat,1233,0.044599709468883655
19155,Pottawattamie,2764592,Mixed Forest,814,0.029443766024064313
19155,Pottawattamie,2764592,Oats,736,0.026622373210947587
19155,Pottawattamie,2764592,Fallow/Idle Cropland,628,0.022715829315862884
19155,Pottawattamie,2764592,Shrubland,290,0.010489793792357063
19155,Pottawattamie,2764592,Rye,114,0.004123574111478294
19155,Pottawattamie,2764592,Pop or Orn Corn,59,0.0021341304612036783
19155,Pottawattamie,2764592,Other Crops,33,0.0011936661901647695
19155,Pottawattamie,2764592,Sweet Corn,22,7.957774601098462e-4
19155,Pottawattamie,2764592,Dbl Crop WinWht/Sorghum,17,6.149189464485175e-4
19155,Pottawattamie,2764592,Sorghum,12,4.340604327871889e-4
19155,Pottawattamie,2764592,Dry Beans,5,1.808585136613287e-4
19155,Pottawattamie,2764592,Sod/Grass Seed,3,1.0851510819679723e-4
19155,Pottawattamie,2764592,Peas,2,7.234340546453147e-5
19155,Pottawattamie,2764592,Barley,1,3.617170273226573e-5
19155,Pottawattamie,2764592,Millet,1,3.617170273226573e-5
19155,Pottawattamie,2764592,Clover/Wildflowers,1,3.617170273226573e-5
19173,Taylor,1540894,Grassland/Pasture,524693,34.05120663718594
19173,Taylor,1540894,Soybeans,363197,23.57053762296433
19173,Taylor,1540894,Corn,362286,23.511416100004283
19173,Taylor,1540894,Deciduous Forest,161663,10.491506878474443
19173,Taylor,1540894,Developed/Open Space,37937,2.4620123123329707
19173,Taylor,1540894,Developed/Low Intensity,27411,1.7789023774510124
19173,Taylor,1540894,Alfalfa,21416,1.3898425199916413
19173,Taylor,1540894,Other Hay/Non Alfalfa,9845,0.6389148117910771
19173,Taylor,1540894,Mixed Forest,7830,0.5081465694590284
19173,Taylor,1540894,Open Water,7153,0.4642110359310893
19173,Taylor,1540894,Woody Wetlands,6934,0.4499985073600131
19173,Taylor,1540894,Developed/Med Intensity,3073,0.19942968173021636
19173,Taylor,1540894,Oats,2119,0.13751757096854164
19173,Taylor,1540894,Evergreen Forest,1373,0.08910411747985261
19173,Taylor,1540894,Winter Wheat,1204,0.07813645844555174
19173,Taylor,1540894,Herbaceous Wetlands,766,0.0497114013033992
19173,Taylor,1540894,Developed/High Intensity,523,0.03394133535467073
19173,Taylor,1540894,Shrubland,429,0.027840980625532974
19173,Taylor,1540894,Dbl Crop WinWht/Soybeans,404,0.026218545857145267
19173,Taylor,1540894,Rye,239,0.015510476385786435
19173,Taylor,1540894,Barren,200,0.012979478147101618
19173,Taylor,1540894,Clover/Wildflowers,127,0.008241968623409528
19173,Taylor,1540894,Spring Wheat,41,0.0026607930201558317
19173,Taylor,1540894,Sorghum,11,7.13871298090589e-4
19173,Taylor,1540894,Peas,6,3.893843444130485e-4
19173,Taylor,1540894,Sod/Grass Seed,6,3.893843444130485e-4
19173,Taylor,1540894,Sweet Corn,2,1.2979478147101618e-4
19173,Taylor,1540894,Other Crops,2,1.2979478147101618e-4
19173,Taylor,1540894,Barley,1,6.489739073550809e-5
19173,Taylor,1540894,Switchgrass,1,6.489739073550809e-5
19173,Taylor,1540894,Fallow/Idle Cropland,1,6.489739073550809e-5
19173,Taylor,1540894,Dbl Crop WinWht/Sorghum,1,6.489739073550809e-5
19145,Page,1543332,Soybeans,506641,32.82773894405092
19145,Page,1543332,Corn,501883,32.51944494120514
19145,Page,1543332,Grassland/Pasture,313669,20.324142828633114
19145,Page,1543332,Deciduous Forest,102851,6.664217420490212
19145,Page,1543332,Developed/Open Space,40318,2.6123996651400994
19145,Page,1543332,Developed/Low Intensity,35250,2.2840192518524853
19145,Page,1543332,Open Water,9673,0.6267608006572791
19145,Page,1543332,Woody Wetlands,7840,0.5079917995609499
19145,Page,1543332,Alfalfa,7275,0.47138269665891724
19145,Page,1543332,Developed/Med Intensity,6445,0.41760295257274527
19145,Page,1543332,Other Hay/Non Alfalfa,4053,0.2626136178087411
19145,Page,1543332,Mixed Forest,2252,0.14591805262898716
19145,Page,1543332,Herbaceous Wetlands,2126,0.13775389870747187
19145,Page,1543332,Developed/High Intensity,1422,0.09213830854281516
19145,Page,1543332,Barren,451,0.02922248744923322
19145,Page,1543332,Oats,404,0.02617712844676324
19145,Page,1543332,Evergreen Forest,319,0.02066956429336008
19145,Page,1543332,Shrubland,194,0.01257020524423779
19145,Page,1543332,Winter Wheat,60,0.0038876923435786984
19145,Page,1543332,Clover/Wildflowers,59,0.0038228974711857202
19145,Page,1543332,Rye,50,0.0032397436196489153
19145,Page,1543332,Barley,29,0.0018790512993963708
19145,Page,1543332,Sorghum,19,0.001231102575466588
19145,Page,1543332,Peas,14,9.071282135016963e-4
19145,Page,1543332,Pop or Orn Corn,13,8.42333341108718e-4
19145,Page,1543332,Fallow/Idle Cropland,9,5.831538515368048e-4
19145,Page,1543332,Sweet Corn,8,5.183589791438265e-4
19145,Page,1543332,Other Crops,5,3.2397436196489153e-4
19035,Cherokee,1663122,Corn,666686,40.08641578910026
19035,Cherokee,1663122,Soybeans,599872,36.06903161644185
19035,Cherokee,1663122,Grassland/Pasture,208747,12.551514561168695
19035,Cherokee,1663122,Developed/Open Space,53914,3.2417345209792185
19035,Cherokee,1663122,Deciduous Forest,33893,2.037914235997119
19035,Cherokee,1663122,Herbaceous Wetlands,22578,1.3575672740785103
19035,Cherokee,1663122,Developed/Low Intensity,17528,1.0539214802040981
19035,Cherokee,1663122,Developed/Med Intensity,12745,0.766329830283046
19035,Cherokee,1663122,Mixed Forest,12139,0.7298923350181165
19035,Cherokee,1663122,Alfalfa,8498,0.5109667240286642
19035,Cherokee,1663122,Open Water,6447,0.38764444219967026
19035,Cherokee,1663122,Woody Wetlands,5801,0.34880183173573553
19035,Cherokee,1663122,Developed/High Intensity,4298,0.2584296281331135
19035,Cherokee,1663122,Other Hay/Non Alfalfa,3997,0.24033113626059904
19035,Cherokee,1663122,Barren,2324,0.1397371930622047
19035,Cherokee,1663122,Evergreen Forest,1823,0.10961312519466401
19035,Cherokee,1663122,Oats,1026,0.06169120485448452
19035,Cherokee,1663122,Shrubland,482,0.028981638148013196
19035,Cherokee,1663122,Sorghum,218,0.013107877834578582
19035,Cherokee,1663122,Pop or Orn Corn,73,0.004389335238184571
19035,Cherokee,1663122,Fallow/Idle Cropland,15,9.019181996269666e-4
19035,Cherokee,1663122,Dry Beans,8,4.8102303980104887e-4
19035,Cherokee,1663122,Rye,7,4.2089515982591776e-4
19035,Cherokee,1663122,Other Crops,2,1.2025575995026222e-4
19035,Cherokee,1663122,Triticale,1,6.012787997513111e-5
19057,Des Moines,1239743,Corn,326303,26.320213140949374
19057,Des Moines,1239743,Soybeans,277662,22.39673867890361
19057,Des Moines,1239743,Deciduous Forest,225595,18.19691661900894
19057,Des Moines,1239743,Grassland/Pasture,159028,12.827497311942878
19057,Des Moines,1239743,Developed/Low Intensity,55242,4.455923526085648
19057,Des Moines,1239743,Open Water,45640,3.681408162820843
19057,Des Moines,1239743,Developed/Med Intensity,33911,2.735324982677861
19057,Des Moines,1239743,Developed/Open Space,33268,2.6834593944067437
19057,Des Moines,1239743,Woody Wetlands,32465,2.6186879054771834
19057,Des Moines,1239743,Herbaceous Wetlands,14100,1.1373324955252821
19057,Des Moines,1239743,Mixed Forest,12131,0.978509255547319
19057,Des Moines,1239743,Developed/High Intensity,8337,0.6724780861839913
19057,Des Moines,1239743,Alfalfa,7990,0.6444884141309933
19057,Des Moines,1239743,Winter Wheat,2123,0.1712451693617145
19057,Des Moines,1239743,Oats,2066,0.1666474422521442
19057,Des Moines,1239743,Barren,1824,0.14712726750624927
19057,Des Moines,1239743,Evergreen Forest,1143,0.09219652782875161
19057,Des Moines,1239743,Other Hay/Non Alfalfa,447,0.03605585996452491
19057,Des Moines,1239743,Shrubland,164,0.01322854817490399
19057,Des Moines,1239743,Sweet Corn,146,0.011776634350829164
19057,Des Moines,1239743,Switchgrass,52,0.004194417713993949
19057,Des Moines,1239743,Fallow/Idle Cropland,42,0.0033877989228412665
19057,Des Moines,1239743,Dry Beans,16,0.001290590065844292
19057,Des Moines,1239743,Sod/Grass Seed,16,0.001290590065844292
19057,Des Moines,1239743,Rye,14,0.0011292663076137553
19057,Des Moines,1239743,Clover/Wildflowers,9,7.259569120374142e-4
19057,Des Moines,1239743,Sorghum,5,4.033093955763412e-4
19057,Des Moines,1239743,Other Crops,2,1.613237582305365e-4
19057,Des Moines,1239743,Peas,1,8.066187911526825e-5
19057,Des Moines,1239743,Triticale,1,8.066187911526825e-5
19163,Scott,1350944,Corn,468177,34.65554456735438
19163,Scott,1350944,Soybeans,314425,23.274465854987326
19163,Scott,1350944,Grassland/Pasture,139242,10.307014946585499
19163,Scott,1350944,Developed/Low Intensity,86277,6.386423123386313
19163,Scott,1350944,Developed/Med Intensity,72252,5.348260179548523
19163,Scott,1350944,Developed/Open Space,57030,4.221492526707251
19163,Scott,1350944,Deciduous Forest,49351,3.6530751829831587
19163,Scott,1350944,Woody Wetlands,41793,3.0936145391666865
19163,Scott,1350944,Open Water,34367,2.543924840703982
19163,Scott,1350944,Developed/High Intensity,27247,2.016885970106829
19163,Scott,1350944,Mixed Forest,27008,1.999194637231447
19163,Scott,1350944,Herbaceous Wetlands,17266,1.2780692611980955
19163,Scott,1350944,Alfalfa,8627,0.6385904967193311
19163,Scott,1350944,Barren,3384,0.2504915081602198
19163,Scott,1350944,Sod/Grass Seed,1679,0.12428346400739038
19163,Scott,1350944,Winter Wheat,956,0.07076533150152782
19163,Scott,1350944,Oats,629,0.04656003505696757
19163,Scott,1350944,Other Hay/Non Alfalfa,472,0.03493853187104721
19163,Scott,1350944,Evergreen Forest,324,0.023983229504701897
19163,Scott,1350944,Fallow/Idle Cropland,182,0.013472061018073288
19163,Scott,1350944,Dry Beans,138,0.010215079233484142
19163,Scott,1350944,Shrubland,43,0.0031829594713030296
19163,Scott,1350944,Rye,40,0.0029608925314446788
19163,Scott,1350944,Sorghum,14,0.0010363123860056376
19163,Scott,1350944,Other Crops,10,7.402231328611697e-4
19163,Scott,1350944,Sweet Corn,5,3.7011156643058484e-4
19163,Scott,1350944,Dbl Crop WinWht/Soybeans,3,2.220669398583509e-4
19163,Scott,1350944,Switchgrass,2,1.4804462657223394e-4
19163,Scott,1350944,Clover/Wildflowers,1,7.402231328611697e-5
19111,Lee,1554608,Deciduous Forest,403059,25.92672879594084
19111,Lee,1554608,Corn,329863,21.21840361042784
19111,Lee,1554608,Soybeans,286248,18.41287321305435
19111,Lee,1554608,Grassland/Pasture,285650,18.37440692444655
19111,Lee,1554608,Open Water,66816,4.297932340499985
19111,Lee,1554608,Developed/Low Intensity,50275,3.233934213640995
19111,Lee,1554608,Developed/Med Intensity,30041,1.9323842409147516
19111,Lee,1554608,Woody Wetlands,27781,1.7870099729320834
19111,Lee,1554608,Developed/Open Space,25326,1.6290923499686094
19111,Lee,1554608,Alfalfa,10669,0.6862823296934017
19111,Lee,1554608,Herbaceous Wetlands,8635,0.5554454885090003
19111,Lee,1554608,Developed/High Intensity,8047,0.5176224488745715
19111,Lee,1554608,Mixed Forest,5920,0.380803392237786
19111,Lee,1554608,Winter Wheat,5286,0.3400214073258339
19111,Lee,1554608,Evergreen Forest,2812,0.18088161131294833
19111,Lee,1554608,Other Hay/Non Alfalfa,2571,0.16537931105461956
19111,Lee,1554608,Oats,2329,0.1498126858989533
19111,Lee,1554608,Barren,1363,0.08767483507096323
19111,Lee,1554608,Dbl Crop WinWht/Soybeans,664,0.042711731832075994
19111,Lee,1554608,Shrubland,574,0.03692249107170425
19111,Lee,1554608,Dry Beans,442,0.028431604623159024
19111,Lee,1554608,Fallow/Idle Cropland,81,0.005210316684334572
19111,Lee,1554608,Rye,71,0.0045670677109599335
19111,Lee,1554608,Clover/Wildflowers,39,0.00250867099616109
19111,Lee,1554608,Sorghum,18,0.0011578481520743494
19111,Lee,1554608,Barley,11,7.075738707121024e-4
19111,Lee,1554608,Sod/Grass Seed,8,5.145991786997108e-4
19111,Lee,1554608,Switchgrass,7,4.5027428136224694e-4
19111,Lee,1554608,Other Crops,1,6.432489733746385e-5
19111,Lee,1554608,Peas,1,6.432489733746385e-5
19071,Fremont,1489539,Corn,541005,36.32029775655421
19071,Fremont,1489539,Soybeans,482365,32.383509260247635
19071,Fremont,1489539,Grassland/Pasture,161685,10.854700682560175
19071,Fremont,1489539,Deciduous Forest,106671,7.16134320752931
19071,Fremont,1489539,Herbaceous Wetlands,55432,3.7214198486914407
19071,Fremont,1489539,Open Water,42335,2.84215451894848
19071,Fremont,1489539,Developed/Low Intensity,35153,2.359991916962228
19071,Fremont,1489539,Developed/Open Space,31288,2.100515662899729
19071,Fremont,1489539,Woody Wetlands,15054,1.0106482609720189
19071,Fremont,1489539,Developed/Med Intensity,7199,0.4833038946949358
19071,Fremont,1489539,Pop or Orn Corn,2672,0.17938435985898993
19071,Fremont,1489539,Alfalfa,1932,0.1297045595986409
19071,Fremont,1489539,Developed/High Intensity,1446,0.09707701510333062
19071,Fremont,1489539,Evergreen Forest,1359,0.09123628182947878
19071,Fremont,1489539,Other Hay/Non Alfalfa,1294,0.08687251559039408
19071,Fremont,1489539,Barren,1155,0.07754076932527447
19071,Fremont,1489539,Mixed Forest,752,0.05048541864294926
19071,Fremont,1489539,Winter Wheat,233,0.01564242359548827
19071,Fremont,1489539,Shrubland,217,0.014568265752021263
19071,Fremont,1489539,Oats,203,0.013628377638987634
19071,Fremont,1489539,Fallow/Idle Cropland,47,0.0031553386651843288
19071,Fremont,1489539,Rye,21,0.0014098321695504448
19071,Fremont,1489539,Sorghum,6,4.0280919130012706e-4
19071,Fremont,1489539,Barley,6,4.0280919130012706e-4
19071,Fremont,1489539,Other Crops,4,2.685394608667514e-4
19071,Fremont,1489539,Peas,3,2.0140459565006353e-4
19071,Fremont,1489539,Dry Beans,1,6.713486521668784e-5
19071,Fremont,1489539,Clover/Wildflowers,1,6.713486521668784e-5
19095,Iowa,1693361,Corn,536933,31.708123666483402
19095,Iowa,1693361,Soybeans,449650,26.553700008444743
19095,Iowa,1693361,Grassland/Pasture,391562,23.12336235451271
19095,Iowa,1693361,Deciduous Forest,102930,6.078443993926871
19095,Iowa,1693361,Woody Wetlands,45256,2.672554759439954
19095,Iowa,1693361,Developed/Low Intensity,42252,2.495156083079745
19095,Iowa,1693361,Developed/Open Space,31231,1.8443202601217341
19095,Iowa,1693361,Herbaceous Wetlands,29424,1.737609405200663
19095,Iowa,1693361,Alfalfa,24375,1.4394449854461038
19095,Iowa,1693361,Developed/Med Intensity,15212,0.8983317792248671
19095,Iowa,1693361,Open Water,8766,0.5176687073813557
19095,Iowa,1693361,Mixed Forest,4006,0.23657093791577816
19095,Iowa,1693361,Oats,3619,0.2137169806083877
19095,Iowa,1693361,Developed/High Intensity,3037,0.17934746341742844
19095,Iowa,1693361,Other Hay/Non Alfalfa,2708,0.15991864699848407
19095,Iowa,1693361,Rye,1042,0.06153442768553191
19095,Iowa,1693361,Barren,532,0.031416809528505736
19095,Iowa,1693361,Shrubland,378,0.02232246992814881
19095,Iowa,1693361,Winter Wheat,211,0.012460426335553967
19095,Iowa,1693361,Evergreen Forest,94,0.005551090405412668
19095,Iowa,1693361,Sorghum,43,0.0025393285897100503
19095,Iowa,1693361,Barley,37,0.0021850036702156244
19095,Iowa,1693361,Switchgrass,26,0.0015354079844758443
19095,Iowa,1693361,Other Crops,19,0.0011220289117323478
19095,Iowa,1693361,Sod/Grass Seed,11,6.495956857397802e-4
19095,Iowa,1693361,Clover/Wildflowers,5,2.9527076624535464e-4
19095,Iowa,1693361,Triticale,2,1.1810830649814185e-4
19023,Butler,1676812,Corn,704619,42.02134765256928
19023,Butler,1676812,Soybeans,481778,28.73178388513441
19023,Butler,1676812,Grassland/Pasture,264926,15.799385977676685
19023,Butler,1676812,Woody Wetlands,55124,3.2874287636300314
19023,Butler,1676812,Developed/Open Space,43609,2.6007089643919534
19023,Butler,1676812,Developed/Low Intensity,35668,2.1271317237710607
19023,Butler,1676812,Deciduous Forest,35446,2.113892314701946
19023,Butler,1676812,Herbaceous Wetlands,14468,0.8628277946484162
19023,Butler,1676812,Alfalfa,11381,0.6787284442143783
19023,Butler,1676812,Developed/Med Intensity,10881,0.6489099553199763
19023,Butler,1676812,Open Water,9642,0.5750197398396482
19023,Butler,1676812,Oats,2860,0.17056175647597943
19023,Butler,1676812,Mixed Forest,1948,0.11617283273259017
19023,Butler,1676812,Barren,1893,0.11289279895420597
19023,Butler,1676812,Developed/High Intensity,1692,0.10090576641865637
19023,Butler,1676812,Other Hay/Non Alfalfa,476,0.028387201427470702
19023,Butler,1676812,Rye,200,0.0119273955577608
19023,Butler,1676812,Evergreen Forest,125,0.007454622223600499
19023,Butler,1676812,Peas,23,0.0013716504891424918
19023,Butler,1676812,Shrubland,23,0.0013716504891424918
19023,Butler,1676812,Winter Wheat,9,5.367328000992359e-4
19023,Butler,1676812,Clover/Wildflowers,7,4.17458844521628e-4
19023,Butler,1676812,Barley,5,2.9818488894401996e-4
19023,Butler,1676812,Triticale,4,2.3854791115521595e-4
19023,Butler,1676812,Spring Wheat,2,1.1927395557760798e-4
19023,Butler,1676812,Other Crops,2,1.1927395557760798e-4
19023,Butler,1676812,Sorghum,1,5.963697778880399e-5
19063,Emmet,1160508,Corn,508774,43.84062841445298
19063,Emmet,1160508,Soybeans,390613,33.65879425217233
19063,Emmet,1160508,Grassland/Pasture,117676,10.140042119485605
19063,Emmet,1160508,Developed/Open Space,37027,3.1905855022111003
19063,Emmet,1160508,Herbaceous Wetlands,35172,3.0307417096650777
19063,Emmet,1160508,Open Water,20731,1.7863728642973593
19063,Emmet,1160508,Developed/Low Intensity,12624,1.0877994809169778
19063,Emmet,1160508,Mixed Forest,8487,0.7313176643332058
19063,Emmet,1160508,Woody Wetlands,8431,0.7264921913506843
19063,Emmet,1160508,Developed/Med Intensity,6698,0.577161036373726
19063,Emmet,1160508,Deciduous Forest,5727,0.49349078162322024
19063,Emmet,1160508,Alfalfa,2559,0.2205068814691497
19063,Emmet,1160508,Barren,1945,0.16759901698221813
19063,Emmet,1160508,Other Hay/Non Alfalfa,1697,0.14622906520248027
19063,Emmet,1160508,Developed/High Intensity,1409,0.1214123470066557
19063,Emmet,1160508,Oats,453,0.03903462966218242
19063,Emmet,1160508,Shrubland,378,0.03257194263201977
19063,Emmet,1160508,Rye,33,0.0028435822932715675
19063,Emmet,1160508,Peas,33,0.0028435822932715675
19063,Emmet,1160508,Evergreen Forest,13,0.0011201990852281933
19063,Emmet,1160508,Pop or Orn Corn,12,0.0010340299248260245
19063,Emmet,1160508,Other Crops,9,7.755224436195184e-4
19063,Emmet,1160508,Sweet Corn,4,3.4467664160867486e-4
19063,Emmet,1160508,Barley,1,8.616916040216871e-5
19063,Emmet,1160508,Dry Beans,1,8.616916040216871e-5
19063,Emmet,1160508,Switchgrass,1,8.616916040216871e-5
19193,Woodbury,2530132,Corn,951924,37.62349158067642
19193,Woodbury,2530132,Soybeans,746404,29.50059522586173
19193,Woodbury,2530132,Grassland/Pasture,380902,15.05462956082924
19193,Woodbury,2530132,Deciduous Forest,110655,4.373487233077167
19193,Woodbury,2530132,Developed/Open Space,94511,3.7354177568601163
19193,Woodbury,2530132,Developed/Low Intensity,66847,2.642036067683425
19193,Woodbury,2530132,Herbaceous Wetlands,46341,1.8315645191634269
19193,Woodbury,2530132,Developed/Med Intensity,41118,1.6251326017772985
19193,Woodbury,2530132,Open Water,23123,0.913904887175847
19193,Woodbury,2530132,Alfalfa,22411,0.885764062902647
19193,Woodbury,2530132,Developed/High Intensity,18735,0.7404752005033729
19193,Woodbury,2530132,Woody Wetlands,13751,0.5434894305909732
19193,Woodbury,2530132,Barren,5244,0.2072619136076695
19193,Woodbury,2530132,Other Hay/Non Alfalfa,2696,0.10655570539402687
19193,Woodbury,2530132,Oats,1530,0.0604711532837022
19193,Woodbury,2530132,Mixed Forest,1503,0.05940401528457804
19193,Woodbury,2530132,Evergreen Forest,969,0.038298397079678054
19193,Woodbury,2530132,Sorghum,545,0.021540378130469082
19193,Woodbury,2530132,Shrubland,348,0.01375422309982246
19193,Woodbury,2530132,Rye,294,0.011619947101574147
19193,Woodbury,2530132,Fallow/Idle Cropland,211,0.008339485845007296
19193,Woodbury,2530132,Pop or Orn Corn,35,0.0013833270359016841
19193,Woodbury,2530132,Switchgrass,19,7.509489623466286e-4
19193,Woodbury,2530132,Other Crops,12,4.742835551662917e-4
19193,Woodbury,2530132,Dry Beans,2,7.904725919438196e-5
19193,Woodbury,2530132,Winter Wheat,1,3.952362959719098e-5
19193,Woodbury,2530132,Triticale,1,3.952362959719098e-5
19041,Clay,1650438,Corn,647693,39.243703792569
19041,Clay,1650438,Soybeans,577092,34.96599084606632
19041,Clay,1650438,Grassland/Pasture,201761,12.224694293272451
19041,Clay,1650438,Herbaceous Wetlands,65092,3.9439227647448742
19041,Clay,1650438,Developed/Open Space,50987,3.0893011430905006
19041,Clay,1650438,Developed/Low Intensity,21761,1.3184984834328828
19041,Clay,1650438,Deciduous Forest,16400,0.9936756182298275
19041,Clay,1650438,Mixed Forest,15194,0.9206041063039023
19041,Clay,1650438,Developed/Med Intensity,14429,0.8742527741120841
19041,Clay,1650438,Open Water,14050,0.8512891729346997
19041,Clay,1650438,Woody Wetlands,7024,0.4255839964906285
19041,Clay,1650438,Alfalfa,5943,0.3600862316548698
19041,Clay,1650438,Other Hay/Non Alfalfa,5269,0.31924858734469275
19041,Clay,1650438,Developed/High Intensity,3956,0.23969394790958523
19041,Clay,1650438,Barren,1775,0.10754720868036242
19041,Clay,1650438,Oats,1353,0.08197823850396077
19041,Clay,1650438,Evergreen Forest,243,0.01472336434328342
19041,Clay,1650438,Shrubland,176,0.010663835902954246
19041,Clay,1650438,Apples,120,0.007270797206559713
19041,Clay,1650438,Rye,64,0.0038777585101651807
19041,Clay,1650438,Dry Beans,29,0.0017571093249185972
19041,Clay,1650438,Clover/Wildflowers,6,3.635398603279857e-4
19041,Clay,1650438,Sweet Corn,5,3.029498836066547e-4
19041,Clay,1650438,Pop or Orn Corn,5,3.029498836066547e-4
19041,Clay,1650438,Barley,3,1.8176993016399284e-4
19041,Clay,1650438,Other Crops,3,1.8176993016399284e-4
19041,Clay,1650438,Sorghum,2,1.211799534426619e-4
19041,Clay,1650438,Peas,2,1.211799534426619e-4
19041,Clay,1650438,Winter Wheat,1,6.058997672133095e-5
19047,Crawford,2060563,Corn,873305,42.38186359747312
19047,Crawford,2060563,Soybeans,690961,33.53263161572833
19047,Crawford,2060563,Grassland/Pasture,289479,14.048539161384536
19047,Crawford,2060563,Developed/Open Space,59404,2.8829014206311574
19047,Crawford,2060563,Deciduous Forest,51577,2.503053777050253
19047,Crawford,2060563,Developed/Low Intensity,30400,1.4753249475992725
19047,Crawford,2060563,Alfalfa,21781,1.057041206699334
19047,Crawford,2060563,Developed/Med Intensity,14243,0.6912188562058039
19047,Crawford,2060563,Herbaceous Wetlands,7642,0.3708695147879487
19047,Crawford,2060563,Open Water,5951,0.2888045645777392
19047,Crawford,2060563,Other Hay/Non Alfalfa,4192,0.20343954540579445
19047,Crawford,2060563,Developed/High Intensity,3673,0.17825225435960948
19047,Crawford,2060563,Woody Wetlands,1500,0.07279563886180622
19047,Crawford,2060563,Pop or Orn Corn,1260,0.06114833664391722
19047,Crawford,2060563,Winter Wheat,1245,0.06042038025529916
19047,Crawford,2060563,Barren,1192,0.057848267682182
19047,Crawford,2060563,Oats,1116,0.05415995531318382
19047,Crawford,2060563,Mixed Forest,423,0.020528370159029353
19047,Crawford,2060563,Barley,397,0.01926657908542471
19047,Crawford,2060563,Shrubland,286,0.013879701809651052
19047,Crawford,2060563,Evergreen Forest,185,0.0089781287929561
19047,Crawford,2060563,Dbl Crop WinWht/Sorghum,127,0.006163364090299593
19047,Crawford,2060563,Sorghum,86,0.00417361662807689
19047,Crawford,2060563,Rye,52,0.002523582147209282
19047,Crawford,2060563,Sweet Corn,38,0.0018441561844990907
19047,Crawford,2060563,Sod/Grass Seed,22,0.0010676693699731578
19047,Crawford,2060563,Other Crops,8,3.882434072629665e-4
19047,Crawford,2060563,Fallow/Idle Cropland,7,3.397129813550957e-4
19047,Crawford,2060563,Dbl Crop Soybeans/Oats,6,2.9118255544722485e-4
19047,Crawford,2060563,Peas,4,1.9412170363148325e-4
19047,Crawford,2060563,Dry Beans,1,4.853042590787081e-5
19019,Buchanan,1651932,Corn,850416,51.48008513667632
19019,Buchanan,1651932,Soybeans,383593,23.220871077017698
19019,Buchanan,1651932,Grassland/Pasture,190358,11.523355682921572
19019,Buchanan,1651932,Developed/Low Intensity,50929,3.0829961523839966
19019,Buchanan,1651932,Deciduous Forest,42935,2.5990779281471634
19019,Buchanan,1651932,Woody Wetlands,39597,2.3970114992626814
19019,Buchanan,1651932,Developed/Open Space,28763,1.7411733654896207
19019,Buchanan,1651932,Developed/Med Intensity,20986,1.2703912751856614
19019,Buchanan,1651932,Alfalfa,17042,1.0316405275761955
19019,Buchanan,1651932,Open Water,7033,0.4257439168198207
19019,Buchanan,1651932,Herbaceous Wetlands,4591,0.27791700869043034
19019,Buchanan,1651932,Oats,4432,0.2682919151635782
19019,Buchanan,1651932,Developed/High Intensity,3204,0.19395471484298385
19019,Buchanan,1651932,Mixed Forest,2798,0.16937743200083297
19019,Buchanan,1651932,Barren,2270,0.13741485727015398
19019,Buchanan,1651932,Other Hay/Non Alfalfa,1488,0.09007634696827714
19019,Buchanan,1651932,Rye,606,0.03668431872498384
19019,Buchanan,1651932,Evergreen Forest,351,0.021247847974371827
19019,Buchanan,1651932,Shrubland,125,0.007566897426770593
19019,Buchanan,1651932,Spring Wheat,108,0.006537799376729793
19019,Buchanan,1651932,Dbl Crop WinWht/Soybeans,93,0.005629771685517321
19019,Buchanan,1651932,Winter Wheat,69,0.004176927379577367
19019,Buchanan,1651932,Barley,48,0.002905688611879908
19019,Buchanan,1651932,Clover/Wildflowers,48,0.002905688611879908
19019,Buchanan,1651932,Switchgrass,18,0.0010896332294549655
19019,Buchanan,1651932,Sorghum,15,9.080276912124711e-4
19019,Buchanan,1651932,Other Crops,6,3.632110764849885e-4
19019,Buchanan,1651932,Sod/Grass Seed,5,3.0267589707082374e-4
19019,Buchanan,1651932,Peas,3,1.8160553824249424e-4
19019,Buchanan,1651932,Dry Beans,1,6.0535179414164754e-5
19019,Buchanan,1651932,Triticale,1,6.0535179414164754e-5
19143,Osceola,1151448,Corn,525567,45.644006503116074
19143,Osceola,1151448,Soybeans,457716,39.751339183358695
19143,Osceola,1151448,Grassland/Pasture,48619,4.222422549693951
19143,Osceola,1151448,Developed/Open Space,39345,3.417001896742189
19143,Osceola,1151448,Herbaceous Wetlands,36758,3.1923282684063894
19143,Osceola,1151448,Developed/Low Intensity,12152,1.0553668077064704
19143,Osceola,1151448,Developed/Med Intensity,9781,0.8494521680527475
19143,Osceola,1151448,Mixed Forest,6571,0.570672752916328
19143,Osceola,1151448,Open Water,3655,0.3174264057082908
19143,Osceola,1151448,Alfalfa,2879,0.2500330019245333
19143,Osceola,1151448,Barren,2676,0.23240302645017402
19143,Osceola,1151448,Developed/High Intensity,2596,0.2254552528642197
19143,Osceola,1151448,Other Hay/Non Alfalfa,1146,0.09952685661879651
19143,Osceola,1151448,Oats,1118,0.09709513586371248
19143,Osceola,1151448,Deciduous Forest,359,0.031178133966970285
19143,Osceola,1151448,Sorghum,235,0.020409084908740997
19143,Osceola,1151448,Woody Wetlands,111,0.009640035850511703
19143,Osceola,1151448,Triticale,102,0.008858411322091836
19143,Osceola,1151448,Shrubland,28,0.002431720755084033
19143,Osceola,1151448,Fallow/Idle Cropland,17,0.0014764018870153058
19143,Osceola,1151448,Evergreen Forest,7,6.079301887710083e-4
19143,Osceola,1151448,Apples,5,4.342358491221488e-4
19143,Osceola,1151448,Pop or Orn Corn,4,3.4738867929771906e-4
19143,Osceola,1151448,Rye,1,8.684716982442976e-5
19033,Cerro Gordo,1657665,Corn,740875,44.69389170912096
19033,Cerro Gordo,1657665,Soybeans,485098,29.263934510290078
19033,Cerro Gordo,1657665,Grassland/Pasture,183809,11.088428602884177
19033,Cerro Gordo,1657665,Developed/Low Intensity,55150,3.326968959349447
19033,Cerro Gordo,1657665,Developed/Open Space,44044,2.656990405178368
19033,Cerro Gordo,1657665,Herbaceous Wetlands,30204,1.8220810598040014
19033,Cerro Gordo,1657665,Developed/Med Intensity,28591,1.724775512543246
19033,Cerro Gordo,1657665,Open Water,25807,1.556828430352333
19033,Cerro Gordo,1657665,Deciduous Forest,24845,1.4987949917504442
19033,Cerro Gordo,1657665,Woody Wetlands,10488,0.6326971975640434
19033,Cerro Gordo,1657665,Developed/High Intensity,9614,0.5799724311003731
19033,Cerro Gordo,1657665,Alfalfa,7284,0.4394132710770874
19033,Cerro Gordo,1657665,Barren,5152,0.31079862336479325
19033,Cerro Gordo,1657665,Oats,1744,0.10520822964833064
19033,Cerro Gordo,1657665,Other Hay/Non Alfalfa,1720,0.10376040997427104
19033,Cerro Gordo,1657665,Rye,918,0.05537910253277954
19033,Cerro Gordo,1657665,Mixed Forest,864,0.05212150826614545
19033,Cerro Gordo,1657665,Millet,683,0.041202534890945997
19033,Cerro Gordo,1657665,Peas,322,0.019424913960299578
19033,Cerro Gordo,1657665,Sod/Grass Seed,187,0.01128092829371435
19033,Cerro Gordo,1657665,Shrubland,134,0.008083659846832743
19033,Cerro Gordo,1657665,Evergreen Forest,49,0.002955965167871675
19033,Cerro Gordo,1657665,Sorghum,33,0.0019907520518319443
19033,Cerro Gordo,1657665,Barley,26,0.0015684713135645622
19033,Cerro Gordo,1657665,Winter Wheat,16,9.652131160397307e-4
19033,Cerro Gordo,1657665,Clover/Wildflowers,4,2.4130327900993267e-4
19033,Cerro Gordo,1657665,Spring Wheat,3,1.8097745925744948e-4
19033,Cerro Gordo,1657665,Dbl Crop Soybeans/Oats,1,6.032581975248317e-5
19073,Greene,1646515,Corn,721249,43.80458119118259
19073,Greene,1646515,Soybeans,586668,35.63089312882057
19073,Greene,1646515,Grassland/Pasture,160280,9.734499837535642
19073,Greene,1646515,Developed/Open Space,54443,3.3065596122719803
19073,Greene,1646515,Deciduous Forest,38902,2.362687251558595
19073,Greene,1646515,Woody Wetlands,20062,1.2184523068420268
19073,Greene,1646515,Developed/Low Intensity,18415,1.1184228506876646
19073,Greene,1646515,Herbaceous Wetlands,14989,0.9103470056452567
19073,Greene,1646515,Open Water,7596,0.46133803822011943
19073,Greene,1646515,Developed/Med Intensity,6929,0.4208282341794639
19073,Greene,1646515,Alfalfa,6640,0.4032760102398095
19073,Greene,1646515,Other Hay/Non Alfalfa,2246,0.1364093251503934
19073,Greene,1646515,Mixed Forest,1565,0.09504924036525632
19073,Greene,1646515,Developed/High Intensity,1433,0.08703230763157335
19073,Greene,1646515,Barley,1396,0.08478513709258646
19073,Greene,1646515,Barren,1395,0.08472440275369492
19073,Greene,1646515,Oats,1323,0.08035153035350423
19073,Greene,1646515,Winter Wheat,595,0.036136931640464866
19073,Greene,1646515,Rye,170,0.010324837611561388
19073,Greene,1646515,Evergreen Forest,68,0.004129935044624555
19073,Greene,1646515,Pop or Orn Corn,58,0.0035225916557091795
19073,Greene,1646515,Shrubland,37,0.0022471705389868904
19073,Greene,1646515,Sweet Corn,19,0.0011539524389392142
19073,Greene,1646515,Peas,15,9.110150833730637e-4
19073,Greene,1646515,Sod/Grass Seed,9,5.466090500238382e-4
19073,Greene,1646515,Dbl Crop WinWht/Sorghum,8,4.858747111323007e-4
19073,Greene,1646515,Clover/Wildflowers,3,1.8220301667461273e-4
19073,Greene,1646515,Millet,1,6.0734338891537586e-5
19073,Greene,1646515,Dry Beans,1,6.0734338891537586e-5
19179,Wapello,1257110,Grassland/Pasture,359276,28.57951969199195
19179,Wapello,1257110,Deciduous Forest,263098,20.92879700264893
19179,Wapello,1257110,Corn,242996,19.329732481644406
19179,Wapello,1257110,Soybeans,229817,18.281375535951508
19179,Wapello,1257110,Developed/Low Intensity,47318,3.7640301962437652
19179,Wapello,1257110,Developed/Open Space,30473,2.4240519922679797
19179,Wapello,1257110,Developed/Med Intensity,18879,1.501777887376602
19179,Wapello,1257110,Open Water,16843,1.3398191089085283
19179,Wapello,1257110,Woody Wetlands,14181,1.128063574388876
19179,Wapello,1257110,Alfalfa,9838,0.7825886358393458
19179,Wapello,1257110,Other Hay/Non Alfalfa,7572,0.6023339246366667
19179,Wapello,1257110,Developed/High Intensity,4927,0.39193069818870263
19179,Wapello,1257110,Mixed Forest,4093,0.32558805514235034
19179,Wapello,1257110,Herbaceous Wetlands,2760,0.21955119281526678
19179,Wapello,1257110,Evergreen Forest,2146,0.17070900716723278
19179,Wapello,1257110,Oats,692,0.055046893271074135
19179,Wapello,1257110,Winter Wheat,663,0.052740014795841256
19179,Wapello,1257110,Barren,517,0.04112607488604816
19179,Wapello,1257110,Dbl Crop WinWht/Soybeans,370,0.02943258744262634
19179,Wapello,1257110,Shrubland,301,0.023943807622244673
19179,Wapello,1257110,Rye,284,0.022591499550556435
19179,Wapello,1257110,Spring Wheat,29,0.0023068784752328752
19179,Wapello,1257110,Sorghum,18,0.001431855605316957
19179,Wapello,1257110,Sod/Grass Seed,10,7.954753362871984e-4
19179,Wapello,1257110,Other Crops,4,3.1819013451487937e-4
19179,Wapello,1257110,Clover/Wildflowers,3,2.3864260088615952e-4
19179,Wapello,1257110,Switchgrass,2,1.5909506725743968e-4
19087,Henry,1258530,Corn,331868,26.36949456906073
19087,Henry,1258530,Soybeans,314242,24.968971736867616
19087,Henry,1258530,Grassland/Pasture,265081,21.062747808951713
19087,Henry,1258530,Deciduous Forest,217516,17.28333849808904
19087,Henry,1258530,Developed/Low Intensity,41016,3.2590403089318496
19087,Henry,1258530,Developed/Open Space,24428,1.9409946524913988
19087,Henry,1258530,Developed/Med Intensity,18149,1.4420792511898803
19087,Henry,1258530,Alfalfa,11152,0.8861131637704306
19087,Henry,1258530,Woody Wetlands,9573,0.760649328979047
19087,Henry,1258530,Open Water,9433,0.7495252397638515
19087,Henry,1258530,Herbaceous Wetlands,3265,0.2594296520543809
19087,Henry,1258530,Mixed Forest,3007,0.2389295447863778
19087,Henry,1258530,Developed/High Intensity,2948,0.23424153575997395
19087,Henry,1258530,Other Hay/Non Alfalfa,1761,0.13992515077113776
19087,Henry,1258530,Oats,1442,0.11457811891651372
19087,Henry,1258530,Shrubland,1003,0.07969615344886494
19087,Henry,1258530,Barren,900,0.07151200209768539
19087,Henry,1258530,Winter Wheat,804,0.06388405520726562
19087,Henry,1258530,Evergreen Forest,778,0.0618181529244436
19087,Henry,1258530,Clover/Wildflowers,80,0.0063566224086831465
19087,Henry,1258530,Rye,48,0.003813973445209888
19087,Henry,1258530,Sorghum,16,0.0012713244817366292
19087,Henry,1258530,Other Crops,5,3.9728890054269666e-4
19087,Henry,1258530,Switchgrass,4,3.178311204341573e-4
19087,Henry,1258530,Sweet Corn,2,1.5891556021707865e-4
19087,Henry,1258530,Barley,2,1.5891556021707865e-4
19087,Henry,1258530,Spring Wheat,2,1.5891556021707865e-4
19087,Henry,1258530,Sod/Grass Seed,2,1.5891556021707865e-4
19087,Henry,1258530,Pumpkins,2,1.5891556021707865e-4
19087,Henry,1258530,Fallow/Idle Cropland,1,7.945778010853933e-5
19119,Lyon,1694873,Corn,811815,47.898279104098066
19119,Lyon,1694873,Soybeans,549344,32.412104033753565
19119,Lyon,1694873,Grassland/Pasture,156190,9.21543974091274
19119,Lyon,1694873,Developed/Open Space,58354,3.4429718332878037
19119,Lyon,1694873,Herbaceous Wetlands,25428,1.5002894022147972
19119,Lyon,1694873,Deciduous Forest,25042,1.4775148344448228
19119,Lyon,1694873,Alfalfa,21288,1.2560233126611846
19119,Lyon,1694873,Developed/Low Intensity,15388,0.9079146343118334
19119,Lyon,1694873,Developed/Med Intensity,10984,0.6480721564388601
19119,Lyon,1694873,Open Water,7364,0.43448683175671565
19119,Lyon,1694873,Barren,4695,0.27701190590681424
19119,Lyon,1694873,Developed/High Intensity,2824,0.16662015384043524
19119,Lyon,1694873,Mixed Forest,1566,0.09239630343984476
19119,Lyon,1694873,Other Hay/Non Alfalfa,1496,0.08826620047637787
19119,Lyon,1694873,Oats,998,0.05888346796485636
19119,Lyon,1694873,Woody Wetlands,992,0.058529459139416345
19119,Lyon,1694873,Sorghum,561,0.0330998251786417
19119,Lyon,1694873,Switchgrass,179,0.010561263292293876
19119,Lyon,1694873,Shrubland,146,0.008614214752373776
19119,Lyon,1694873,Rye,144,0.008496211810560438
19119,Lyon,1694873,Fallow/Idle Cropland,48,0.0028320706035201457
19119,Lyon,1694873,Evergreen Forest,13,7.67019121786706e-4
19119,Lyon,1694873,Dry Beans,4,2.360058836266788e-4
19119,Lyon,1694873,Triticale,4,2.360058836266788e-4
19119,Lyon,1694873,Other Crops,2,1.180029418133394e-4
19119,Lyon,1694873,Sod/Grass Seed,2,1.180029418133394e-4
19119,Lyon,1694873,Spring Wheat,1,5.90014709066697e-5
19119,Lyon,1694873,Winter Wheat,1,5.90014709066697e-5
19003,Adams,1226690,Grassland/Pasture,412601,33.635311284839695
19003,Adams,1226690,Corn,326716,26.633949897692162
19003,Adams,1226690,Soybeans,300020,24.45768694617222
19003,Adams,1226690,Deciduous Forest,74383,6.063716179311807
19003,Adams,1226690,Developed/Low Intensity,29461,2.4016662726524225
19003,Adams,1226690,Developed/Open Space,20606,1.6798050037091685
19003,Adams,1226690,Alfalfa,17177,1.4002722774295053
19003,Adams,1226690,Other Hay/Non Alfalfa,11616,0.9469385093218337
19003,Adams,1226690,Open Water,9544,0.7780286788023054
19003,Adams,1226690,Mixed Forest,7198,0.5867823166407161
19003,Adams,1226690,Woody Wetlands,6385,0.5205064034108047
19003,Adams,1226690,Developed/Med Intensity,4111,0.335129494819392
19003,Adams,1226690,Evergreen Forest,2207,0.17991505596360938
19003,Adams,1226690,Oats,1615,0.13165510438660136
19003,Adams,1226690,Rye,887,0.07230840717703739
19003,Adams,1226690,Herbaceous Wetlands,832,0.06782479681093022
19003,Adams,1226690,Developed/High Intensity,640,0.05217292062379248
19003,Adams,1226690,Barren,290,0.02364085465765597
19003,Adams,1226690,Shrubland,159,0.012961709967473445
19003,Adams,1226690,Winter Wheat,128,0.010434584124758497
19003,Adams,1226690,Clover/Wildflowers,81,0.006603135266448735
19003,Adams,1226690,Sorghum,13,0.0010597624501707847
19003,Adams,1226690,Millet,12,9.78242261696109e-4
19003,Adams,1226690,Sweet Corn,4,3.2608075389870304e-4
19003,Adams,1226690,Peas,3,2.4456056542402726e-4
19003,Adams,1226690,Other Crops,1,8.152018847467576e-5
19133,Monona,2014649,Corn,749618,37.208367313611454
19133,Monona,2014649,Soybeans,622979,30.922458453060557
19133,Monona,2014649,Grassland/Pasture,241945,12.009287970261816
19133,Monona,2014649,Deciduous Forest,187355,9.299634824726292
19133,Monona,2014649,Developed/Open Space,60734,3.014619420057787
19133,Monona,2014649,Herbaceous Wetlands,50500,2.5066401144814803
19133,Monona,2014649,Developed/Low Intensity,25454,1.2634458905744872
19133,Monona,2014649,Open Water,18478,0.9171820997106691
19133,Monona,2014649,Woody Wetlands,13287,0.6595193505171373
19133,Monona,2014649,Evergreen Forest,12776,0.6341551307448593
19133,Monona,2014649,Alfalfa,12600,0.6254191176726069
19133,Monona,2014649,Developed/Med Intensity,10224,0.507482941197201
19133,Monona,2014649,Barren,3034,0.1505969526205309
19133,Monona,2014649,Developed/High Intensity,1957,0.09713850899089618
19133,Monona,2014649,Other Hay/Non Alfalfa,1179,0.05852136029650823
19133,Monona,2014649,Mixed Forest,1117,0.05544390114605571
19133,Monona,2014649,Shrubland,735,0.036482781864235404
19133,Monona,2014649,Oats,371,0.01841511846480454
19133,Monona,2014649,Pop or Orn Corn,183,0.00908346813762596
19133,Monona,2014649,Fallow/Idle Cropland,46,0.0022832761438841206
19133,Monona,2014649,Sorghum,39,0.0019358210785104502
19133,Monona,2014649,Rye,32,0.0015883660131367796
19133,Monona,2014649,Winter Wheat,4,1.9854575164209744e-4
19133,Monona,2014649,Millet,1,4.963643791052436e-5
19133,Monona,2014649,Dry Beans,1,4.963643791052436e-5
19091,Humboldt,1256040,Corn,568908,45.29378045285182
19091,Humboldt,1256040,Soybeans,490431,39.04581064297316
19091,Humboldt,1256040,Grassland/Pasture,78778,6.271934014840292
19091,Humboldt,1256040,Developed/Low Intensity,32097,2.555412248017579
19091,Humboldt,1256040,Woody Wetlands,23454,1.8672972198337634
19091,Humboldt,1256040,Developed/Open Space,19259,1.533311041049648
19091,Humboldt,1256040,Developed/Med Intensity,11992,0.954746664118977
19091,Humboldt,1256040,Herbaceous Wetlands,10136,0.806980669405433
19091,Humboldt,1256040,Open Water,5511,0.43875991210471
19091,Humboldt,1256040,Deciduous Forest,5061,0.40293302761058564
19091,Humboldt,1256040,Alfalfa,2915,0.2320785962230502
19091,Humboldt,1256040,Oats,2742,0.21830514951753127
19091,Humboldt,1256040,Developed/High Intensity,1967,0.15660329288876151
19091,Humboldt,1256040,Barren,1587,0.12634947931594534
19091,Humboldt,1256040,Other Hay/Non Alfalfa,804,0.06401070029616891
19091,Humboldt,1256040,Mixed Forest,188,0.014967676188656413
19091,Humboldt,1256040,Rye,70,0.005573070921308238
19091,Humboldt,1256040,Shrubland,39,0.003104996656157447
19091,Humboldt,1256040,Peas,34,0.0027069201617782876
19091,Humboldt,1256040,Sod/Grass Seed,25,0.0019903824718957995
19091,Humboldt,1256040,Sweet Corn,17,0.0013534600808891438
19091,Humboldt,1256040,Winter Wheat,13,0.0010349988853858157
19091,Humboldt,1256040,Evergreen Forest,6,4.7769179325499184e-4
19091,Humboldt,1256040,Sorghum,2,1.5923059775166395e-4
19091,Humboldt,1256040,Other Crops,2,1.5923059775166395e-4
19091,Humboldt,1256040,Clover/Wildflowers,1,7.961529887583198e-5
19091,Humboldt,1256040,Switchgrass,1,7.961529887583198e-5
19115,Louisa,1204598,Corn,349708,29.031095851064002
19115,Louisa,1204598,Soybeans,306901,25.477462190705946
19115,Louisa,1204598,Grassland/Pasture,170828,14.18132854280017
19115,Louisa,1204598,Deciduous Forest,118178,9.81057581035333
19115,Louisa,1204598,Woody Wetlands,76825,6.37764631852286
19115,Louisa,1204598,Open Water,55965,4.645948274860161
19115,Louisa,1204598,Herbaceous Wetlands,50194,4.1668672868459025
19115,Louisa,1204598,Developed/Low Intensity,30567,2.5375270422165737
19115,Louisa,1204598,Developed/Open Space,19499,1.6187142930670646
19115,Louisa,1204598,Developed/Med Intensity,10234,0.8495780335016329
19115,Louisa,1204598,Alfalfa,5224,0.4336716481348964
19115,Louisa,1204598,Mixed Forest,4438,0.36842166432286955
19115,Louisa,1204598,Developed/High Intensity,1558,0.12933775417193122
19115,Louisa,1204598,Barren,1124,0.0933091371561301
19115,Louisa,1204598,Oats,852,0.07072899008631926
19115,Louisa,1204598,Dry Beans,813,0.06749139546969196
19115,Louisa,1204598,Winter Wheat,643,0.053378803551060186
19115,Louisa,1204598,Other Hay/Non Alfalfa,537,0.04457918741356037
19115,Louisa,1204598,Switchgrass,161,0.013365454699410093
19115,Louisa,1204598,Evergreen Forest,153,0.012701332726768598
19115,Louisa,1204598,Shrubland,133,0.011041027795164861
19115,Louisa,1204598,Dbl Crop WinWht/Soybeans,21,0.001743320178183925
19115,Louisa,1204598,Rye,14,0.001162213452122617
19115,Louisa,1204598,Sorghum,7,5.811067260613085e-4
19115,Louisa,1204598,Clover/Wildflowers,6,4.980914794811216e-4
19115,Louisa,1204598,Sod/Grass Seed,6,4.980914794811216e-4
19115,Louisa,1204598,Fallow/Idle Cropland,6,4.980914794811216e-4
19115,Louisa,1204598,Sweet Corn,2,1.6603049316037385e-4
19115,Louisa,1204598,Peas,1,8.301524658018692e-5
19171,Tama,2080944,Corn,734790,35.31041681083201
19171,Tama,2080944,Soybeans,659017,31.66913669949792
19171,Tama,2080944,Grassland/Pasture,342802,16.473389000376752
19171,Tama,2080944,Deciduous Forest,97686,4.6943118123313265
19171,Tama,2080944,Developed/Open Space,57712,2.7733567073405148
19171,Tama,2080944,Woody Wetlands,52390,2.5176073935675345
19171,Tama,2080944,Developed/Low Intensity,38446,1.8475268916414858
19171,Tama,2080944,Herbaceous Wetlands,35856,1.7230641478098403
19171,Tama,2080944,Alfalfa,20260,0.9735965984668496
19171,Tama,2080944,Developed/Med Intensity,11152,0.535910625177804
19171,Tama,2080944,Open Water,9895,0.47550534757302454
19171,Tama,2080944,Mixed Forest,9054,0.4350909971628261
19171,Tama,2080944,Oats,4538,0.2180741048293467
19171,Tama,2080944,Other Hay/Non Alfalfa,2309,0.11095925695261383
19171,Tama,2080944,Developed/High Intensity,2019,0.09702327405254538
19171,Tama,2080944,Barren,1059,0.05089036514197403
19171,Tama,2080944,Shrubland,651,0.0312838788549812
19171,Tama,2080944,Rye,628,0.03017861124566543
19171,Tama,2080944,Sorghum,210,0.010091573824187483
19171,Tama,2080944,Evergreen Forest,206,0.009899353370393436
19171,Tama,2080944,Winter Wheat,167,0.008025203945901475
19171,Tama,2080944,Barley,39,0.0018741494244919614
19171,Tama,2080944,Millet,22,0.00105721249586726
19171,Tama,2080944,Sod/Grass Seed,20,9.611022689702366e-4
19171,Tama,2080944,Dbl Crop WinWht/Soybeans,5,2.4027556724255916e-4
19171,Tama,2080944,Clover/Wildflowers,4,1.9222045379404731e-4
19171,Tama,2080944,Sweet Corn,2,9.611022689702366e-5
19171,Tama,2080944,Other Crops,2,9.611022689702366e-5
19171,Tama,2080944,Triticale,2,9.611022689702366e-5
19171,Tama,2080944,Switchgrass,1,4.805511344851183e-5
19135,Monroe,1252120,Grassland/Pasture,520474,41.567421652876725
19135,Monroe,1252120,Deciduous Forest,393924,31.460562885346455
19135,Monroe,1252120,Corn,122368,9.772865220585885
19135,Monroe,1252120,Soybeans,102866,8.2153467718749
19135,Monroe,1252120,Developed/Open Space,25910,2.069290483340255
19135,Monroe,1252120,Developed/Low Intensity,25811,2.0613838929176116
19135,Monroe,1252120,Alfalfa,19454,1.55368495032425
19135,Monroe,1252120,Other Hay/Non Alfalfa,11748,0.9382487301536594
19135,Monroe,1252120,Mixed Forest,6817,0.5444366354662492
19135,Monroe,1252120,Woody Wetlands,6621,0.5287831837204102
19135,Monroe,1252120,Developed/Med Intensity,5285,0.4220841452895889
19135,Monroe,1252120,Open Water,4797,0.3831102450244385
19135,Monroe,1252120,Developed/High Intensity,1468,0.1172411589943456
19135,Monroe,1252120,Herbaceous Wetlands,1167,0.09320192952752132
19135,Monroe,1252120,Evergreen Forest,995,0.07946522697505032
19135,Monroe,1252120,Oats,807,0.06445069162700061
19135,Monroe,1252120,Winter Wheat,731,0.05838098584800179
19135,Monroe,1252120,Barren,464,0.03705715107178226
19135,Monroe,1252120,Shrubland,360,0.02875123790052072
19135,Monroe,1252120,Spring Wheat,13,0.0010382391464076924
19135,Monroe,1252120,Sorghum,12,9.583745966840239e-4
19135,Monroe,1252120,Clover/Wildflowers,10,7.986454972366866e-4
19135,Monroe,1252120,Dbl Crop WinWht/Soybeans,8,6.389163977893492e-4
19135,Monroe,1252120,Rye,3,2.3959364917100598e-4
19135,Monroe,1252120,Sweet Corn,2,1.597290994473373e-4
19135,Monroe,1252120,Other Crops,2,1.597290994473373e-4
19135,Monroe,1252120,Sod/Grass Seed,2,1.597290994473373e-4
19135,Monroe,1252120,Switchgrass,1,7.986454972366865e-5
19139,Muscatine,1295142,Corn,394561,30.46469035827732
19139,Muscatine,1295142,Soybeans,339015,26.17589422627017
19139,Muscatine,1295142,Grassland/Pasture,190032,14.67267681844925
19139,Muscatine,1295142,Deciduous Forest,92658,7.154273431021463
19139,Muscatine,1295142,Woody Wetlands,77356,5.972781362970238
19139,Muscatine,1295142,Developed/Low Intensity,45828,3.5384536985133677
19139,Muscatine,1295142,Open Water,34365,2.6533770042203866
19139,Muscatine,1295142,Developed/Open Space,30288,2.338585267098125
19139,Muscatine,1295142,Developed/Med Intensity,26617,2.0551414439497755
19139,Muscatine,1295142,Herbaceous Wetlands,24224,1.8703740593695517
19139,Muscatine,1295142,Mixed Forest,16724,1.2912869785706895
19139,Muscatine,1295142,Developed/High Intensity,9232,0.7128175906580129
19139,Muscatine,1295142,Alfalfa,8992,0.6942868040724492
19139,Muscatine,1295142,Barren,1584,0.1223031914647197
19139,Muscatine,1295142,Dry Beans,1180,0.09110970071235432
19139,Muscatine,1295142,Oats,868,0.06701967815112164
19139,Muscatine,1295142,Other Hay/Non Alfalfa,747,0.057677073247566685
19139,Muscatine,1295142,Winter Wheat,298,0.023009060010408124
19139,Muscatine,1295142,Evergreen Forest,272,0.021001558130305402
19139,Muscatine,1295142,Rye,111,0.00857048879582316
19139,Muscatine,1295142,Shrubland,56,0.004323850203298171
19139,Muscatine,1295142,Switchgrass,40,0.003088464430927265
19139,Muscatine,1295142,Sorghum,39,0.0030112528201540834
19139,Muscatine,1295142,Sweet Corn,21,0.0016214438262368142
19139,Muscatine,1295142,Sod/Grass Seed,20,0.0015442322154636326
19139,Muscatine,1295142,Fallow/Idle Cropland,7,5.404812754122713e-4
19139,Muscatine,1295142,Clover/Wildflowers,6,4.632696646390898e-4
19139,Muscatine,1295142,Spring Wheat,1,7.721161077318163e-5
19117,Lucas,1252644,Grassland/Pasture,528716,42.20800163494177
19117,Lucas,1252644,Deciduous Forest,300423,23.983110923774035
19117,Lucas,1252644,Corn,142503,11.376177110176556
19117,Lucas,1252644,Soybeans,140122,11.186099163050315
19117,Lucas,1252644,Developed/Open Space,30889,2.465904119606209
19117,Lucas,1252644,Developed/Low Intensity,23929,1.9102793770616393
19117,Lucas,1252644,Alfalfa,19523,1.5585433690657522
19117,Lucas,1252644,Woody Wetlands,16715,1.3343775246598395
19117,Lucas,1252644,Other Hay/Non Alfalfa,11388,0.9091170356462012
19117,Lucas,1252644,Mixed Forest,10995,0.8777433971663138
19117,Lucas,1252644,Open Water,10681,0.852676418838872
19117,Lucas,1252644,Herbaceous Wetlands,7159,0.5715111396374389
19117,Lucas,1252644,Developed/Med Intensity,4745,0.3787987648525838
19117,Lucas,1252644,Evergreen Forest,2266,0.18089736589166594
19117,Lucas,1252644,Developed/High Intensity,831,0.06633967831243354
19117,Lucas,1252644,Oats,610,0.04869699611382004
19117,Lucas,1252644,Winter Wheat,443,0.03536519553839718
19117,Lucas,1252644,Barren,225,0.01796200676329428
19117,Lucas,1252644,Barley,176,0.014050280845954636
19117,Lucas,1252644,Shrubland,157,0.012533489163720898
19117,Lucas,1252644,Rye,112,0.008941087811062043
19117,Lucas,1252644,Other Crops,14,0.0011176359763827553
19117,Lucas,1252644,Spring Wheat,9,7.184802705317712e-4
19117,Lucas,1252644,Sorghum,5,3.99155705850984e-4
19117,Lucas,1252644,Fallow/Idle Cropland,4,3.193245646807872e-4
19117,Lucas,1252644,Clover/Wildflowers,3,2.394934235105904e-4
19117,Lucas,1252644,Sweet Corn,1,7.98311411701968e-5
19079,Hamilton,1664629,Corn,797214,47.891392015878615
19079,Hamilton,1664629,Soybeans,568031,34.123579488282374
19079,Hamilton,1664629,Grassland/Pasture,122170,7.339172872754229
19079,Hamilton,1664629,Developed/Open Space,50722,3.047045317605304
19079,Hamilton,1664629,Deciduous Forest,41208,2.4755065543133035
19079,Hamilton,1664629,Developed/Low Intensity,28132,1.6899861771001228
19079,Hamilton,1664629,Developed/Med Intensity,15560,0.9347428165675356
19079,Hamilton,1664629,Woody Wetlands,14782,0.8880056757391588
19079,Hamilton,1664629,Herbaceous Wetlands,6450,0.3874737253766455
19079,Hamilton,1664629,Open Water,5793,0.348005471489443
19079,Hamilton,1664629,Alfalfa,5306,0.3187497033873614
19079,Hamilton,1664629,Developed/High Intensity,2894,0.17385255213023443
19079,Hamilton,1664629,Other Hay/Non Alfalfa,1788,0.10741132108115381
19079,Hamilton,1664629,Oats,1722,0.10344647365869512
19079,Hamilton,1664629,Barren,1402,0.08422297100434992
19079,Hamilton,1664629,Mixed Forest,1121,0.06734233273600304
19079,Hamilton,1664629,Shrubland,144,0.00865057619445534
19079,Hamilton,1664629,Evergreen Forest,49,0.002943598843946609
19079,Hamilton,1664629,Sweet Corn,29,0.001742129928050034
19079,Hamilton,1664629,Rye,29,0.001742129928050034
19079,Hamilton,1664629,Barley,18,0.0010813220243069176
19079,Hamilton,1664629,Sorghum,15,9.011016869224313e-4
19079,Hamilton,1664629,Winter Wheat,15,9.011016869224313e-4
19079,Hamilton,1664629,Sod/Grass Seed,14,8.410282411276027e-4
19079,Hamilton,1664629,Peas,10,6.007344579482876e-4
19079,Hamilton,1664629,Dbl Crop WinWht/Sorghum,4,2.4029378317931503e-4
19079,Hamilton,1664629,Clover/Wildflowers,3,1.8022033738448627e-4
19079,Hamilton,1664629,Millet,2,1.2014689158965752e-4
19079,Hamilton,1664629,Other Crops,2,1.2014689158965752e-4
19069,Franklin,1679022,Corn,843260,50.223284745524474
19069,Franklin,1679022,Soybeans,534620,31.84115514865201
19069,Franklin,1679022,Grassland/Pasture,142159,8.466774110166513
19069,Franklin,1679022,Developed/Open Space,45084,2.6851345604762775
19069,Franklin,1679022,Developed/Low Intensity,31884,1.898962610376755
19069,Franklin,1679022,Woody Wetlands,20401,1.2150525722712389
19069,Franklin,1679022,Deciduous Forest,18386,1.0950422329189253
19069,Franklin,1679022,Developed/Med Intensity,11477,0.6835526872191073
19069,Franklin,1679022,Herbaceous Wetlands,11391,0.6784306578472468
19069,Franklin,1679022,Alfalfa,6589,0.3924308317580115
19069,Franklin,1679022,Oats,3649,0.21732889741766337
19069,Franklin,1679022,Open Water,3446,0.20523852576082982
19069,Franklin,1679022,Developed/High Intensity,2416,0.14389329026063982
19069,Franklin,1679022,Barren,1922,0.11447140061297588
19069,Franklin,1679022,Mixed Forest,940,0.05598497220405689
19069,Franklin,1679022,Other Hay/Non Alfalfa,899,0.05354307448026291
19069,Franklin,1679022,Peas,156,0.009291123046630718
19069,Franklin,1679022,Rye,149,0.008874213679153697
19069,Franklin,1679022,Sod/Grass Seed,55,0.003275716458748009
19069,Franklin,1679022,Shrubland,52,0.003097041015543572
19069,Franklin,1679022,Evergreen Forest,40,0.002382339242725825
19069,Franklin,1679022,Other Crops,16,9.529356970903299e-4
19069,Franklin,1679022,Barley,11,6.551432917496019e-4
19069,Franklin,1679022,Sweet Corn,6,3.5735088640887375e-4
19069,Franklin,1679022,Winter Wheat,4,2.3823392427258248e-4
19069,Franklin,1679022,Clover/Wildflowers,4,2.3823392427258248e-4
19069,Franklin,1679022,Sorghum,3,1.7867544320443687e-4
19069,Franklin,1679022,Millet,3,1.7867544320443687e-4
19017,Bremer,1266837,Corn,536289,42.33291260043715
19017,Bremer,1266837,Soybeans,308187,24.327281252442106
19017,Bremer,1266837,Grassland/Pasture,180342,14.235612000596761
19017,Bremer,1266837,Woody Wetlands,67222,5.306286444112384
19017,Bremer,1266837,Deciduous Forest,42424,3.3488128306956617
19017,Bremer,1266837,Developed/Low Intensity,38851,3.066771810422335
19017,Bremer,1266837,Developed/Open Space,33374,2.6344352114755094
19017,Bremer,1266837,Developed/Med Intensity,16201,1.2788543435343298
19017,Bremer,1266837,Alfalfa,12814,1.0114955594129316
19017,Bremer,1266837,Herbaceous Wetlands,12352,0.9750267792936265
19017,Bremer,1266837,Open Water,9371,0.7397163170952538
19017,Bremer,1266837,Developed/High Intensity,3058,0.24138859221825695
19017,Bremer,1266837,Mixed Forest,1923,0.15179537699009424
19017,Bremer,1266837,Oats,1878,0.1482432230823697
19017,Bremer,1266837,Barren,1321,0.10427545138009073
19017,Bremer,1266837,Other Hay/Non Alfalfa,744,0.05872894460771196
19017,Bremer,1266837,Evergreen Forest,299,0.02360208929799177
19017,Bremer,1266837,Barley,68,0.005367699238339265
19017,Bremer,1266837,Rye,66,0.0052098257313292875
19017,Bremer,1266837,Shrubland,24,0.001894482084119741
19017,Bremer,1266837,Switchgrass,11,8.683042885548812e-4
19017,Bremer,1266837,Clover/Wildflowers,10,7.89367535049892e-4
19017,Bremer,1266837,Winter Wheat,7,5.525572745349244e-4
19017,Bremer,1266837,Triticale,1,7.89367535049892e-5
19141,O'Brien,1652020,Corn,761100,46.070870812702026
19141,O'Brien,1652020,Soybeans,632898,38.31055314100313
19141,O'Brien,1652020,Grassland/Pasture,98872,5.984915436859118
19141,O'Brien,1652020,Developed/Open Space,55506,3.359886684180579
19141,O'Brien,1652020,Herbaceous Wetlands,26067,1.5778864662655416
19141,O'Brien,1652020,Developed/Low Intensity,18505,1.12014382392465
19141,O'Brien,1652020,Developed/Med Intensity,16032,0.9704482996573891
19141,O'Brien,1652020,Mixed Forest,13187,0.7982348881974793
19141,O'Brien,1652020,Deciduous Forest,7662,0.46379583782278666
19141,O'Brien,1652020,Alfalfa,4906,0.2969697703417634
19141,O'Brien,1652020,Developed/High Intensity,4611,0.2791128436701735
19141,O'Brien,1652020,Open Water,2907,0.17596639265868452
19141,O'Brien,1652020,Oats,2515,0.15223786636965653
19141,O'Brien,1652020,Barren,2414,0.1461241389329427
19141,O'Brien,1652020,Other Hay/Non Alfalfa,2244,0.13583370661372138
19141,O'Brien,1652020,Woody Wetlands,1069,0.06470865970145641
19141,O'Brien,1652020,Triticale,650,0.0393457706323168
19141,O'Brien,1652020,Evergreen Forest,357,0.021609907870364767
19141,O'Brien,1652020,Sorghum,268,0.01622256389147831
19141,O'Brien,1652020,Shrubland,215,0.01301437028607402
19141,O'Brien,1652020,Apples,17,0.0010290432319221318
19141,O'Brien,1652020,Rye,8,4.842556385515914e-4
19141,O'Brien,1652020,Fallow/Idle Cropland,7,4.237236837326425e-4
19141,O'Brien,1652020,Pop or Orn Corn,3,1.8159586445684676e-4
19077,Guthrie,1709441,Corn,476261,27.860628123462583
19077,Guthrie,1709441,Grassland/Pasture,462283,27.042933918163893
19077,Guthrie,1709441,Soybeans,429965,25.152374372675045
19077,Guthrie,1709441,Deciduous Forest,173787,10.166305827460556
19077,Guthrie,1709441,Developed/Open Space,53430,3.1255831584711027
19077,Guthrie,1709441,Developed/Low Intensity,23968,1.4020957728286616
19077,Guthrie,1709441,Alfalfa,21809,1.2757971758019142
19077,Guthrie,1709441,Woody Wetlands,15058,0.880872753139769
19077,Guthrie,1709441,Open Water,13101,0.7663908845055196
19077,Guthrie,1709441,Other Hay/Non Alfalfa,10077,0.5894909505505016
19077,Guthrie,1709441,Mixed Forest,9034,0.5284768529595347
19077,Guthrie,1709441,Developed/Med Intensity,7254,0.4243492463325731
19077,Guthrie,1709441,Herbaceous Wetlands,5766,0.33730324708486575
19077,Guthrie,1709441,Oats,2925,0.1711085670695859
19077,Guthrie,1709441,Developed/High Intensity,1337,0.07821270228103808
19077,Guthrie,1709441,Barren,980,0.05732868230023733
19077,Guthrie,1709441,Winter Wheat,857,0.05013334768500346
19077,Guthrie,1709441,Rye,850,0.04972385709714462
19077,Guthrie,1709441,Evergreen Forest,345,0.020182036115899877
19077,Guthrie,1709441,Shrubland,194,0.011348739149230656
19077,Guthrie,1709441,Barley,53,0.0031004287366454882
19077,Guthrie,1709441,Clover/Wildflowers,29,0.0016964610068437576
19077,Guthrie,1709441,Pop or Orn Corn,16,9.35978486534487e-4
19077,Guthrie,1709441,Sod/Grass Seed,15,8.774798311260816e-4
19077,Guthrie,1709441,Dbl Crop WinWht/Sorghum,14,8.189811757176761e-4
19077,Guthrie,1709441,Sorghum,9,5.264878986756489e-4
19077,Guthrie,1709441,Millet,8,4.679892432672435e-4
19077,Guthrie,1709441,Sweet Corn,7,4.0949058785883804e-4
19077,Guthrie,1709441,Dbl Crop WinWht/Soybeans,3,1.754959662252163e-4
19077,Guthrie,1709441,Peas,3,1.754959662252163e-4
19077,Guthrie,1709441,Switchgrass,2,1.1699731081681088e-4
19077,Guthrie,1709441,Other Crops,1,5.849865540840544e-5
19183,Washington,1645661,Corn,505909,30.741993642676103
19183,Washington,1645661,Soybeans,422720,25.686942815075525
19183,Washington,1645661,Grassland/Pasture,372935,22.661714654476224
19183,Washington,1645661,Deciduous Forest,148199,9.00543915180587
19183,Washington,1645661,Developed/Low Intensity,46998,2.855873718827875
19183,Washington,1645661,Woody Wetlands,41713,2.534726167783037
19183,Washington,1645661,Developed/Open Space,30554,1.8566399762770098
19183,Washington,1645661,Alfalfa,19288,1.172051838136773
19183,Washington,1645661,Developed/Med Intensity,19248,1.1696212038809937
19183,Washington,1645661,Herbaceous Wetlands,11951,0.7262127497704569
19183,Washington,1645661,Open Water,9312,0.5658516547454184
19183,Washington,1645661,Mixed Forest,4403,0.2675520657049052
19183,Washington,1645661,Developed/High Intensity,3162,0.19214163791935276
19183,Washington,1645661,Oats,3115,0.18928564266881212
19183,Washington,1645661,Other Hay/Non Alfalfa,2640,0.16042186088143304
19183,Washington,1645661,Barren,1782,0.10828475609496731
19183,Washington,1645661,Winter Wheat,835,0.05073949008939265
19183,Washington,1645661,Shrubland,307,0.01865511791310604
19183,Washington,1645661,Evergreen Forest,272,0.016528312939299163
19183,Washington,1645661,Rye,137,0.0083249223260440635
19183,Washington,1645661,Sorghum,40,0.0024306342557792885
19183,Washington,1645661,Clover/Wildflowers,40,0.0024306342557792885
19183,Washington,1645661,Dbl Crop WinWht/Soybeans,29,0.0017622098354399842
19183,Washington,1645661,Switchgrass,24,0.0014583805534675732
19183,Washington,1645661,Peas,22,0.0013368488406786088
19183,Washington,1645661,Sweet Corn,10,6.076585639448221e-4
19183,Washington,1645661,Other Crops,5,3.0382928197241106e-4
19183,Washington,1645661,Barley,3,1.8229756918344665e-4
19183,Washington,1645661,Sod/Grass Seed,3,1.8229756918344665e-4
19183,Washington,1645661,Fallow/Idle Cropland,3,1.8229756918344665e-4
19183,Washington,1645661,Spring Wheat,1,6.0765856394482224e-5
19183,Washington,1645661,Dry Beans,1,6.0765856394482224e-5
19167,Sioux,2216916,Corn,1088523,49.10077783731995
19167,Sioux,2216916,Soybeans,737578,33.2704531881226
19167,Sioux,2216916,Grassland/Pasture,118103,5.327355659844577
19167,Sioux,2216916,Developed/Open Space,80163,3.6159692112827004
19167,Sioux,2216916,Herbaceous Wetlands,46142,2.0813598711002133
19167,Sioux,2216916,Developed/Low Intensity,32731,1.4764203966230567
19167,Sioux,2216916,Developed/Med Intensity,29240,1.3189493873471074
19167,Sioux,2216916,Alfalfa,23630,1.06589514442586
19167,Sioux,2216916,Deciduous Forest,17807,0.8032329596610788
19167,Sioux,2216916,Open Water,12765,0.5757998949892553
19167,Sioux,2216916,Developed/High Intensity,8271,0.37308585440314385
19167,Sioux,2216916,Barren,8043,0.3628012969368257
19167,Sioux,2216916,Woody Wetlands,3888,0.17537876942563452
19167,Sioux,2216916,Mixed Forest,3247,0.14646472847866135
19167,Sioux,2216916,Sorghum,3011,0.13581930934685843
19167,Sioux,2216916,Oats,1605,0.07239787163789697
19167,Sioux,2216916,Other Hay/Non Alfalfa,1420,0.06405294562355994
19167,Sioux,2216916,Rye,478,0.021561484512719473
19167,Sioux,2216916,Shrubland,118,0.0053227095659014595
19167,Sioux,2216916,Fallow/Idle Cropland,88,0.003969478320333292
19167,Sioux,2216916,Switchgrass,41,0.0018494160356098293
19167,Sioux,2216916,Evergreen Forest,14,6.315079145984782e-4
19167,Sioux,2216916,Triticale,5,2.2553854092802794e-4
19167,Sioux,2216916,Pop or Orn Corn,3,1.3532312455681676e-4
19167,Sioux,2216916,Winter Wheat,1,4.510770818560559e-5
19167,Sioux,2216916,Dry Beans,1,4.510770818560559e-5
19005,Allamakee,1899107,Deciduous Forest,616771,32.47689571993574
19005,Allamakee,1899107,Grassland/Pasture,539403,28.402980980007975
19005,Allamakee,1899107,Corn,309416,16.292710205375474
19005,Allamakee,1899107,Soybeans,130148,6.853115701221679
19005,Allamakee,1899107,Open Water,74920,3.94501205040053
19005,Allamakee,1899107,Woody Wetlands,42118,2.2177791983284774
19005,Allamakee,1899107,Developed/Low Intensity,42091,2.2163574774881036
19005,Allamakee,1899107,Alfalfa,39565,2.0833475944220097
19005,Allamakee,1899107,Developed/Open Space,35537,1.871247907569189
19005,Allamakee,1899107,Herbaceous Wetlands,25361,1.3354171197304838
19005,Allamakee,1899107,Mixed Forest,15128,0.796584921228767
19005,Allamakee,1899107,Developed/Med Intensity,9301,0.48975650134510595
19005,Allamakee,1899107,Evergreen Forest,7794,0.4104034159212725
19005,Allamakee,1899107,Oats,4289,0.22584298830976876
19005,Allamakee,1899107,Other Hay/Non Alfalfa,2288,0.12047767713983468
19005,Allamakee,1899107,Developed/High Intensity,1844,0.09709826776479683
19005,Allamakee,1899107,Barren,1717,0.09041091418229726
19005,Allamakee,1899107,Shrubland,362,0.01906159052649482
19005,Allamakee,1899107,Spring Wheat,342,0.018008463978069694
19005,Allamakee,1899107,Rye,259,0.01363798880210541
19005,Allamakee,1899107,Barley,204,0.010741890793936308
19005,Allamakee,1899107,Winter Wheat,78,0.004107193538858
19005,Allamakee,1899107,Other Crops,63,0.003317348627539154
19005,Allamakee,1899107,Sorghum,48,0.002527503716220308
19005,Allamakee,1899107,Clover/Wildflowers,46,0.002422191061377795
19005,Allamakee,1899107,Switchgrass,6,3.159379645275385e-4
19005,Allamakee,1899107,Triticale,4,2.1062530968502565e-4
19005,Allamakee,1899107,Pumpkins,2,1.0531265484251283e-4
19005,Allamakee,1899107,Sweet Corn,1,5.2656327421256413e-05
19005,Allamakee,1899107,Dbl Crop WinWht/Soybeans,1,5.2656327421256413e-05
19189,Winnebago,1158229,Corn,537544,46.4108565749951
19189,Winnebago,1158229,Soybeans,374397,32.32495473693026
19189,Winnebago,1158229,Grassland/Pasture,115125,9.939744212931984
19189,Winnebago,1158229,Developed/Open Space,35431,3.059066903004501
19189,Winnebago,1158229,Herbaceous Wetlands,35384,3.055008983542978
19189,Winnebago,1158229,Developed/Low Intensity,19158,1.654077043486219
19189,Winnebago,1158229,Deciduous Forest,13451,1.1613420144030238
19189,Winnebago,1158229,Developed/Med Intensity,8040,0.6941632440562272
19189,Winnebago,1158229,Alfalfa,5199,0.4488749634139708
19189,Winnebago,1158229,Open Water,4410,0.38075371968755745
19189,Winnebago,1158229,Woody Wetlands,4159,0.3590827029887872
19189,Winnebago,1158229,Developed/High Intensity,1825,0.1575681493038078
19189,Winnebago,1158229,Oats,1358,0.11724797082442247
19189,Winnebago,1158229,Barren,1062,0.09169171208802404
19189,Winnebago,1158229,Other Hay/Non Alfalfa,772,0.06665348562330939
19189,Winnebago,1158229,Mixed Forest,416,0.03591690417007345
19189,Winnebago,1158229,Rye,219,0.018908177916456936
19189,Winnebago,1158229,Other Crops,91,0.007856822787203566
19189,Winnebago,1158229,Sod/Grass Seed,69,0.005957371124363144
19189,Winnebago,1158229,Shrubland,45,0.0038852420376281373
19189,Winnebago,1158229,Evergreen Forest,28,0.0024174839345241744
19189,Winnebago,1158229,Winter Wheat,17,0.001467758103103963
19189,Winnebago,1158229,Peas,8,6.907096955783356e-4
19189,Winnebago,1158229,Sweet Corn,7,6.043709836310436e-4
19189,Winnebago,1158229,Millet,7,6.043709836310436e-4
19189,Winnebago,1158229,Sorghum,3,2.590161358418758e-4
19189,Winnebago,1158229,Clover/Wildflowers,3,2.590161358418758e-4
19189,Winnebago,1158229,Dbl Crop WinWht/Soybeans,1,8.633871194729195e-5
19093,Ida,1245825,Corn,572630,45.96391949110028
19093,Ida,1245825,Soybeans,445590,35.76666064655951
19093,Ida,1245825,Grassland/Pasture,124068,9.958702064896755
19093,Ida,1245825,Developed/Open Space,40006,3.2112054261232514
19093,Ida,1245825,Alfalfa,15237,1.2230449702004695
19093,Ida,1245825,Developed/Low Intensity,13146,1.0552043826380109
19093,Ida,1245825,Herbaceous Wetlands,8043,0.6455962916139907
19093,Ida,1245825,Developed/Med Intensity,7632,0.6126061043886581
19093,Ida,1245825,Deciduous Forest,6766,0.5430939337386872
19093,Ida,1245825,Open Water,3153,0.25308530491842757
19093,Ida,1245825,Other Hay/Non Alfalfa,2406,0.19312503762566974
19093,Ida,1245825,Developed/High Intensity,2229,0.17891758473300826
19093,Ida,1245825,Oats,1240,0.09953243834406919
19093,Ida,1245825,Woody Wetlands,957,0.07681656733489857
19093,Ida,1245825,Barren,924,0.0741677201854193
19093,Ida,1245825,Sorghum,845,0.06782654064575683
19093,Ida,1245825,Mixed Forest,302,0.024240964822507174
19093,Ida,1245825,Pop or Orn Corn,182,0.014608793369855317
19093,Ida,1245825,Barley,159,0.01276262717476371
19093,Ida,1245825,Evergreen Forest,159,0.01276262717476371
19093,Ida,1245825,Shrubland,72,0.0057793028715911144
19093,Ida,1245825,Rye,29,0.002327774767724199
19093,Ida,1245825,Winter Wheat,22,0.0017658980996528404
19093,Ida,1245825,Sod/Grass Seed,9,7.224128589488893e-4
19093,Ida,1245825,Dry Beans,7,5.618766680713583e-4
19093,Ida,1245825,Sweet Corn,5,4.0134047719382734e-4
19093,Ida,1245825,Fallow/Idle Cropland,5,4.0134047719382734e-4
19093,Ida,1245825,Other Crops,1,8.026809543876548e-5
19093,Ida,1245825,Switchgrass,1,8.026809543876548e-5
19029,Cass,1628307,Corn,594401,36.50423415240492
19029,Cass,1628307,Soybeans,533909,32.78920989715085
19029,Cass,1628307,Grassland/Pasture,328614,20.181329442175215
19029,Cass,1628307,Developed/Low Intensity,43971,2.700412145866842
19029,Cass,1628307,Deciduous Forest,35429,2.1758181964457566
19029,Cass,1628307,Developed/Open Space,31595,1.940358912662047
19029,Cass,1628307,Alfalfa,18052,1.108636147851726
19029,Cass,1628307,Developed/Med Intensity,12144,0.7458053057562241
19029,Cass,1628307,Woody Wetlands,9589,0.5888938633807999
19029,Cass,1628307,Open Water,7492,0.46010979502022653
19029,Cass,1628307,Other Hay/Non Alfalfa,4176,0.2564626940742747
19029,Cass,1628307,Herbaceous Wetlands,2679,0.16452671394276386
19029,Cass,1628307,Developed/High Intensity,2130,0.13081071321317173
19029,Cass,1628307,Mixed Forest,1307,0.08026741885897438
19029,Cass,1628307,Oats,859,0.05275417964794108
19029,Cass,1628307,Barren,538,0.03304045244539267
19029,Cass,1628307,Rye,501,0.030768153671267152
19029,Cass,1628307,Sorghum,374,0.022968641662782265
19029,Cass,1628307,Evergreen Forest,348,0.021371891172856226
19029,Cass,1628307,Shrubland,119,0.00730820416543072
19029,Cass,1628307,Winter Wheat,32,0.001965231372216664
19029,Cass,1628307,Pop or Orn Corn,26,0.0015967504899260395
19029,Cass,1628307,Sweet Corn,9,5.527213234359368e-4
19029,Cass,1628307,Clover/Wildflowers,8,4.91307843054166e-4
19029,Cass,1628307,Dbl Crop WinWht/Sorghum,3,1.8424044114531227e-4
19029,Cass,1628307,Peas,1,6.141348038177076e-5
19029,Cass,1628307,Apples,1,6.141348038177076e-5
